ISO-10303-21;
HEADER;
FILE_DESCRIPTION(('KiCad electronic assembly'),'2;1');
FILE_NAME('efficientkeyboard.step','2026-09-28T18:22:19',('Pcbnew'),(
    'Kicad'),'Open CASCADE STEP processor 7.9','KiCad to STEP converter'
  ,'Unknown');
FILE_SCHEMA(('AUTOMOTIVE_DESIGN { 1 0 10303 214 1 1 1 1 }'));
ENDSEC;
DATA;
#1 = APPLICATION_PROTOCOL_DEFINITION('international standard',
  'automotive_design',2000,#2);
#2 = APPLICATION_CONTEXT(
  'core data for automotive mechanical design processes');
#3 = SHAPE_DEFINITION_REPRESENTATION(#4,#10);
#4 = PRODUCT_DEFINITION_SHAPE('','',#5);
#5 = PRODUCT_DEFINITION('design','',#6,#9);
#6 = PRODUCT_DEFINITION_FORMATION('','',#7);
#7 = PRODUCT('efficientkeyboard 1','efficientkeyboard 1','',(#8));
#8 = PRODUCT_CONTEXT('',#2,'mechanical');
#9 = PRODUCT_DEFINITION_CONTEXT('part definition',#2,'design');
#10 = SHAPE_REPRESENTATION('',(#11,#15,#19,#23,#27,#31,#35,#39,#43,#47,
    #51,#55,#59,#63,#67,#71,#75,#79),#83);
#11 = AXIS2_PLACEMENT_3D('',#12,#13,#14);
#12 = CARTESIAN_POINT('',(0.,0.,0.));
#13 = DIRECTION('',(0.,0.,1.));
#14 = DIRECTION('',(1.,0.,-0.));
#15 = AXIS2_PLACEMENT_3D('',#16,#17,#18);
#16 = CARTESIAN_POINT('',(99.59,-105.,1.595));
#17 = DIRECTION('',(0.,0.,1.));
#18 = DIRECTION('',(1.,0.,0.));
#19 = AXIS2_PLACEMENT_3D('',#20,#21,#22);
#20 = CARTESIAN_POINT('',(119.98,-154.4,1.595));
#21 = DIRECTION('',(0.,0.,1.));
#22 = DIRECTION('',(1.,0.,0.));
#23 = AXIS2_PLACEMENT_3D('',#24,#25,#26);
#24 = CARTESIAN_POINT('',(139.78,-105.,1.595));
#25 = DIRECTION('',(0.,0.,1.));
#26 = DIRECTION('',(1.,0.,0.));
#27 = AXIS2_PLACEMENT_3D('',#28,#29,#30);
#28 = CARTESIAN_POINT('',(159.78,-154.2,1.595));
#29 = DIRECTION('',(0.,0.,1.));
#30 = DIRECTION('',(1.,0.,0.));
#31 = AXIS2_PLACEMENT_3D('',#32,#33,#34);
#32 = CARTESIAN_POINT('',(99.38,-154.2,1.595));
#33 = DIRECTION('',(0.,0.,1.));
#34 = DIRECTION('',(1.,0.,0.));
#35 = AXIS2_PLACEMENT_3D('',#36,#37,#38);
#36 = CARTESIAN_POINT('',(159.98,-129.8,1.595));
#37 = DIRECTION('',(0.,0.,1.));
#38 = DIRECTION('',(1.,0.,0.));
#39 = AXIS2_PLACEMENT_3D('',#40,#41,#42);
#40 = CARTESIAN_POINT('',(99.18,-129.8,1.595));
#41 = DIRECTION('',(0.,0.,1.));
#42 = DIRECTION('',(1.,0.,0.));
#43 = AXIS2_PLACEMENT_3D('',#44,#45,#46);
#44 = CARTESIAN_POINT('',(99.37,-80.6,1.595));
#45 = DIRECTION('',(0.,0.,1.));
#46 = DIRECTION('',(1.,0.,0.));
#47 = AXIS2_PLACEMENT_3D('',#48,#49,#50);
#48 = CARTESIAN_POINT('',(139.78,-80.4,1.595));
#49 = DIRECTION('',(0.,0.,1.));
#50 = DIRECTION('',(1.,0.,0.));
#51 = AXIS2_PLACEMENT_3D('',#52,#53,#54);
#52 = CARTESIAN_POINT('',(159.98,-80.6,1.595));
#53 = DIRECTION('',(0.,0.,1.));
#54 = DIRECTION('',(1.,0.,0.));
#55 = AXIS2_PLACEMENT_3D('',#56,#57,#58);
#56 = CARTESIAN_POINT('',(119.58,-129.8,1.595));
#57 = DIRECTION('',(0.,0.,1.));
#58 = DIRECTION('',(1.,0.,0.));
#59 = AXIS2_PLACEMENT_3D('',#60,#61,#62);
#60 = CARTESIAN_POINT('',(119.98,-80.6,1.595));
#61 = DIRECTION('',(0.,0.,1.));
#62 = DIRECTION('',(1.,0.,0.));
#63 = AXIS2_PLACEMENT_3D('',#64,#65,#66);
#64 = CARTESIAN_POINT('',(138.97,-129.8,1.595));
#65 = DIRECTION('',(0.,0.,1.));
#66 = DIRECTION('',(1.,0.,0.));
#67 = AXIS2_PLACEMENT_3D('',#68,#69,#70);
#68 = CARTESIAN_POINT('',(119.98,-105.,1.595));
#69 = DIRECTION('',(0.,0.,1.));
#70 = DIRECTION('',(1.,0.,0.));
#71 = AXIS2_PLACEMENT_3D('',#72,#73,#74);
#72 = CARTESIAN_POINT('',(159.38,-105.2,1.595));
#73 = DIRECTION('',(0.,0.,1.));
#74 = DIRECTION('',(1.,0.,0.));
#75 = AXIS2_PLACEMENT_3D('',#76,#77,#78);
#76 = CARTESIAN_POINT('',(139.78,-154.4,1.595));
#77 = DIRECTION('',(0.,0.,1.));
#78 = DIRECTION('',(1.,0.,0.));
#79 = AXIS2_PLACEMENT_3D('',#80,#81,#82);
#80 = CARTESIAN_POINT('',(0.,0.,0.));
#81 = DIRECTION('',(0.,0.,1.));
#82 = DIRECTION('',(1.,0.,-0.));
#83 = ( GEOMETRIC_REPRESENTATION_CONTEXT(3) 
GLOBAL_UNCERTAINTY_ASSIGNED_CONTEXT((#87)) GLOBAL_UNIT_ASSIGNED_CONTEXT(
(#84,#85,#86)) REPRESENTATION_CONTEXT('Context #1',
  '3D Context with UNIT and UNCERTAINTY') );
#84 = ( LENGTH_UNIT() NAMED_UNIT(*) SI_UNIT(.MILLI.,.METRE.) );
#85 = ( NAMED_UNIT(*) PLANE_ANGLE_UNIT() SI_UNIT($,.RADIAN.) );
#86 = ( NAMED_UNIT(*) SI_UNIT($,.STERADIAN.) SOLID_ANGLE_UNIT() );
#87 = UNCERTAINTY_MEASURE_WITH_UNIT(LENGTH_MEASURE(1.E-07),#84,
  'distance_accuracy_value','confusion accuracy');
#88 = PRODUCT_RELATED_PRODUCT_CATEGORY('part',$,(#7));
#89 = SHAPE_DEFINITION_REPRESENTATION(#90,#96);
#90 = PRODUCT_DEFINITION_SHAPE('','',#91);
#91 = PRODUCT_DEFINITION('design','',#92,#95);
#92 = PRODUCT_DEFINITION_FORMATION('','',#93);
#93 = PRODUCT('D_DO-35_SOD27_P7.62mm_Horizontal',
  'D_DO-35_SOD27_P7.62mm_Horizontal','',(#94));
#94 = PRODUCT_CONTEXT('',#2,'mechanical');
#95 = PRODUCT_DEFINITION_CONTEXT('part definition',#2,'design');
#96 = SHAPE_REPRESENTATION('',(#11,#97),#101);
#97 = AXIS2_PLACEMENT_3D('',#98,#99,#100);
#98 = CARTESIAN_POINT('',(0.,0.,0.));
#99 = DIRECTION('',(0.,0.,1.));
#100 = DIRECTION('',(1.,0.,-0.));
#101 = ( GEOMETRIC_REPRESENTATION_CONTEXT(3) 
GLOBAL_UNCERTAINTY_ASSIGNED_CONTEXT((#105)) GLOBAL_UNIT_ASSIGNED_CONTEXT
((#102,#103,#104)) REPRESENTATION_CONTEXT('Context #1',
  '3D Context with UNIT and UNCERTAINTY') );
#102 = ( LENGTH_UNIT() NAMED_UNIT(*) SI_UNIT(.MILLI.,.METRE.) );
#103 = ( NAMED_UNIT(*) PLANE_ANGLE_UNIT() SI_UNIT($,.RADIAN.) );
#104 = ( NAMED_UNIT(*) SI_UNIT($,.STERADIAN.) SOLID_ANGLE_UNIT() );
#105 = UNCERTAINTY_MEASURE_WITH_UNIT(LENGTH_MEASURE(1.E-07),#102,
  'distance_accuracy_value','confusion accuracy');
#106 = CONTEXT_DEPENDENT_SHAPE_REPRESENTATION(#107,#109);
#107 = ( REPRESENTATION_RELATIONSHIP('','',#96,#10) 
REPRESENTATION_RELATIONSHIP_WITH_TRANSFORMATION(#108) 
SHAPE_REPRESENTATION_RELATIONSHIP() );
#108 = ITEM_DEFINED_TRANSFORMATION('','',#11,#15);
#109 = PRODUCT_DEFINITION_SHAPE('Placement','Placement of an item',#110
  );
#110 = NEXT_ASSEMBLY_USAGE_OCCURRENCE('2','D5','',#5,#91,$);
#111 = PRODUCT_RELATED_PRODUCT_CATEGORY('part',$,(#93));
#112 = SHAPE_DEFINITION_REPRESENTATION(#113,#119);
#113 = PRODUCT_DEFINITION_SHAPE('','',#114);
#114 = PRODUCT_DEFINITION('design','',#115,#118);
#115 = PRODUCT_DEFINITION_FORMATION('','',#116);
#116 = PRODUCT('D_DO-35_SOD27_P7.62mm_Horizontal',
  'D_DO-35_SOD27_P7.62mm_Horizontal','',(#117));
#117 = PRODUCT_CONTEXT('',#2,'mechanical');
#118 = PRODUCT_DEFINITION_CONTEXT('part definition',#2,'design');
#119 = SHAPE_REPRESENTATION('',(#11,#120,#275),#470);
#120 = MANIFOLD_SOLID_BREP('',#121);
#121 = CLOSED_SHELL('',(#122,#155,#181,#206,#232,#257,#266));
#122 = ADVANCED_FACE('',(#123),#150,.T.);
#123 = FACE_BOUND('',#124,.T.);
#124 = EDGE_LOOP('',(#125,#135,#142,#143));
#125 = ORIENTED_EDGE('',*,*,#126,.T.);
#126 = EDGE_CURVE('',#127,#129,#131,.T.);
#127 = VERTEX_POINT('',#128);
#128 = CARTESIAN_POINT('',(0.25,0.,-2.5));
#129 = VERTEX_POINT('',#130);
#130 = CARTESIAN_POINT('',(0.25,1.E-15,1.));
#131 = LINE('',#132,#133);
#132 = CARTESIAN_POINT('',(0.25,6.7E-16,1.));
#133 = VECTOR('',#134,1.);
#134 = DIRECTION('',(0.,2.2E-16,1.));
#135 = ORIENTED_EDGE('',*,*,#136,.F.);
#136 = EDGE_CURVE('',#129,#129,#137,.T.);
#137 = CIRCLE('',#138,0.25);
#138 = AXIS2_PLACEMENT_3D('',#139,#140,#141);
#139 = CARTESIAN_POINT('',(0.,6.7E-16,1.));
#140 = DIRECTION('',(-0.,2.2E-16,1.));
#141 = DIRECTION('',(1.,0.,0.));
#142 = ORIENTED_EDGE('',*,*,#126,.F.);
#143 = ORIENTED_EDGE('',*,*,#144,.T.);
#144 = EDGE_CURVE('',#127,#127,#145,.T.);
#145 = CIRCLE('',#146,0.25);
#146 = AXIS2_PLACEMENT_3D('',#147,#148,#149);
#147 = CARTESIAN_POINT('',(0.,-1.1E-16,-2.5));
#148 = DIRECTION('',(-0.,2.2E-16,1.));
#149 = DIRECTION('',(1.,0.,0.));
#150 = CYLINDRICAL_SURFACE('',#151,0.25);
#151 = AXIS2_PLACEMENT_3D('',#152,#153,#154);
#152 = CARTESIAN_POINT('',(0.,6.7E-16,1.));
#153 = DIRECTION('',(0.,2.2E-16,1.));
#154 = DIRECTION('',(1.,0.,-0.));
#155 = ADVANCED_FACE('',(#156),#176,.T.);
#156 = FACE_BOUND('',#157,.T.);
#157 = EDGE_LOOP('',(#158,#167,#174,#175));
#158 = ORIENTED_EDGE('',*,*,#159,.T.);
#159 = EDGE_CURVE('',#129,#160,#162,.T.);
#160 = VERTEX_POINT('',#161);
#161 = CARTESIAN_POINT('',(0.5,1.E-15,1.25));
#162 = CIRCLE('',#163,0.25);
#163 = AXIS2_PLACEMENT_3D('',#164,#165,#166);
#164 = CARTESIAN_POINT('',(0.5,7.6E-16,1.));
#165 = DIRECTION('',(0.,1.,-2.2E-16));
#166 = DIRECTION('',(1.,0.,0.));
#167 = ORIENTED_EDGE('',*,*,#168,.T.);
#168 = EDGE_CURVE('',#160,#160,#169,.T.);
#169 = CIRCLE('',#170,0.25);
#170 = AXIS2_PLACEMENT_3D('',#171,#172,#173);
#171 = CARTESIAN_POINT('',(0.5,7.8E-16,1.5));
#172 = DIRECTION('',(-1.,0.,-1.8E-16));
#173 = DIRECTION('',(-1.8E-16,2.2E-16,1.));
#174 = ORIENTED_EDGE('',*,*,#159,.F.);
#175 = ORIENTED_EDGE('',*,*,#136,.T.);
#176 = TOROIDAL_SURFACE('',#177,0.5,0.25);
#177 = AXIS2_PLACEMENT_3D('',#178,#179,#180);
#178 = CARTESIAN_POINT('',(0.5,6.7E-16,1.));
#179 = DIRECTION('',(0.,1.,-2.2E-16));
#180 = DIRECTION('',(1.,0.,0.));
#181 = ADVANCED_FACE('',(#182),#201,.T.);
#182 = FACE_BOUND('',#183,.T.);
#183 = EDGE_LOOP('',(#184,#192,#199,#200));
#184 = ORIENTED_EDGE('',*,*,#185,.T.);
#185 = EDGE_CURVE('',#160,#186,#188,.T.);
#186 = VERTEX_POINT('',#187);
#187 = CARTESIAN_POINT('',(7.12,1.E-15,1.25));
#188 = LINE('',#189,#190);
#189 = CARTESIAN_POINT('',(0.5,7.2E-16,1.25));
#190 = VECTOR('',#191,1.);
#191 = DIRECTION('',(1.,0.,0.));
#192 = ORIENTED_EDGE('',*,*,#193,.F.);
#193 = EDGE_CURVE('',#186,#186,#194,.T.);
#194 = CIRCLE('',#195,0.25);
#195 = AXIS2_PLACEMENT_3D('',#196,#197,#198);
#196 = CARTESIAN_POINT('',(7.12,7.8E-16,1.5));
#197 = DIRECTION('',(1.,0.,0.));
#198 = DIRECTION('',(0.,-2.2E-16,-1.));
#199 = ORIENTED_EDGE('',*,*,#185,.F.);
#200 = ORIENTED_EDGE('',*,*,#168,.F.);
#201 = CYLINDRICAL_SURFACE('',#202,0.25);
#202 = AXIS2_PLACEMENT_3D('',#203,#204,#205);
#203 = CARTESIAN_POINT('',(0.5,7.8E-16,1.5));
#204 = DIRECTION('',(1.,0.,0.));
#205 = DIRECTION('',(0.,-2.2E-16,-1.));
#206 = ADVANCED_FACE('',(#207),#227,.T.);
#207 = FACE_BOUND('',#208,.T.);
#208 = EDGE_LOOP('',(#209,#218,#225,#226));
#209 = ORIENTED_EDGE('',*,*,#210,.T.);
#210 = EDGE_CURVE('',#186,#211,#213,.T.);
#211 = VERTEX_POINT('',#212);
#212 = CARTESIAN_POINT('',(7.37,1.E-15,1.));
#213 = CIRCLE('',#214,0.25);
#214 = AXIS2_PLACEMENT_3D('',#215,#216,#217);
#215 = CARTESIAN_POINT('',(7.12,7.6E-16,1.));
#216 = DIRECTION('',(0.,1.,-2.2E-16));
#217 = DIRECTION('',(1.,0.,0.));
#218 = ORIENTED_EDGE('',*,*,#219,.T.);
#219 = EDGE_CURVE('',#211,#211,#220,.T.);
#220 = CIRCLE('',#221,0.25);
#221 = AXIS2_PLACEMENT_3D('',#222,#223,#224);
#222 = CARTESIAN_POINT('',(7.62,6.7E-16,1.));
#223 = DIRECTION('',(-2.4E-16,2.2E-16,1.));
#224 = DIRECTION('',(1.,0.,2.4E-16));
#225 = ORIENTED_EDGE('',*,*,#210,.F.);
#226 = ORIENTED_EDGE('',*,*,#193,.T.);
#227 = TOROIDAL_SURFACE('',#228,0.5,0.25);
#228 = AXIS2_PLACEMENT_3D('',#229,#230,#231);
#229 = CARTESIAN_POINT('',(7.12,6.7E-16,1.));
#230 = DIRECTION('',(0.,1.,-2.2E-16));
#231 = DIRECTION('',(1.,0.,0.));
#232 = ADVANCED_FACE('',(#233),#252,.T.);
#233 = FACE_BOUND('',#234,.T.);
#234 = EDGE_LOOP('',(#235,#243,#250,#251));
#235 = ORIENTED_EDGE('',*,*,#236,.T.);
#236 = EDGE_CURVE('',#211,#237,#239,.T.);
#237 = VERTEX_POINT('',#238);
#238 = CARTESIAN_POINT('',(7.37,0.,-2.5));
#239 = LINE('',#240,#241);
#240 = CARTESIAN_POINT('',(7.37,6.7E-16,1.));
#241 = VECTOR('',#242,1.);
#242 = DIRECTION('',(0.,-2.2E-16,-1.));
#243 = ORIENTED_EDGE('',*,*,#244,.F.);
#244 = EDGE_CURVE('',#237,#237,#245,.T.);
#245 = CIRCLE('',#246,0.25);
#246 = AXIS2_PLACEMENT_3D('',#247,#248,#249);
#247 = CARTESIAN_POINT('',(7.62,-1.1E-16,-2.5));
#248 = DIRECTION('',(-0.,-2.2E-16,-1.));
#249 = DIRECTION('',(-1.,0.,0.));
#250 = ORIENTED_EDGE('',*,*,#236,.F.);
#251 = ORIENTED_EDGE('',*,*,#219,.F.);
#252 = CYLINDRICAL_SURFACE('',#253,0.25);
#253 = AXIS2_PLACEMENT_3D('',#254,#255,#256);
#254 = CARTESIAN_POINT('',(7.62,6.7E-16,1.));
#255 = DIRECTION('',(0.,-2.2E-16,-1.));
#256 = DIRECTION('',(-1.,-0.,0.));
#257 = ADVANCED_FACE('',(#258),#261,.T.);
#258 = FACE_BOUND('',#259,.F.);
#259 = EDGE_LOOP('',(#260));
#260 = ORIENTED_EDGE('',*,*,#144,.T.);
#261 = PLANE('',#262);
#262 = AXIS2_PLACEMENT_3D('',#263,#264,#265);
#263 = CARTESIAN_POINT('',(0.25,-1.1E-16,-2.5));
#264 = DIRECTION('',(0.,0.,-1.));
#265 = DIRECTION('',(-1.,0.,0.));
#266 = ADVANCED_FACE('',(#267),#270,.F.);
#267 = FACE_BOUND('',#268,.T.);
#268 = EDGE_LOOP('',(#269));
#269 = ORIENTED_EDGE('',*,*,#244,.T.);
#270 = PLANE('',#271);
#271 = AXIS2_PLACEMENT_3D('',#272,#273,#274);
#272 = CARTESIAN_POINT('',(7.37,-1.1E-16,-2.5));
#273 = DIRECTION('',(0.,0.,1.));
#274 = DIRECTION('',(1.,0.,-0.));
#275 = MANIFOLD_SOLID_BREP('',#276);
#276 = CLOSED_SHELL('',(#277,#310,#330,#350,#375,#400,#426,#452,#461));
#277 = ADVANCED_FACE('',(#278),#305,.T.);
#278 = FACE_BOUND('',#279,.T.);
#279 = EDGE_LOOP('',(#280,#289,#297,#304));
#280 = ORIENTED_EDGE('',*,*,#281,.T.);
#281 = EDGE_CURVE('',#282,#282,#284,.T.);
#282 = VERTEX_POINT('',#283);
#283 = CARTESIAN_POINT('',(2.41,3.557331958362E-15,2.51));
#284 = CIRCLE('',#285,1.01);
#285 = AXIS2_PLACEMENT_3D('',#286,#287,#288);
#286 = CARTESIAN_POINT('',(2.41,6.630669073875E-16,1.5));
#287 = DIRECTION('',(1.,0.,-0.));
#288 = DIRECTION('',(0.,9.92044604925E-16,1.));
#289 = ORIENTED_EDGE('',*,*,#290,.T.);
#290 = EDGE_CURVE('',#282,#291,#293,.T.);
#291 = VERTEX_POINT('',#292);
#292 = CARTESIAN_POINT('',(3.41,3.557331958362E-15,2.51));
#293 = LINE('',#294,#295);
#294 = CARTESIAN_POINT('',(2.41,5.573319583618E-16,2.51));
#295 = VECTOR('',#296,1.);
#296 = DIRECTION('',(1.,0.,0.));
#297 = ORIENTED_EDGE('',*,*,#298,.F.);
#298 = EDGE_CURVE('',#291,#291,#299,.T.);
#299 = CIRCLE('',#300,1.01);
#300 = AXIS2_PLACEMENT_3D('',#301,#302,#303);
#301 = CARTESIAN_POINT('',(3.41,6.630669073875E-16,1.5));
#302 = DIRECTION('',(1.,0.,-0.));
#303 = DIRECTION('',(0.,9.92044604925E-16,1.));
#304 = ORIENTED_EDGE('',*,*,#290,.F.);
#305 = CYLINDRICAL_SURFACE('',#306,1.01);
#306 = AXIS2_PLACEMENT_3D('',#307,#308,#309);
#307 = CARTESIAN_POINT('',(2.41,6.630669073875E-16,1.5));
#308 = DIRECTION('',(1.,0.,0.));
#309 = DIRECTION('',(-0.,9.92044604925E-16,1.));
#310 = ADVANCED_FACE('',(#311,#314),#325,.F.);
#311 = FACE_BOUND('',#312,.T.);
#312 = EDGE_LOOP('',(#313));
#313 = ORIENTED_EDGE('',*,*,#281,.F.);
#314 = FACE_BOUND('',#315,.T.);
#315 = EDGE_LOOP('',(#316));
#316 = ORIENTED_EDGE('',*,*,#317,.T.);
#317 = EDGE_CURVE('',#318,#318,#320,.T.);
#318 = VERTEX_POINT('',#319);
#319 = CARTESIAN_POINT('',(2.41,5.551115123126E-16,2.5));
#320 = CIRCLE('',#321,1.);
#321 = AXIS2_PLACEMENT_3D('',#322,#323,#324);
#322 = CARTESIAN_POINT('',(2.41,6.630669073875E-16,1.5));
#323 = DIRECTION('',(1.,0.,-0.));
#324 = DIRECTION('',(0.,1.002044604925E-15,1.));
#325 = PLANE('',#326);
#326 = AXIS2_PLACEMENT_3D('',#327,#328,#329);
#327 = CARTESIAN_POINT('',(2.41,6.630669073875E-16,1.5));
#328 = DIRECTION('',(1.,0.,0.));
#329 = DIRECTION('',(-0.,1.002044604925E-15,1.));
#330 = ADVANCED_FACE('',(#331,#334),#345,.T.);
#331 = FACE_BOUND('',#332,.T.);
#332 = EDGE_LOOP('',(#333));
#333 = ORIENTED_EDGE('',*,*,#298,.T.);
#334 = FACE_BOUND('',#335,.T.);
#335 = EDGE_LOOP('',(#336));
#336 = ORIENTED_EDGE('',*,*,#337,.F.);
#337 = EDGE_CURVE('',#338,#338,#340,.T.);
#338 = VERTEX_POINT('',#339);
#339 = CARTESIAN_POINT('',(3.41,5.551115123126E-16,2.5));
#340 = CIRCLE('',#341,1.);
#341 = AXIS2_PLACEMENT_3D('',#342,#343,#344);
#342 = CARTESIAN_POINT('',(3.41,6.630669073875E-16,1.5));
#343 = DIRECTION('',(1.,0.,-0.));
#344 = DIRECTION('',(0.,1.002044604925E-15,1.));
#345 = PLANE('',#346);
#346 = AXIS2_PLACEMENT_3D('',#347,#348,#349);
#347 = CARTESIAN_POINT('',(3.41,6.630669073875E-16,1.5));
#348 = DIRECTION('',(1.,0.,0.));
#349 = DIRECTION('',(-0.,9.92044604925E-16,1.));
#350 = ADVANCED_FACE('',(#351),#370,.T.);
#351 = FACE_BOUND('',#352,.T.);
#352 = EDGE_LOOP('',(#353,#362,#368,#369));
#353 = ORIENTED_EDGE('',*,*,#354,.T.);
#354 = EDGE_CURVE('',#355,#355,#357,.T.);
#355 = VERTEX_POINT('',#356);
#356 = CARTESIAN_POINT('',(2.21,3.555111512313E-15,2.5));
#357 = CIRCLE('',#358,1.);
#358 = AXIS2_PLACEMENT_3D('',#359,#360,#361);
#359 = CARTESIAN_POINT('',(2.21,6.630669073875E-16,1.5));
#360 = DIRECTION('',(1.,0.,-0.));
#361 = DIRECTION('',(0.,1.002044604925E-15,1.));
#362 = ORIENTED_EDGE('',*,*,#363,.T.);
#363 = EDGE_CURVE('',#355,#318,#364,.T.);
#364 = LINE('',#365,#366);
#365 = CARTESIAN_POINT('',(1.81,5.551115123126E-16,2.5));
#366 = VECTOR('',#367,1.);
#367 = DIRECTION('',(1.,0.,0.));
#368 = ORIENTED_EDGE('',*,*,#317,.F.);
#369 = ORIENTED_EDGE('',*,*,#363,.F.);
#370 = CYLINDRICAL_SURFACE('',#371,1.);
#371 = AXIS2_PLACEMENT_3D('',#372,#373,#374);
#372 = CARTESIAN_POINT('',(1.81,6.630669073875E-16,1.5));
#373 = DIRECTION('',(1.,0.,0.));
#374 = DIRECTION('',(-0.,1.002044604925E-15,1.));
#375 = ADVANCED_FACE('',(#376),#395,.T.);
#376 = FACE_BOUND('',#377,.T.);
#377 = EDGE_LOOP('',(#378,#379,#387,#394));
#378 = ORIENTED_EDGE('',*,*,#337,.T.);
#379 = ORIENTED_EDGE('',*,*,#380,.T.);
#380 = EDGE_CURVE('',#338,#381,#383,.T.);
#381 = VERTEX_POINT('',#382);
#382 = CARTESIAN_POINT('',(5.41,3.555111512313E-15,2.5));
#383 = LINE('',#384,#385);
#384 = CARTESIAN_POINT('',(1.81,5.551115123126E-16,2.5));
#385 = VECTOR('',#386,1.);
#386 = DIRECTION('',(1.,0.,0.));
#387 = ORIENTED_EDGE('',*,*,#388,.F.);
#388 = EDGE_CURVE('',#381,#381,#389,.T.);
#389 = CIRCLE('',#390,1.);
#390 = AXIS2_PLACEMENT_3D('',#391,#392,#393);
#391 = CARTESIAN_POINT('',(5.41,6.630669073875E-16,1.5));
#392 = DIRECTION('',(1.,0.,-0.));
#393 = DIRECTION('',(0.,1.002044604925E-15,1.));
#394 = ORIENTED_EDGE('',*,*,#380,.F.);
#395 = CYLINDRICAL_SURFACE('',#396,1.);
#396 = AXIS2_PLACEMENT_3D('',#397,#398,#399);
#397 = CARTESIAN_POINT('',(1.81,6.630669073875E-16,1.5));
#398 = DIRECTION('',(1.,0.,0.));
#399 = DIRECTION('',(-0.,1.002044604925E-15,1.));
#400 = ADVANCED_FACE('',(#401),#421,.T.);
#401 = FACE_BOUND('',#402,.T.);
#402 = EDGE_LOOP('',(#403,#412,#419,#420));
#403 = ORIENTED_EDGE('',*,*,#404,.T.);
#404 = EDGE_CURVE('',#405,#405,#407,.T.);
#405 = VERTEX_POINT('',#406);
#406 = CARTESIAN_POINT('',(1.81,1.466293670343E-15,2.1));
#407 = CIRCLE('',#408,0.6);
#408 = AXIS2_PLACEMENT_3D('',#409,#410,#411);
#409 = CARTESIAN_POINT('',(1.81,6.630669073875E-16,1.5));
#410 = DIRECTION('',(1.,0.,-0.));
#411 = DIRECTION('',(0.,1.002044604925E-15,1.));
#412 = ORIENTED_EDGE('',*,*,#413,.F.);
#413 = EDGE_CURVE('',#355,#405,#414,.T.);
#414 = CIRCLE('',#415,0.4);
#415 = AXIS2_PLACEMENT_3D('',#416,#417,#418);
#416 = CARTESIAN_POINT('',(2.21,1.266293670343E-15,2.1));
#417 = DIRECTION('',(0.,-1.,1.002044604925E-15));
#418 = DIRECTION('',(0.,1.002044604925E-15,1.));
#419 = ORIENTED_EDGE('',*,*,#354,.F.);
#420 = ORIENTED_EDGE('',*,*,#413,.T.);
#421 = TOROIDAL_SURFACE('',#422,0.6,0.4);
#422 = AXIS2_PLACEMENT_3D('',#423,#424,#425);
#423 = CARTESIAN_POINT('',(2.21,6.630669073875E-16,1.5));
#424 = DIRECTION('',(-1.,0.,0.));
#425 = DIRECTION('',(0.,1.002044604925E-15,1.));
#426 = ADVANCED_FACE('',(#427),#447,.T.);
#427 = FACE_BOUND('',#428,.T.);
#428 = EDGE_LOOP('',(#429,#430,#439,#446));
#429 = ORIENTED_EDGE('',*,*,#388,.T.);
#430 = ORIENTED_EDGE('',*,*,#431,.F.);
#431 = EDGE_CURVE('',#432,#381,#434,.T.);
#432 = VERTEX_POINT('',#433);
#433 = CARTESIAN_POINT('',(5.81,1.466293670343E-15,2.1));
#434 = CIRCLE('',#435,0.4);
#435 = AXIS2_PLACEMENT_3D('',#436,#437,#438);
#436 = CARTESIAN_POINT('',(5.41,1.266293670343E-15,2.1));
#437 = DIRECTION('',(0.,-1.,1.002044604925E-15));
#438 = DIRECTION('',(0.,1.002044604925E-15,1.));
#439 = ORIENTED_EDGE('',*,*,#440,.F.);
#440 = EDGE_CURVE('',#432,#432,#441,.T.);
#441 = CIRCLE('',#442,0.6);
#442 = AXIS2_PLACEMENT_3D('',#443,#444,#445);
#443 = CARTESIAN_POINT('',(5.81,6.630669073875E-16,1.5));
#444 = DIRECTION('',(1.,0.,-0.));
#445 = DIRECTION('',(0.,1.002044604925E-15,1.));
#446 = ORIENTED_EDGE('',*,*,#431,.T.);
#447 = TOROIDAL_SURFACE('',#448,0.6,0.4);
#448 = AXIS2_PLACEMENT_3D('',#449,#450,#451);
#449 = CARTESIAN_POINT('',(5.41,6.630669073875E-16,1.5));
#450 = DIRECTION('',(-1.,0.,0.));
#451 = DIRECTION('',(0.,1.002044604925E-15,1.));
#452 = ADVANCED_FACE('',(#453),#456,.F.);
#453 = FACE_BOUND('',#454,.T.);
#454 = EDGE_LOOP('',(#455));
#455 = ORIENTED_EDGE('',*,*,#404,.F.);
#456 = PLANE('',#457);
#457 = AXIS2_PLACEMENT_3D('',#458,#459,#460);
#458 = CARTESIAN_POINT('',(1.81,6.630669073875E-16,1.5));
#459 = DIRECTION('',(1.,0.,0.));
#460 = DIRECTION('',(-0.,1.002044604925E-15,1.));
#461 = ADVANCED_FACE('',(#462),#465,.T.);
#462 = FACE_BOUND('',#463,.F.);
#463 = EDGE_LOOP('',(#464));
#464 = ORIENTED_EDGE('',*,*,#440,.F.);
#465 = PLANE('',#466);
#466 = AXIS2_PLACEMENT_3D('',#467,#468,#469);
#467 = CARTESIAN_POINT('',(5.81,6.630669073875E-16,1.5));
#468 = DIRECTION('',(1.,0.,0.));
#469 = DIRECTION('',(-0.,1.002044604925E-15,1.));
#470 = ( GEOMETRIC_REPRESENTATION_CONTEXT(3) 
GLOBAL_UNCERTAINTY_ASSIGNED_CONTEXT((#474)) GLOBAL_UNIT_ASSIGNED_CONTEXT
((#471,#472,#473)) REPRESENTATION_CONTEXT('Context #1',
  '3D Context with UNIT and UNCERTAINTY') );
#471 = ( LENGTH_UNIT() NAMED_UNIT(*) SI_UNIT(.MILLI.,.METRE.) );
#472 = ( NAMED_UNIT(*) PLANE_ANGLE_UNIT() SI_UNIT($,.RADIAN.) );
#473 = ( NAMED_UNIT(*) SI_UNIT($,.STERADIAN.) SOLID_ANGLE_UNIT() );
#474 = UNCERTAINTY_MEASURE_WITH_UNIT(LENGTH_MEASURE(1.E-07),#471,
  'distance_accuracy_value','confusion accuracy');
#475 = CONTEXT_DEPENDENT_SHAPE_REPRESENTATION(#476,#478);
#476 = ( REPRESENTATION_RELATIONSHIP('','',#119,#96) 
REPRESENTATION_RELATIONSHIP_WITH_TRANSFORMATION(#477) 
SHAPE_REPRESENTATION_RELATIONSHIP() );
#477 = ITEM_DEFINED_TRANSFORMATION('','',#11,#97);
#478 = PRODUCT_DEFINITION_SHAPE('Placement','Placement of an item',#479
  );
#479 = NEXT_ASSEMBLY_USAGE_OCCURRENCE('1','=>[0:1:1:3]','',#91,#114,$);
#480 = PRODUCT_RELATED_PRODUCT_CATEGORY('part',$,(#116));
#481 = CONTEXT_DEPENDENT_SHAPE_REPRESENTATION(#482,#484);
#482 = ( REPRESENTATION_RELATIONSHIP('','',#96,#10) 
REPRESENTATION_RELATIONSHIP_WITH_TRANSFORMATION(#483) 
SHAPE_REPRESENTATION_RELATIONSHIP() );
#483 = ITEM_DEFINED_TRANSFORMATION('','',#11,#19);
#484 = PRODUCT_DEFINITION_SHAPE('Placement','Placement of an item',#485
  );
#485 = NEXT_ASSEMBLY_USAGE_OCCURRENCE('3','D14','',#5,#91,$);
#486 = CONTEXT_DEPENDENT_SHAPE_REPRESENTATION(#487,#489);
#487 = ( REPRESENTATION_RELATIONSHIP('','',#96,#10) 
REPRESENTATION_RELATIONSHIP_WITH_TRANSFORMATION(#488) 
SHAPE_REPRESENTATION_RELATIONSHIP() );
#488 = ITEM_DEFINED_TRANSFORMATION('','',#11,#23);
#489 = PRODUCT_DEFINITION_SHAPE('Placement','Placement of an item',#490
  );
#490 = NEXT_ASSEMBLY_USAGE_OCCURRENCE('4','D7','',#5,#91,$);
#491 = CONTEXT_DEPENDENT_SHAPE_REPRESENTATION(#492,#494);
#492 = ( REPRESENTATION_RELATIONSHIP('','',#96,#10) 
REPRESENTATION_RELATIONSHIP_WITH_TRANSFORMATION(#493) 
SHAPE_REPRESENTATION_RELATIONSHIP() );
#493 = ITEM_DEFINED_TRANSFORMATION('','',#11,#27);
#494 = PRODUCT_DEFINITION_SHAPE('Placement','Placement of an item',#495
  );
#495 = NEXT_ASSEMBLY_USAGE_OCCURRENCE('5','D16','',#5,#91,$);
#496 = CONTEXT_DEPENDENT_SHAPE_REPRESENTATION(#497,#499);
#497 = ( REPRESENTATION_RELATIONSHIP('','',#96,#10) 
REPRESENTATION_RELATIONSHIP_WITH_TRANSFORMATION(#498) 
SHAPE_REPRESENTATION_RELATIONSHIP() );
#498 = ITEM_DEFINED_TRANSFORMATION('','',#11,#31);
#499 = PRODUCT_DEFINITION_SHAPE('Placement','Placement of an item',#500
  );
#500 = NEXT_ASSEMBLY_USAGE_OCCURRENCE('6','D13','',#5,#91,$);
#501 = CONTEXT_DEPENDENT_SHAPE_REPRESENTATION(#502,#504);
#502 = ( REPRESENTATION_RELATIONSHIP('','',#96,#10) 
REPRESENTATION_RELATIONSHIP_WITH_TRANSFORMATION(#503) 
SHAPE_REPRESENTATION_RELATIONSHIP() );
#503 = ITEM_DEFINED_TRANSFORMATION('','',#11,#35);
#504 = PRODUCT_DEFINITION_SHAPE('Placement','Placement of an item',#505
  );
#505 = NEXT_ASSEMBLY_USAGE_OCCURRENCE('7','D12','',#5,#91,$);
#506 = CONTEXT_DEPENDENT_SHAPE_REPRESENTATION(#507,#509);
#507 = ( REPRESENTATION_RELATIONSHIP('','',#96,#10) 
REPRESENTATION_RELATIONSHIP_WITH_TRANSFORMATION(#508) 
SHAPE_REPRESENTATION_RELATIONSHIP() );
#508 = ITEM_DEFINED_TRANSFORMATION('','',#11,#39);
#509 = PRODUCT_DEFINITION_SHAPE('Placement','Placement of an item',#510
  );
#510 = NEXT_ASSEMBLY_USAGE_OCCURRENCE('8','D9','',#5,#91,$);
#511 = CONTEXT_DEPENDENT_SHAPE_REPRESENTATION(#512,#514);
#512 = ( REPRESENTATION_RELATIONSHIP('','',#96,#10) 
REPRESENTATION_RELATIONSHIP_WITH_TRANSFORMATION(#513) 
SHAPE_REPRESENTATION_RELATIONSHIP() );
#513 = ITEM_DEFINED_TRANSFORMATION('','',#11,#43);
#514 = PRODUCT_DEFINITION_SHAPE('Placement','Placement of an item',#515
  );
#515 = NEXT_ASSEMBLY_USAGE_OCCURRENCE('9','D1','',#5,#91,$);
#516 = CONTEXT_DEPENDENT_SHAPE_REPRESENTATION(#517,#519);
#517 = ( REPRESENTATION_RELATIONSHIP('','',#96,#10) 
REPRESENTATION_RELATIONSHIP_WITH_TRANSFORMATION(#518) 
SHAPE_REPRESENTATION_RELATIONSHIP() );
#518 = ITEM_DEFINED_TRANSFORMATION('','',#11,#47);
#519 = PRODUCT_DEFINITION_SHAPE('Placement','Placement of an item',#520
  );
#520 = NEXT_ASSEMBLY_USAGE_OCCURRENCE('10','D3','',#5,#91,$);
#521 = CONTEXT_DEPENDENT_SHAPE_REPRESENTATION(#522,#524);
#522 = ( REPRESENTATION_RELATIONSHIP('','',#96,#10) 
REPRESENTATION_RELATIONSHIP_WITH_TRANSFORMATION(#523) 
SHAPE_REPRESENTATION_RELATIONSHIP() );
#523 = ITEM_DEFINED_TRANSFORMATION('','',#11,#51);
#524 = PRODUCT_DEFINITION_SHAPE('Placement','Placement of an item',#525
  );
#525 = NEXT_ASSEMBLY_USAGE_OCCURRENCE('11','D4','',#5,#91,$);
#526 = CONTEXT_DEPENDENT_SHAPE_REPRESENTATION(#527,#529);
#527 = ( REPRESENTATION_RELATIONSHIP('','',#96,#10) 
REPRESENTATION_RELATIONSHIP_WITH_TRANSFORMATION(#528) 
SHAPE_REPRESENTATION_RELATIONSHIP() );
#528 = ITEM_DEFINED_TRANSFORMATION('','',#11,#55);
#529 = PRODUCT_DEFINITION_SHAPE('Placement','Placement of an item',#530
  );
#530 = NEXT_ASSEMBLY_USAGE_OCCURRENCE('12','D10','',#5,#91,$);
#531 = CONTEXT_DEPENDENT_SHAPE_REPRESENTATION(#532,#534);
#532 = ( REPRESENTATION_RELATIONSHIP('','',#96,#10) 
REPRESENTATION_RELATIONSHIP_WITH_TRANSFORMATION(#533) 
SHAPE_REPRESENTATION_RELATIONSHIP() );
#533 = ITEM_DEFINED_TRANSFORMATION('','',#11,#59);
#534 = PRODUCT_DEFINITION_SHAPE('Placement','Placement of an item',#535
  );
#535 = NEXT_ASSEMBLY_USAGE_OCCURRENCE('13','D2','',#5,#91,$);
#536 = CONTEXT_DEPENDENT_SHAPE_REPRESENTATION(#537,#539);
#537 = ( REPRESENTATION_RELATIONSHIP('','',#96,#10) 
REPRESENTATION_RELATIONSHIP_WITH_TRANSFORMATION(#538) 
SHAPE_REPRESENTATION_RELATIONSHIP() );
#538 = ITEM_DEFINED_TRANSFORMATION('','',#11,#63);
#539 = PRODUCT_DEFINITION_SHAPE('Placement','Placement of an item',#540
  );
#540 = NEXT_ASSEMBLY_USAGE_OCCURRENCE('14','D11','',#5,#91,$);
#541 = CONTEXT_DEPENDENT_SHAPE_REPRESENTATION(#542,#544);
#542 = ( REPRESENTATION_RELATIONSHIP('','',#96,#10) 
REPRESENTATION_RELATIONSHIP_WITH_TRANSFORMATION(#543) 
SHAPE_REPRESENTATION_RELATIONSHIP() );
#543 = ITEM_DEFINED_TRANSFORMATION('','',#11,#67);
#544 = PRODUCT_DEFINITION_SHAPE('Placement','Placement of an item',#545
  );
#545 = NEXT_ASSEMBLY_USAGE_OCCURRENCE('15','D6','',#5,#91,$);
#546 = CONTEXT_DEPENDENT_SHAPE_REPRESENTATION(#547,#549);
#547 = ( REPRESENTATION_RELATIONSHIP('','',#96,#10) 
REPRESENTATION_RELATIONSHIP_WITH_TRANSFORMATION(#548) 
SHAPE_REPRESENTATION_RELATIONSHIP() );
#548 = ITEM_DEFINED_TRANSFORMATION('','',#11,#71);
#549 = PRODUCT_DEFINITION_SHAPE('Placement','Placement of an item',#550
  );
#550 = NEXT_ASSEMBLY_USAGE_OCCURRENCE('16','D8','',#5,#91,$);
#551 = CONTEXT_DEPENDENT_SHAPE_REPRESENTATION(#552,#554);
#552 = ( REPRESENTATION_RELATIONSHIP('','',#96,#10) 
REPRESENTATION_RELATIONSHIP_WITH_TRANSFORMATION(#553) 
SHAPE_REPRESENTATION_RELATIONSHIP() );
#553 = ITEM_DEFINED_TRANSFORMATION('','',#11,#75);
#554 = PRODUCT_DEFINITION_SHAPE('Placement','Placement of an item',#555
  );
#555 = NEXT_ASSEMBLY_USAGE_OCCURRENCE('17','D15','',#5,#91,$);
#556 = SHAPE_DEFINITION_REPRESENTATION(#557,#563);
#557 = PRODUCT_DEFINITION_SHAPE('','',#558);
#558 = PRODUCT_DEFINITION('design','',#559,#562);
#559 = PRODUCT_DEFINITION_FORMATION('','',#560);
#560 = PRODUCT('effADCA_PCB','effADCA_PCB','',(#561));
#561 = PRODUCT_CONTEXT('',#2,'mechanical');
#562 = PRODUCT_DEFINITION_CONTEXT('part definition',#2,'design');
#563 = ADVANCED_BREP_SHAPE_REPRESENTATION('',(#11,#564),#14999);
#564 = MANIFOLD_SOLID_BREP('',#565);
#565 = CLOSED_SHELL('',(#566,#606,#637,#668,#4470,#8272,#8284,#8301,
    #8318,#8340,#8357,#8374,#8391,#8408,#8425,#8442,#8459,#8476,#8493,
    #8510,#8527,#8544,#8561,#8578,#8590,#8607,#8624,#8641,#8658,#8675,
    #8692,#8709,#8726,#8743,#8765,#8782,#8799,#8816,#8833,#8850,#8867,
    #8884,#8901,#8918,#8935,#8952,#8969,#8986,#9003,#9015,#9032,#9054,
    #9071,#9088,#9105,#9122,#9139,#9156,#9173,#9190,#9207,#9224,#9241,
    #9258,#9275,#9292,#9304,#9321,#9338,#9355,#9372,#9389,#9406,#9423,
    #9440,#9462,#9479,#9496,#9513,#9530,#9547,#9564,#9581,#9598,#9615,
    #9632,#9649,#9666,#9683,#9700,#9712,#9729,#9746,#9763,#9780,#9797,
    #9814,#9831,#9848,#9865,#9887,#9904,#9921,#9938,#9955,#9972,#9989,
    #10006,#10023,#10040,#10057,#10074,#10091,#10108,#10125,#10137,
    #10154,#10176,#10193,#10210,#10227,#10244,#10261,#10278,#10295,
    #10312,#10329,#10346,#10363,#10380,#10397,#10414,#10426,#10443,
    #10460,#10477,#10494,#10511,#10528,#10545,#10562,#10584,#10601,
    #10618,#10635,#10652,#10669,#10686,#10703,#10720,#10737,#10754,
    #10771,#10788,#10805,#10822,#10834,#10851,#10868,#10885,#10902,
    #10919,#10936,#10953,#10970,#10987,#11004,#11021,#11038,#11055,
    #11072,#11089,#11106,#11123,#11140,#11157,#11174,#11191,#11208,
    #11225,#11242,#11264,#11281,#11298,#11315,#11332,#11349,#11366,
    #11383,#11400,#11417,#11434,#11451,#11468,#11485,#11502,#11514,
    #11531,#11548,#11565,#11582,#11599,#11616,#11633,#11650,#11672,
    #11689,#11706,#11718,#11735,#11752,#11774,#11791,#11808,#11825,
    #11842,#11859,#11876,#11893,#11910,#11927,#11944,#11961,#11978,
    #11995,#12012,#12024,#12041,#12058,#12075,#12092,#12109,#12126,
    #12143,#12160,#12177,#12199,#12216,#12233,#12250,#12267,#12284,
    #12301,#12318,#12335,#12352,#12369,#12386,#12403,#12420,#12437,
    #12449,#12466,#12488,#12505,#12522,#12539,#12556,#12573,#12590,
    #12607,#12624,#12641,#12658,#12675,#12692,#12709,#12726,#12738,
    #12755,#12772,#12789,#12806,#12823,#12840,#12857,#12874,#12891,
    #12908,#12930,#12947,#12964,#12981,#12998,#13015,#13032,#13049,
    #13066,#13083,#13100,#13117,#13134,#13151,#13168,#13180,#13197,
    #13214,#13231,#13248,#13265,#13282,#13299,#13316,#13338,#13355,
    #13372,#13389,#13406,#13423,#13440,#13457,#13474,#13491,#13508,
    #13525,#13542,#13559,#13576,#13588,#13605,#13622,#13639,#13661,
    #13678,#13695,#13712,#13729,#13746,#13763,#13780,#13797,#13814,
    #13831,#13848,#13865,#13882,#13899,#13911,#13928,#13945,#13962,
    #13979,#13996,#14013,#14035,#14052,#14069,#14086,#14103,#14120,
    #14137,#14154,#14171,#14188,#14205,#14222,#14239,#14256,#14273,
    #14285,#14302,#14319,#14336,#14353,#14370,#14387,#14404,#14421,
    #14438,#14455,#14477,#14494,#14511,#14523,#14540,#14557,#14574,
    #14591,#14608,#14625,#14642,#14664,#14681,#14698,#14715,#14732,
    #14749,#14766,#14783,#14800,#14817,#14834,#14851,#14868,#14885,
    #14902,#14914,#14931,#14948,#14965,#14982));
#566 = ADVANCED_FACE('',(#567),#601,.T.);
#567 = FACE_BOUND('',#568,.T.);
#568 = EDGE_LOOP('',(#569,#579,#587,#595));
#569 = ORIENTED_EDGE('',*,*,#570,.T.);
#570 = EDGE_CURVE('',#571,#573,#575,.T.);
#571 = VERTEX_POINT('',#572);
#572 = CARTESIAN_POINT('',(192.095549,-156.844453,0.));
#573 = VERTEX_POINT('',#574);
#574 = CARTESIAN_POINT('',(192.095549,-156.844453,1.51));
#575 = LINE('',#576,#577);
#576 = CARTESIAN_POINT('',(192.095549,-156.844453,0.));
#577 = VECTOR('',#578,1.);
#578 = DIRECTION('',(0.,0.,1.));
#579 = ORIENTED_EDGE('',*,*,#580,.T.);
#580 = EDGE_CURVE('',#573,#581,#583,.T.);
#581 = VERTEX_POINT('',#582);
#582 = CARTESIAN_POINT('',(92.595549,-156.844453,1.51));
#583 = LINE('',#584,#585);
#584 = CARTESIAN_POINT('',(192.095549,-156.844453,1.51));
#585 = VECTOR('',#586,1.);
#586 = DIRECTION('',(-1.,0.,0.));
#587 = ORIENTED_EDGE('',*,*,#588,.F.);
#588 = EDGE_CURVE('',#589,#581,#591,.T.);
#589 = VERTEX_POINT('',#590);
#590 = CARTESIAN_POINT('',(92.595549,-156.844453,0.));
#591 = LINE('',#592,#593);
#592 = CARTESIAN_POINT('',(92.595549,-156.844453,0.));
#593 = VECTOR('',#594,1.);
#594 = DIRECTION('',(0.,0.,1.));
#595 = ORIENTED_EDGE('',*,*,#596,.F.);
#596 = EDGE_CURVE('',#571,#589,#597,.T.);
#597 = LINE('',#598,#599);
#598 = CARTESIAN_POINT('',(192.095549,-156.844453,0.));
#599 = VECTOR('',#600,1.);
#600 = DIRECTION('',(-1.,0.,0.));
#601 = PLANE('',#602);
#602 = AXIS2_PLACEMENT_3D('',#603,#604,#605);
#603 = CARTESIAN_POINT('',(192.095549,-156.844453,0.));
#604 = DIRECTION('',(0.,-1.,0.));
#605 = DIRECTION('',(-1.,0.,0.));
#606 = ADVANCED_FACE('',(#607),#632,.T.);
#607 = FACE_BOUND('',#608,.T.);
#608 = EDGE_LOOP('',(#609,#619,#625,#626));
#609 = ORIENTED_EDGE('',*,*,#610,.T.);
#610 = EDGE_CURVE('',#611,#613,#615,.T.);
#611 = VERTEX_POINT('',#612);
#612 = CARTESIAN_POINT('',(192.095549,-57.344453,0.));
#613 = VERTEX_POINT('',#614);
#614 = CARTESIAN_POINT('',(192.095549,-57.344453,1.51));
#615 = LINE('',#616,#617);
#616 = CARTESIAN_POINT('',(192.095549,-57.344453,0.));
#617 = VECTOR('',#618,1.);
#618 = DIRECTION('',(0.,0.,1.));
#619 = ORIENTED_EDGE('',*,*,#620,.T.);
#620 = EDGE_CURVE('',#613,#573,#621,.T.);
#621 = LINE('',#622,#623);
#622 = CARTESIAN_POINT('',(192.095549,-57.344453,1.51));
#623 = VECTOR('',#624,1.);
#624 = DIRECTION('',(0.,-1.,0.));
#625 = ORIENTED_EDGE('',*,*,#570,.F.);
#626 = ORIENTED_EDGE('',*,*,#627,.F.);
#627 = EDGE_CURVE('',#611,#571,#628,.T.);
#628 = LINE('',#629,#630);
#629 = CARTESIAN_POINT('',(192.095549,-57.344453,0.));
#630 = VECTOR('',#631,1.);
#631 = DIRECTION('',(0.,-1.,0.));
#632 = PLANE('',#633);
#633 = AXIS2_PLACEMENT_3D('',#634,#635,#636);
#634 = CARTESIAN_POINT('',(192.095549,-57.344453,0.));
#635 = DIRECTION('',(1.,0.,-0.));
#636 = DIRECTION('',(0.,-1.,0.));
#637 = ADVANCED_FACE('',(#638),#663,.T.);
#638 = FACE_BOUND('',#639,.T.);
#639 = EDGE_LOOP('',(#640,#641,#649,#657));
#640 = ORIENTED_EDGE('',*,*,#588,.T.);
#641 = ORIENTED_EDGE('',*,*,#642,.T.);
#642 = EDGE_CURVE('',#581,#643,#645,.T.);
#643 = VERTEX_POINT('',#644);
#644 = CARTESIAN_POINT('',(92.595549,-57.344453,1.51));
#645 = LINE('',#646,#647);
#646 = CARTESIAN_POINT('',(92.595549,-156.844453,1.51));
#647 = VECTOR('',#648,1.);
#648 = DIRECTION('',(0.,1.,0.));
#649 = ORIENTED_EDGE('',*,*,#650,.F.);
#650 = EDGE_CURVE('',#651,#643,#653,.T.);
#651 = VERTEX_POINT('',#652);
#652 = CARTESIAN_POINT('',(92.595549,-57.344453,0.));
#653 = LINE('',#654,#655);
#654 = CARTESIAN_POINT('',(92.595549,-57.344453,0.));
#655 = VECTOR('',#656,1.);
#656 = DIRECTION('',(0.,0.,1.));
#657 = ORIENTED_EDGE('',*,*,#658,.F.);
#658 = EDGE_CURVE('',#589,#651,#659,.T.);
#659 = LINE('',#660,#661);
#660 = CARTESIAN_POINT('',(92.595549,-156.844453,0.));
#661 = VECTOR('',#662,1.);
#662 = DIRECTION('',(0.,1.,0.));
#663 = PLANE('',#664);
#664 = AXIS2_PLACEMENT_3D('',#665,#666,#667);
#665 = CARTESIAN_POINT('',(92.595549,-156.844453,0.));
#666 = DIRECTION('',(-1.,0.,0.));
#667 = DIRECTION('',(0.,1.,0.));
#668 = ADVANCED_FACE('',(#669,#680,#691,#702,#844,#855,#866,#877,#888,
    #899,#910,#921,#932,#943,#1085,#1096,#1238,#1249,#1260,#1271,#1282,
    #1293,#1304,#1315,#1326,#1468,#1479,#1490,#1501,#1512,#1523,#1534,
    #1545,#1556,#1567,#1709,#1720,#1862,#1873,#1884,#1895,#1906,#1917,
    #1928,#1939,#1950,#2092,#2103,#2114,#2125,#2136,#2147,#2158,#2169,
    #2180,#2191,#2202,#2213,#2224,#2235,#2246,#2257,#2268,#2279,#2290,
    #2301,#2312,#2323,#2334,#2345,#2356,#2498,#2509,#2520,#2531,#2542,
    #2553,#2564,#2575,#2586,#2622,#2633,#2644,#2786,#2797,#2808,#2819,
    #2830,#2841,#2852,#2863,#2874,#2885,#3027,#3038,#3180,#3191,#3202,
    #3213,#3224,#3235,#3246,#3257,#3268,#3279,#3290,#3432,#3443,#3454,
    #3465,#3476,#3487,#3498,#3509,#3520,#3662,#3673,#3684,#3695,#3837,
    #3848,#3859,#3870,#3881,#3892,#3903,#4045,#4056,#4067,#4078,#4089,
    #4100,#4111,#4122,#4133,#4144,#4155,#4191,#4202,#4213,#4224,#4235,
    #4246,#4257,#4268,#4410,#4421,#4432,#4443,#4454),#4465,.F.);
#669 = FACE_BOUND('',#670,.F.);
#670 = EDGE_LOOP('',(#671,#672,#673,#679));
#671 = ORIENTED_EDGE('',*,*,#596,.F.);
#672 = ORIENTED_EDGE('',*,*,#627,.F.);
#673 = ORIENTED_EDGE('',*,*,#674,.F.);
#674 = EDGE_CURVE('',#651,#611,#675,.T.);
#675 = LINE('',#676,#677);
#676 = CARTESIAN_POINT('',(92.595549,-57.344453,0.));
#677 = VECTOR('',#678,1.);
#678 = DIRECTION('',(1.,0.,0.));
#679 = ORIENTED_EDGE('',*,*,#658,.F.);
#680 = FACE_BOUND('',#681,.F.);
#681 = EDGE_LOOP('',(#682));
#682 = ORIENTED_EDGE('',*,*,#683,.T.);
#683 = EDGE_CURVE('',#684,#684,#686,.T.);
#684 = VERTEX_POINT('',#685);
#685 = CARTESIAN_POINT('',(99.38,-154.6,0.));
#686 = CIRCLE('',#687,0.4);
#687 = AXIS2_PLACEMENT_3D('',#688,#689,#690);
#688 = CARTESIAN_POINT('',(99.38,-154.2,0.));
#689 = DIRECTION('',(-0.,0.,-1.));
#690 = DIRECTION('',(-0.,-1.,0.));
#691 = FACE_BOUND('',#692,.F.);
#692 = EDGE_LOOP('',(#693));
#693 = ORIENTED_EDGE('',*,*,#694,.T.);
#694 = EDGE_CURVE('',#695,#695,#697,.T.);
#695 = VERTEX_POINT('',#696);
#696 = CARTESIAN_POINT('',(107.,-154.6,0.));
#697 = CIRCLE('',#698,0.4);
#698 = AXIS2_PLACEMENT_3D('',#699,#700,#701);
#699 = CARTESIAN_POINT('',(107.,-154.2,0.));
#700 = DIRECTION('',(-0.,0.,-1.));
#701 = DIRECTION('',(-0.,-1.,0.));
#702 = FACE_BOUND('',#703,.F.);
#703 = EDGE_LOOP('',(#704,#715,#724,#732,#741,#750,#759,#767,#776,#785,
    #794,#802,#811,#820,#829,#837));
#704 = ORIENTED_EDGE('',*,*,#705,.F.);
#705 = EDGE_CURVE('',#706,#708,#710,.T.);
#706 = VERTEX_POINT('',#707);
#707 = CARTESIAN_POINT('',(102.283288,-146.087343,0.));
#708 = VERTEX_POINT('',#709);
#709 = CARTESIAN_POINT('',(101.580515,-146.735922,0.));
#710 = CIRCLE('',#711,0.499999448976);
#711 = AXIS2_PLACEMENT_3D('',#712,#713,#714);
#712 = CARTESIAN_POINT('',(102.03102909571,-146.5190430048,0.));
#713 = DIRECTION('',(0.,0.,1.));
#714 = DIRECTION('',(0.504518364574,0.863400961204,-0.));
#715 = ORIENTED_EDGE('',*,*,#716,.F.);
#716 = EDGE_CURVE('',#717,#706,#719,.T.);
#717 = VERTEX_POINT('',#718);
#718 = CARTESIAN_POINT('',(102.535547,-146.155642,0.));
#719 = CIRCLE('',#720,0.500008729227);
#720 = AXIS2_PLACEMENT_3D('',#721,#722,#723);
#721 = CARTESIAN_POINT('',(102.53554865685,-145.6556332707,0.));
#722 = DIRECTION('',(0.,0.,-1.));
#723 = DIRECTION('',(-3.313649544396E-06,-0.999999999995,-0.));
#724 = ORIENTED_EDGE('',*,*,#725,.F.);
#725 = EDGE_CURVE('',#726,#717,#728,.T.);
#726 = VERTEX_POINT('',#727);
#727 = CARTESIAN_POINT('',(104.124451,-146.155642,0.));
#728 = LINE('',#729,#730);
#729 = CARTESIAN_POINT('',(104.124451,-146.155642,0.));
#730 = VECTOR('',#731,1.);
#731 = DIRECTION('',(-1.,0.,0.));
#732 = ORIENTED_EDGE('',*,*,#733,.F.);
#733 = EDGE_CURVE('',#734,#726,#736,.T.);
#734 = VERTEX_POINT('',#735);
#735 = CARTESIAN_POINT('',(104.376709,-146.087343,0.));
#736 = CIRCLE('',#737,0.500008729289);
#737 = AXIS2_PLACEMENT_3D('',#738,#739,#740);
#738 = CARTESIAN_POINT('',(104.12444834312,-145.6556332707,0.));
#739 = DIRECTION('',(0.,0.,-1.));
#740 = DIRECTION('',(0.504512505685,-0.863404384751,0.));
#741 = ORIENTED_EDGE('',*,*,#742,.F.);
#742 = EDGE_CURVE('',#743,#734,#745,.T.);
#743 = VERTEX_POINT('',#744);
#744 = CARTESIAN_POINT('',(105.079483,-146.735922,0.));
#745 = CIRCLE('',#746,0.500000669307);
#746 = AXIS2_PLACEMENT_3D('',#747,#748,#749);
#747 = CARTESIAN_POINT('',(104.62896646449,-146.5190452595,0.));
#748 = DIRECTION('',(0.,0.,1.));
#749 = DIRECTION('',(0.901031864884,-0.433752900236,0.));
#750 = ORIENTED_EDGE('',*,*,#751,.F.);
#751 = EDGE_CURVE('',#752,#743,#754,.T.);
#752 = VERTEX_POINT('',#753);
#753 = CARTESIAN_POINT('',(105.029998,-146.952799,0.));
#754 = CIRCLE('',#755,0.499989884977);
#755 = AXIS2_PLACEMENT_3D('',#756,#757,#758);
#756 = CARTESIAN_POINT('',(105.52998788497,-146.9527980791,0.));
#757 = DIRECTION('',(0.,0.,-1.));
#758 = DIRECTION('',(-0.999999999998,-1.841808766735E-06,-0.));
#759 = ORIENTED_EDGE('',*,*,#760,.F.);
#760 = EDGE_CURVE('',#761,#752,#763,.T.);
#761 = VERTEX_POINT('',#762);
#762 = CARTESIAN_POINT('',(105.029998,-148.358484,0.));
#763 = LINE('',#764,#765);
#764 = CARTESIAN_POINT('',(105.029998,-148.358484,0.));
#765 = VECTOR('',#766,1.);
#766 = DIRECTION('',(0.,1.,0.));
#767 = ORIENTED_EDGE('',*,*,#768,.F.);
#768 = EDGE_CURVE('',#769,#761,#771,.T.);
#769 = VERTEX_POINT('',#770);
#770 = CARTESIAN_POINT('',(105.079483,-148.575362,0.));
#771 = CIRCLE('',#772,0.499989885034);
#772 = AXIS2_PLACEMENT_3D('',#773,#774,#775);
#773 = CARTESIAN_POINT('',(105.52998788503,-148.3584859208,0.));
#774 = DIRECTION('',(0.,0.,-1.));
#775 = DIRECTION('',(-0.901027997796,-0.43376093322,-0.));
#776 = ORIENTED_EDGE('',*,*,#777,.F.);
#777 = EDGE_CURVE('',#778,#769,#780,.T.);
#778 = VERTEX_POINT('',#779);
#779 = CARTESIAN_POINT('',(104.37671,-149.223941,0.));
#780 = CIRCLE('',#781,0.499999729127);
#781 = AXIS2_PLACEMENT_3D('',#782,#783,#784);
#782 = CARTESIAN_POINT('',(104.62896825432,-148.7922402908,0.));
#783 = DIRECTION('',(0.,0.,1.));
#784 = DIRECTION('',(-0.504516781969,-0.863401885979,0.));
#785 = ORIENTED_EDGE('',*,*,#786,.F.);
#786 = EDGE_CURVE('',#787,#778,#789,.T.);
#787 = VERTEX_POINT('',#788);
#788 = CARTESIAN_POINT('',(104.124452,-149.155642,0.));
#789 = CIRCLE('',#790,0.500008729289);
#790 = AXIS2_PLACEMENT_3D('',#791,#792,#793);
#791 = CARTESIAN_POINT('',(104.12444934312,-149.6556507292,0.));
#792 = DIRECTION('',(0.,0.,-1.));
#793 = DIRECTION('',(5.313662966874E-06,0.999999999986,0.));
#794 = ORIENTED_EDGE('',*,*,#795,.F.);
#795 = EDGE_CURVE('',#796,#787,#798,.T.);
#796 = VERTEX_POINT('',#797);
#797 = CARTESIAN_POINT('',(102.535546,-149.155641,0.));
#798 = LINE('',#799,#800);
#799 = CARTESIAN_POINT('',(102.535546,-149.155641,0.));
#800 = VECTOR('',#801,1.);
#801 = DIRECTION('',(1.,-6.29363850017E-07,0.));
#802 = ORIENTED_EDGE('',*,*,#803,.F.);
#803 = EDGE_CURVE('',#804,#796,#806,.T.);
#804 = VERTEX_POINT('',#805);
#805 = CARTESIAN_POINT('',(102.283288,-149.22394,0.));
#806 = CIRCLE('',#807,0.500008729289);
#807 = AXIS2_PLACEMENT_3D('',#808,#809,#810);
#808 = CARTESIAN_POINT('',(102.53554865687,-149.6556497292,0.));
#809 = DIRECTION('',(0.,0.,-1.));
#810 = DIRECTION('',(-0.504512505685,0.863404384751,0.));
#811 = ORIENTED_EDGE('',*,*,#812,.F.);
#812 = EDGE_CURVE('',#813,#804,#815,.T.);
#813 = VERTEX_POINT('',#814);
#814 = CARTESIAN_POINT('',(101.580515,-148.575362,0.));
#815 = CIRCLE('',#816,0.499999422661);
#816 = AXIS2_PLACEMENT_3D('',#817,#818,#819);
#817 = CARTESIAN_POINT('',(102.03102970448,-148.7922396699,0.));
#818 = DIRECTION('',(0.,0.,1.));
#819 = DIRECTION('',(-0.901030449374,0.433755840654,0.));
#820 = ORIENTED_EDGE('',*,*,#821,.F.);
#821 = EDGE_CURVE('',#822,#813,#824,.T.);
#822 = VERTEX_POINT('',#823);
#823 = CARTESIAN_POINT('',(101.63,-148.358485,0.));
#824 = CIRCLE('',#825,0.499989884977);
#825 = AXIS2_PLACEMENT_3D('',#826,#827,#828);
#826 = CARTESIAN_POINT('',(101.13001011502,-148.3584859208,0.));
#827 = DIRECTION('',(0.,0.,-1.));
#828 = DIRECTION('',(0.999999999998,1.841808766735E-06,0.));
#829 = ORIENTED_EDGE('',*,*,#830,.F.);
#830 = EDGE_CURVE('',#831,#822,#833,.T.);
#831 = VERTEX_POINT('',#832);
#832 = CARTESIAN_POINT('',(101.63,-146.9528,0.));
#833 = LINE('',#834,#835);
#834 = CARTESIAN_POINT('',(101.63,-146.9528,0.));
#835 = VECTOR('',#836,1.);
#836 = DIRECTION('',(0.,-1.,0.));
#837 = ORIENTED_EDGE('',*,*,#838,.F.);
#838 = EDGE_CURVE('',#708,#831,#839,.T.);
#839 = CIRCLE('',#840,0.499989885034);
#840 = AXIS2_PLACEMENT_3D('',#841,#842,#843);
#841 = CARTESIAN_POINT('',(101.13001011496,-146.9527980791,0.));
#842 = DIRECTION('',(0.,0.,-1.));
#843 = DIRECTION('',(0.901027997796,0.43376093322,0.));
#844 = FACE_BOUND('',#845,.F.);
#845 = EDGE_LOOP('',(#846));
#846 = ORIENTED_EDGE('',*,*,#847,.T.);
#847 = EDGE_CURVE('',#848,#848,#850,.T.);
#848 = VERTEX_POINT('',#849);
#849 = CARTESIAN_POINT('',(119.98,-154.8,0.));
#850 = CIRCLE('',#851,0.4);
#851 = AXIS2_PLACEMENT_3D('',#852,#853,#854);
#852 = CARTESIAN_POINT('',(119.98,-154.4,0.));
#853 = DIRECTION('',(-0.,0.,-1.));
#854 = DIRECTION('',(3.5527136788E-14,-1.,-0.));
#855 = FACE_BOUND('',#856,.F.);
#856 = EDGE_LOOP('',(#857));
#857 = ORIENTED_EDGE('',*,*,#858,.T.);
#858 = EDGE_CURVE('',#859,#859,#861,.T.);
#859 = VERTEX_POINT('',#860);
#860 = CARTESIAN_POINT('',(98.31,-143.53,0.));
#861 = CIRCLE('',#862,0.85);
#862 = AXIS2_PLACEMENT_3D('',#863,#864,#865);
#863 = CARTESIAN_POINT('',(98.31,-142.68,0.));
#864 = DIRECTION('',(-0.,0.,-1.));
#865 = DIRECTION('',(-0.,-1.,0.));
#866 = FACE_BOUND('',#867,.F.);
#867 = EDGE_LOOP('',(#868));
#868 = ORIENTED_EDGE('',*,*,#869,.T.);
#869 = EDGE_CURVE('',#870,#870,#872,.T.);
#870 = VERTEX_POINT('',#871);
#871 = CARTESIAN_POINT('',(99.58,-140.89,0.));
#872 = CIRCLE('',#873,0.75);
#873 = AXIS2_PLACEMENT_3D('',#874,#875,#876);
#874 = CARTESIAN_POINT('',(99.58,-140.14,0.));
#875 = DIRECTION('',(-0.,0.,-1.));
#876 = DIRECTION('',(-0.,-1.,0.));
#877 = FACE_BOUND('',#878,.F.);
#878 = EDGE_LOOP('',(#879));
#879 = ORIENTED_EDGE('',*,*,#880,.T.);
#880 = EDGE_CURVE('',#881,#881,#883,.T.);
#881 = VERTEX_POINT('',#882);
#882 = CARTESIAN_POINT('',(103.39,-144.68,0.));
#883 = CIRCLE('',#884,2.);
#884 = AXIS2_PLACEMENT_3D('',#885,#886,#887);
#885 = CARTESIAN_POINT('',(103.39,-142.68,0.));
#886 = DIRECTION('',(-0.,0.,-1.));
#887 = DIRECTION('',(-0.,-1.,0.));
#888 = FACE_BOUND('',#889,.F.);
#889 = EDGE_LOOP('',(#890));
#890 = ORIENTED_EDGE('',*,*,#891,.T.);
#891 = EDGE_CURVE('',#892,#892,#894,.T.);
#892 = VERTEX_POINT('',#893);
#893 = CARTESIAN_POINT('',(108.47,-143.53,0.));
#894 = CIRCLE('',#895,0.85);
#895 = AXIS2_PLACEMENT_3D('',#896,#897,#898);
#896 = CARTESIAN_POINT('',(108.47,-142.68,0.));
#897 = DIRECTION('',(-0.,0.,-1.));
#898 = DIRECTION('',(-0.,-1.,0.));
#899 = FACE_BOUND('',#900,.F.);
#900 = EDGE_LOOP('',(#901));
#901 = ORIENTED_EDGE('',*,*,#902,.T.);
#902 = EDGE_CURVE('',#903,#903,#905,.T.);
#903 = VERTEX_POINT('',#904);
#904 = CARTESIAN_POINT('',(105.93,-138.35,0.));
#905 = CIRCLE('',#906,0.75);
#906 = AXIS2_PLACEMENT_3D('',#907,#908,#909);
#907 = CARTESIAN_POINT('',(105.93,-137.6,0.));
#908 = DIRECTION('',(-0.,0.,-1.));
#909 = DIRECTION('',(-0.,-1.,0.));
#910 = FACE_BOUND('',#911,.F.);
#911 = EDGE_LOOP('',(#912));
#912 = ORIENTED_EDGE('',*,*,#913,.T.);
#913 = EDGE_CURVE('',#914,#914,#916,.T.);
#914 = VERTEX_POINT('',#915);
#915 = CARTESIAN_POINT('',(118.47,-143.53,0.));
#916 = CIRCLE('',#917,0.85);
#917 = AXIS2_PLACEMENT_3D('',#918,#919,#920);
#918 = CARTESIAN_POINT('',(118.47,-142.68,0.));
#919 = DIRECTION('',(-0.,0.,-1.));
#920 = DIRECTION('',(-0.,-1.,0.));
#921 = FACE_BOUND('',#922,.F.);
#922 = EDGE_LOOP('',(#923));
#923 = ORIENTED_EDGE('',*,*,#924,.T.);
#924 = EDGE_CURVE('',#925,#925,#927,.T.);
#925 = VERTEX_POINT('',#926);
#926 = CARTESIAN_POINT('',(119.74,-140.89,0.));
#927 = CIRCLE('',#928,0.75);
#928 = AXIS2_PLACEMENT_3D('',#929,#930,#931);
#929 = CARTESIAN_POINT('',(119.74,-140.14,0.));
#930 = DIRECTION('',(-0.,0.,-1.));
#931 = DIRECTION('',(-0.,-1.,0.));
#932 = FACE_BOUND('',#933,.F.);
#933 = EDGE_LOOP('',(#934));
#934 = ORIENTED_EDGE('',*,*,#935,.T.);
#935 = EDGE_CURVE('',#936,#936,#938,.T.);
#936 = VERTEX_POINT('',#937);
#937 = CARTESIAN_POINT('',(127.6,-154.8,0.));
#938 = CIRCLE('',#939,0.4);
#939 = AXIS2_PLACEMENT_3D('',#940,#941,#942);
#940 = CARTESIAN_POINT('',(127.6,-154.4,0.));
#941 = DIRECTION('',(-0.,0.,-1.));
#942 = DIRECTION('',(-0.,-1.,0.));
#943 = FACE_BOUND('',#944,.F.);
#944 = EDGE_LOOP('',(#945,#956,#965,#973,#982,#991,#1000,#1008,#1017,
    #1026,#1035,#1043,#1052,#1061,#1070,#1078));
#945 = ORIENTED_EDGE('',*,*,#946,.F.);
#946 = EDGE_CURVE('',#947,#949,#951,.T.);
#947 = VERTEX_POINT('',#948);
#948 = CARTESIAN_POINT('',(122.343288,-146.134543,0.));
#949 = VERTEX_POINT('',#950);
#950 = CARTESIAN_POINT('',(121.640515,-146.783122,0.));
#951 = CIRCLE('',#952,0.499999448976);
#952 = AXIS2_PLACEMENT_3D('',#953,#954,#955);
#953 = CARTESIAN_POINT('',(122.09102909571,-146.5662430048,0.));
#954 = DIRECTION('',(0.,0.,1.));
#955 = DIRECTION('',(0.504518364574,0.863400961204,-0.));
#956 = ORIENTED_EDGE('',*,*,#957,.F.);
#957 = EDGE_CURVE('',#958,#947,#960,.T.);
#958 = VERTEX_POINT('',#959);
#959 = CARTESIAN_POINT('',(122.595547,-146.202842,0.));
#960 = CIRCLE('',#961,0.500008729226);
#961 = AXIS2_PLACEMENT_3D('',#962,#963,#964);
#962 = CARTESIAN_POINT('',(122.59554865685,-145.7028332707,0.));
#963 = DIRECTION('',(0.,0.,-1.));
#964 = DIRECTION('',(-3.313649515975E-06,-0.999999999995,-0.));
#965 = ORIENTED_EDGE('',*,*,#966,.F.);
#966 = EDGE_CURVE('',#967,#958,#969,.T.);
#967 = VERTEX_POINT('',#968);
#968 = CARTESIAN_POINT('',(124.184451,-146.202842,0.));
#969 = LINE('',#970,#971);
#970 = CARTESIAN_POINT('',(124.184451,-146.202842,0.));
#971 = VECTOR('',#972,1.);
#972 = DIRECTION('',(-1.,0.,0.));
#973 = ORIENTED_EDGE('',*,*,#974,.F.);
#974 = EDGE_CURVE('',#975,#967,#977,.T.);
#975 = VERTEX_POINT('',#976);
#976 = CARTESIAN_POINT('',(124.436709,-146.134543,0.));
#977 = CIRCLE('',#978,0.500008729288);
#978 = AXIS2_PLACEMENT_3D('',#979,#980,#981);
#979 = CARTESIAN_POINT('',(124.18444834312,-145.7028332707,0.));
#980 = DIRECTION('',(0.,0.,-1.));
#981 = DIRECTION('',(0.504512505685,-0.863404384751,0.));
#982 = ORIENTED_EDGE('',*,*,#983,.F.);
#983 = EDGE_CURVE('',#984,#975,#986,.T.);
#984 = VERTEX_POINT('',#985);
#985 = CARTESIAN_POINT('',(125.139483,-146.783122,0.));
#986 = CIRCLE('',#987,0.500000669307);
#987 = AXIS2_PLACEMENT_3D('',#988,#989,#990);
#988 = CARTESIAN_POINT('',(124.68896646449,-146.5662452595,0.));
#989 = DIRECTION('',(0.,0.,1.));
#990 = DIRECTION('',(0.901031864884,-0.433752900236,0.));
#991 = ORIENTED_EDGE('',*,*,#992,.F.);
#992 = EDGE_CURVE('',#993,#984,#995,.T.);
#993 = VERTEX_POINT('',#994);
#994 = CARTESIAN_POINT('',(125.089998,-146.999999,0.));
#995 = CIRCLE('',#996,0.499989884978);
#996 = AXIS2_PLACEMENT_3D('',#997,#998,#999);
#997 = CARTESIAN_POINT('',(125.58998788497,-146.9999980791,0.));
#998 = DIRECTION('',(0.,0.,-1.));
#999 = DIRECTION('',(-0.999999999998,-1.841808539356E-06,-0.));
#1000 = ORIENTED_EDGE('',*,*,#1001,.F.);
#1001 = EDGE_CURVE('',#1002,#993,#1004,.T.);
#1002 = VERTEX_POINT('',#1003);
#1003 = CARTESIAN_POINT('',(125.089998,-148.405684,0.));
#1004 = LINE('',#1005,#1006);
#1005 = CARTESIAN_POINT('',(125.089998,-148.405684,0.));
#1006 = VECTOR('',#1007,1.);
#1007 = DIRECTION('',(0.,1.,0.));
#1008 = ORIENTED_EDGE('',*,*,#1009,.F.);
#1009 = EDGE_CURVE('',#1010,#1002,#1012,.T.);
#1010 = VERTEX_POINT('',#1011);
#1011 = CARTESIAN_POINT('',(125.139483,-148.622562,0.));
#1012 = CIRCLE('',#1013,0.499989885034);
#1013 = AXIS2_PLACEMENT_3D('',#1014,#1015,#1016);
#1014 = CARTESIAN_POINT('',(125.58998788503,-148.4056859208,0.));
#1015 = DIRECTION('',(0.,0.,-1.));
#1016 = DIRECTION('',(-0.901027997796,-0.43376093322,-0.));
#1017 = ORIENTED_EDGE('',*,*,#1018,.F.);
#1018 = EDGE_CURVE('',#1019,#1010,#1021,.T.);
#1019 = VERTEX_POINT('',#1020);
#1020 = CARTESIAN_POINT('',(124.43671,-149.271141,0.));
#1021 = CIRCLE('',#1022,0.499999729127);
#1022 = AXIS2_PLACEMENT_3D('',#1023,#1024,#1025);
#1023 = CARTESIAN_POINT('',(124.68896825432,-148.8394402908,0.));
#1024 = DIRECTION('',(0.,0.,1.));
#1025 = DIRECTION('',(-0.504516781969,-0.863401885979,0.));
#1026 = ORIENTED_EDGE('',*,*,#1027,.F.);
#1027 = EDGE_CURVE('',#1028,#1019,#1030,.T.);
#1028 = VERTEX_POINT('',#1029);
#1029 = CARTESIAN_POINT('',(124.184452,-149.202842,0.));
#1030 = CIRCLE('',#1031,0.500008729288);
#1031 = AXIS2_PLACEMENT_3D('',#1032,#1033,#1034);
#1032 = CARTESIAN_POINT('',(124.18444934312,-149.7028507292,0.));
#1033 = DIRECTION('',(0.,0.,-1.));
#1034 = DIRECTION('',(5.313662512143E-06,0.999999999986,0.));
#1035 = ORIENTED_EDGE('',*,*,#1036,.F.);
#1036 = EDGE_CURVE('',#1037,#1028,#1039,.T.);
#1037 = VERTEX_POINT('',#1038);
#1038 = CARTESIAN_POINT('',(122.595546,-149.202841,0.));
#1039 = LINE('',#1040,#1041);
#1040 = CARTESIAN_POINT('',(122.595546,-149.202841,0.));
#1041 = VECTOR('',#1042,1.);
#1042 = DIRECTION('',(1.,-6.29363850017E-07,0.));
#1043 = ORIENTED_EDGE('',*,*,#1044,.F.);
#1044 = EDGE_CURVE('',#1045,#1037,#1047,.T.);
#1045 = VERTEX_POINT('',#1046);
#1046 = CARTESIAN_POINT('',(122.343288,-149.27114,0.));
#1047 = CIRCLE('',#1048,0.500008729288);
#1048 = AXIS2_PLACEMENT_3D('',#1049,#1050,#1051);
#1049 = CARTESIAN_POINT('',(122.59554865687,-149.7028497292,0.));
#1050 = DIRECTION('',(0.,0.,-1.));
#1051 = DIRECTION('',(-0.504512505686,0.863404384751,0.));
#1052 = ORIENTED_EDGE('',*,*,#1053,.F.);
#1053 = EDGE_CURVE('',#1054,#1045,#1056,.T.);
#1054 = VERTEX_POINT('',#1055);
#1055 = CARTESIAN_POINT('',(121.640515,-148.622562,0.));
#1056 = CIRCLE('',#1057,0.499999422661);
#1057 = AXIS2_PLACEMENT_3D('',#1058,#1059,#1060);
#1058 = CARTESIAN_POINT('',(122.09102970448,-148.8394396699,0.));
#1059 = DIRECTION('',(0.,0.,1.));
#1060 = DIRECTION('',(-0.901030449374,0.433755840654,0.));
#1061 = ORIENTED_EDGE('',*,*,#1062,.F.);
#1062 = EDGE_CURVE('',#1063,#1054,#1065,.T.);
#1063 = VERTEX_POINT('',#1064);
#1064 = CARTESIAN_POINT('',(121.69,-148.405685,0.));
#1065 = CIRCLE('',#1066,0.499989884977);
#1066 = AXIS2_PLACEMENT_3D('',#1067,#1068,#1069);
#1067 = CARTESIAN_POINT('',(121.19001011502,-148.4056859208,0.));
#1068 = DIRECTION('',(0.,0.,-1.));
#1069 = DIRECTION('',(0.999999999998,1.841808653046E-06,0.));
#1070 = ORIENTED_EDGE('',*,*,#1071,.F.);
#1071 = EDGE_CURVE('',#1072,#1063,#1074,.T.);
#1072 = VERTEX_POINT('',#1073);
#1073 = CARTESIAN_POINT('',(121.69,-147.,0.));
#1074 = LINE('',#1075,#1076);
#1075 = CARTESIAN_POINT('',(121.69,-147.,0.));
#1076 = VECTOR('',#1077,1.);
#1077 = DIRECTION('',(0.,-1.,0.));
#1078 = ORIENTED_EDGE('',*,*,#1079,.F.);
#1079 = EDGE_CURVE('',#949,#1072,#1080,.T.);
#1080 = CIRCLE('',#1081,0.499989885034);
#1081 = AXIS2_PLACEMENT_3D('',#1082,#1083,#1084);
#1082 = CARTESIAN_POINT('',(121.19001011496,-146.9999980791,0.));
#1083 = DIRECTION('',(0.,0.,-1.));
#1084 = DIRECTION('',(0.901027997796,0.43376093322,0.));
#1085 = FACE_BOUND('',#1086,.F.);
#1086 = EDGE_LOOP('',(#1087));
#1087 = ORIENTED_EDGE('',*,*,#1088,.T.);
#1088 = EDGE_CURVE('',#1089,#1089,#1091,.T.);
#1089 = VERTEX_POINT('',#1090);
#1090 = CARTESIAN_POINT('',(139.78,-154.8,0.));
#1091 = CIRCLE('',#1092,0.4);
#1092 = AXIS2_PLACEMENT_3D('',#1093,#1094,#1095);
#1093 = CARTESIAN_POINT('',(139.78,-154.4,0.));
#1094 = DIRECTION('',(-0.,0.,-1.));
#1095 = DIRECTION('',(-0.,-1.,0.));
#1096 = FACE_BOUND('',#1097,.F.);
#1097 = EDGE_LOOP('',(#1098,#1109,#1118,#1126,#1135,#1144,#1153,#1161,
    #1170,#1179,#1188,#1196,#1205,#1214,#1223,#1231));
#1098 = ORIENTED_EDGE('',*,*,#1099,.F.);
#1099 = EDGE_CURVE('',#1100,#1102,#1104,.T.);
#1100 = VERTEX_POINT('',#1101);
#1101 = CARTESIAN_POINT('',(142.543288,-146.334543,0.));
#1102 = VERTEX_POINT('',#1103);
#1103 = CARTESIAN_POINT('',(141.840515,-146.983122,0.));
#1104 = CIRCLE('',#1105,0.499999448976);
#1105 = AXIS2_PLACEMENT_3D('',#1106,#1107,#1108);
#1106 = CARTESIAN_POINT('',(142.29102909571,-146.7662430048,0.));
#1107 = DIRECTION('',(0.,0.,1.));
#1108 = DIRECTION('',(0.504518364574,0.863400961204,-0.));
#1109 = ORIENTED_EDGE('',*,*,#1110,.F.);
#1110 = EDGE_CURVE('',#1111,#1100,#1113,.T.);
#1111 = VERTEX_POINT('',#1112);
#1112 = CARTESIAN_POINT('',(142.795547,-146.402842,0.));
#1113 = CIRCLE('',#1114,0.500008729226);
#1114 = AXIS2_PLACEMENT_3D('',#1115,#1116,#1117);
#1115 = CARTESIAN_POINT('',(142.79554865685,-145.9028332707,0.));
#1116 = DIRECTION('',(0.,0.,-1.));
#1117 = DIRECTION('',(-3.31364903282E-06,-0.999999999995,-0.));
#1118 = ORIENTED_EDGE('',*,*,#1119,.F.);
#1119 = EDGE_CURVE('',#1120,#1111,#1122,.T.);
#1120 = VERTEX_POINT('',#1121);
#1121 = CARTESIAN_POINT('',(144.384451,-146.402842,0.));
#1122 = LINE('',#1123,#1124);
#1123 = CARTESIAN_POINT('',(144.384451,-146.402842,0.));
#1124 = VECTOR('',#1125,1.);
#1125 = DIRECTION('',(-1.,0.,0.));
#1126 = ORIENTED_EDGE('',*,*,#1127,.F.);
#1127 = EDGE_CURVE('',#1128,#1120,#1130,.T.);
#1128 = VERTEX_POINT('',#1129);
#1129 = CARTESIAN_POINT('',(144.636709,-146.334543,0.));
#1130 = CIRCLE('',#1131,0.500008729288);
#1131 = AXIS2_PLACEMENT_3D('',#1132,#1133,#1134);
#1132 = CARTESIAN_POINT('',(144.38444834312,-145.9028332707,0.));
#1133 = DIRECTION('',(0.,0.,-1.));
#1134 = DIRECTION('',(0.504512505686,-0.863404384751,0.));
#1135 = ORIENTED_EDGE('',*,*,#1136,.F.);
#1136 = EDGE_CURVE('',#1137,#1128,#1139,.T.);
#1137 = VERTEX_POINT('',#1138);
#1138 = CARTESIAN_POINT('',(145.339483,-146.983122,0.));
#1139 = CIRCLE('',#1140,0.500000669307);
#1140 = AXIS2_PLACEMENT_3D('',#1141,#1142,#1143);
#1141 = CARTESIAN_POINT('',(144.88896646449,-146.7662452595,0.));
#1142 = DIRECTION('',(0.,0.,1.));
#1143 = DIRECTION('',(0.901031864884,-0.433752900236,0.));
#1144 = ORIENTED_EDGE('',*,*,#1145,.F.);
#1145 = EDGE_CURVE('',#1146,#1137,#1148,.T.);
#1146 = VERTEX_POINT('',#1147);
#1147 = CARTESIAN_POINT('',(145.289998,-147.199999,0.));
#1148 = CIRCLE('',#1149,0.499989884977);
#1149 = AXIS2_PLACEMENT_3D('',#1150,#1151,#1152);
#1150 = CARTESIAN_POINT('',(145.78998788497,-147.1999980791,0.));
#1151 = DIRECTION('',(0.,0.,-1.));
#1152 = DIRECTION('',(-0.999999999998,-1.841808653046E-06,-0.));
#1153 = ORIENTED_EDGE('',*,*,#1154,.F.);
#1154 = EDGE_CURVE('',#1155,#1146,#1157,.T.);
#1155 = VERTEX_POINT('',#1156);
#1156 = CARTESIAN_POINT('',(145.289998,-148.605684,0.));
#1157 = LINE('',#1158,#1159);
#1158 = CARTESIAN_POINT('',(145.289998,-148.605684,0.));
#1159 = VECTOR('',#1160,1.);
#1160 = DIRECTION('',(0.,1.,0.));
#1161 = ORIENTED_EDGE('',*,*,#1162,.F.);
#1162 = EDGE_CURVE('',#1163,#1155,#1165,.T.);
#1163 = VERTEX_POINT('',#1164);
#1164 = CARTESIAN_POINT('',(145.339483,-148.822562,0.));
#1165 = CIRCLE('',#1166,0.499989885034);
#1166 = AXIS2_PLACEMENT_3D('',#1167,#1168,#1169);
#1167 = CARTESIAN_POINT('',(145.78998788503,-148.6056859208,0.));
#1168 = DIRECTION('',(0.,0.,-1.));
#1169 = DIRECTION('',(-0.901027997796,-0.43376093322,-0.));
#1170 = ORIENTED_EDGE('',*,*,#1171,.F.);
#1171 = EDGE_CURVE('',#1172,#1163,#1174,.T.);
#1172 = VERTEX_POINT('',#1173);
#1173 = CARTESIAN_POINT('',(144.63671,-149.471141,0.));
#1174 = CIRCLE('',#1175,0.499999729127);
#1175 = AXIS2_PLACEMENT_3D('',#1176,#1177,#1178);
#1176 = CARTESIAN_POINT('',(144.88896825432,-149.0394402908,0.));
#1177 = DIRECTION('',(0.,0.,1.));
#1178 = DIRECTION('',(-0.504516781969,-0.863401885979,0.));
#1179 = ORIENTED_EDGE('',*,*,#1180,.F.);
#1180 = EDGE_CURVE('',#1181,#1172,#1183,.T.);
#1181 = VERTEX_POINT('',#1182);
#1182 = CARTESIAN_POINT('',(144.384452,-149.402842,0.));
#1183 = CIRCLE('',#1184,0.500008729289);
#1184 = AXIS2_PLACEMENT_3D('',#1185,#1186,#1187);
#1185 = CARTESIAN_POINT('',(144.38444934312,-149.9028507292,0.));
#1186 = DIRECTION('',(0.,0.,-1.));
#1187 = DIRECTION('',(5.313662938454E-06,0.999999999986,0.));
#1188 = ORIENTED_EDGE('',*,*,#1189,.F.);
#1189 = EDGE_CURVE('',#1190,#1181,#1192,.T.);
#1190 = VERTEX_POINT('',#1191);
#1191 = CARTESIAN_POINT('',(142.795546,-149.402841,0.));
#1192 = LINE('',#1193,#1194);
#1193 = CARTESIAN_POINT('',(142.795546,-149.402841,0.));
#1194 = VECTOR('',#1195,1.);
#1195 = DIRECTION('',(1.,-6.29363850017E-07,0.));
#1196 = ORIENTED_EDGE('',*,*,#1197,.F.);
#1197 = EDGE_CURVE('',#1198,#1190,#1200,.T.);
#1198 = VERTEX_POINT('',#1199);
#1199 = CARTESIAN_POINT('',(142.543288,-149.47114,0.));
#1200 = CIRCLE('',#1201,0.500008729288);
#1201 = AXIS2_PLACEMENT_3D('',#1202,#1203,#1204);
#1202 = CARTESIAN_POINT('',(142.79554865687,-149.9028497292,0.));
#1203 = DIRECTION('',(0.,0.,-1.));
#1204 = DIRECTION('',(-0.504512505685,0.863404384751,0.));
#1205 = ORIENTED_EDGE('',*,*,#1206,.F.);
#1206 = EDGE_CURVE('',#1207,#1198,#1209,.T.);
#1207 = VERTEX_POINT('',#1208);
#1208 = CARTESIAN_POINT('',(141.840515,-148.822562,0.));
#1209 = CIRCLE('',#1210,0.499999422661);
#1210 = AXIS2_PLACEMENT_3D('',#1211,#1212,#1213);
#1211 = CARTESIAN_POINT('',(142.29102970448,-149.0394396699,0.));
#1212 = DIRECTION('',(0.,0.,1.));
#1213 = DIRECTION('',(-0.901030449374,0.433755840654,0.));
#1214 = ORIENTED_EDGE('',*,*,#1215,.F.);
#1215 = EDGE_CURVE('',#1216,#1207,#1218,.T.);
#1216 = VERTEX_POINT('',#1217);
#1217 = CARTESIAN_POINT('',(141.89,-148.605685,0.));
#1218 = CIRCLE('',#1219,0.499989884977);
#1219 = AXIS2_PLACEMENT_3D('',#1220,#1221,#1222);
#1220 = CARTESIAN_POINT('',(141.39001011502,-148.6056859208,0.));
#1221 = DIRECTION('',(0.,0.,-1.));
#1222 = DIRECTION('',(0.999999999998,1.841808994115E-06,0.));
#1223 = ORIENTED_EDGE('',*,*,#1224,.F.);
#1224 = EDGE_CURVE('',#1225,#1216,#1227,.T.);
#1225 = VERTEX_POINT('',#1226);
#1226 = CARTESIAN_POINT('',(141.89,-147.2,0.));
#1227 = LINE('',#1228,#1229);
#1228 = CARTESIAN_POINT('',(141.89,-147.2,0.));
#1229 = VECTOR('',#1230,1.);
#1230 = DIRECTION('',(0.,-1.,0.));
#1231 = ORIENTED_EDGE('',*,*,#1232,.F.);
#1232 = EDGE_CURVE('',#1102,#1225,#1233,.T.);
#1233 = CIRCLE('',#1234,0.499989885034);
#1234 = AXIS2_PLACEMENT_3D('',#1235,#1236,#1237);
#1235 = CARTESIAN_POINT('',(141.39001011497,-147.1999980791,0.));
#1236 = DIRECTION('',(0.,0.,-1.));
#1237 = DIRECTION('',(0.901027997796,0.43376093322,0.));
#1238 = FACE_BOUND('',#1239,.F.);
#1239 = EDGE_LOOP('',(#1240));
#1240 = ORIENTED_EDGE('',*,*,#1241,.T.);
#1241 = EDGE_CURVE('',#1242,#1242,#1244,.T.);
#1242 = VERTEX_POINT('',#1243);
#1243 = CARTESIAN_POINT('',(123.55,-144.68,0.));
#1244 = CIRCLE('',#1245,2.);
#1245 = AXIS2_PLACEMENT_3D('',#1246,#1247,#1248);
#1246 = CARTESIAN_POINT('',(123.55,-142.68,0.));
#1247 = DIRECTION('',(-0.,0.,-1.));
#1248 = DIRECTION('',(-0.,-1.,0.));
#1249 = FACE_BOUND('',#1250,.F.);
#1250 = EDGE_LOOP('',(#1251));
#1251 = ORIENTED_EDGE('',*,*,#1252,.T.);
#1252 = EDGE_CURVE('',#1253,#1253,#1255,.T.);
#1253 = VERTEX_POINT('',#1254);
#1254 = CARTESIAN_POINT('',(126.09,-138.35,0.));
#1255 = CIRCLE('',#1256,0.75);
#1256 = AXIS2_PLACEMENT_3D('',#1257,#1258,#1259);
#1257 = CARTESIAN_POINT('',(126.09,-137.6,0.));
#1258 = DIRECTION('',(-0.,0.,-1.));
#1259 = DIRECTION('',(-0.,-1.,0.));
#1260 = FACE_BOUND('',#1261,.F.);
#1261 = EDGE_LOOP('',(#1262));
#1262 = ORIENTED_EDGE('',*,*,#1263,.T.);
#1263 = EDGE_CURVE('',#1264,#1264,#1266,.T.);
#1264 = VERTEX_POINT('',#1265);
#1265 = CARTESIAN_POINT('',(128.63,-143.53,0.));
#1266 = CIRCLE('',#1267,0.85);
#1267 = AXIS2_PLACEMENT_3D('',#1268,#1269,#1270);
#1268 = CARTESIAN_POINT('',(128.63,-142.68,0.));
#1269 = DIRECTION('',(-0.,0.,-1.));
#1270 = DIRECTION('',(-0.,-1.,0.));
#1271 = FACE_BOUND('',#1272,.F.);
#1272 = EDGE_LOOP('',(#1273));
#1273 = ORIENTED_EDGE('',*,*,#1274,.T.);
#1274 = EDGE_CURVE('',#1275,#1275,#1277,.T.);
#1275 = VERTEX_POINT('',#1276);
#1276 = CARTESIAN_POINT('',(138.47,-143.53,0.));
#1277 = CIRCLE('',#1278,0.85);
#1278 = AXIS2_PLACEMENT_3D('',#1279,#1280,#1281);
#1279 = CARTESIAN_POINT('',(138.47,-142.68,0.));
#1280 = DIRECTION('',(-0.,0.,-1.));
#1281 = DIRECTION('',(-0.,-1.,0.));
#1282 = FACE_BOUND('',#1283,.F.);
#1283 = EDGE_LOOP('',(#1284));
#1284 = ORIENTED_EDGE('',*,*,#1285,.T.);
#1285 = EDGE_CURVE('',#1286,#1286,#1288,.T.);
#1286 = VERTEX_POINT('',#1287);
#1287 = CARTESIAN_POINT('',(143.55,-144.68,0.));
#1288 = CIRCLE('',#1289,2.);
#1289 = AXIS2_PLACEMENT_3D('',#1290,#1291,#1292);
#1290 = CARTESIAN_POINT('',(143.55,-142.68,0.));
#1291 = DIRECTION('',(-0.,0.,-1.));
#1292 = DIRECTION('',(-0.,-1.,0.));
#1293 = FACE_BOUND('',#1294,.F.);
#1294 = EDGE_LOOP('',(#1295));
#1295 = ORIENTED_EDGE('',*,*,#1296,.T.);
#1296 = EDGE_CURVE('',#1297,#1297,#1299,.T.);
#1297 = VERTEX_POINT('',#1298);
#1298 = CARTESIAN_POINT('',(139.74,-140.89,0.));
#1299 = CIRCLE('',#1300,0.75);
#1300 = AXIS2_PLACEMENT_3D('',#1301,#1302,#1303);
#1301 = CARTESIAN_POINT('',(139.74,-140.14,0.));
#1302 = DIRECTION('',(-0.,0.,-1.));
#1303 = DIRECTION('',(-0.,-1.,0.));
#1304 = FACE_BOUND('',#1305,.F.);
#1305 = EDGE_LOOP('',(#1306));
#1306 = ORIENTED_EDGE('',*,*,#1307,.T.);
#1307 = EDGE_CURVE('',#1308,#1308,#1310,.T.);
#1308 = VERTEX_POINT('',#1309);
#1309 = CARTESIAN_POINT('',(99.18,-130.2,0.));
#1310 = CIRCLE('',#1311,0.4);
#1311 = AXIS2_PLACEMENT_3D('',#1312,#1313,#1314);
#1312 = CARTESIAN_POINT('',(99.18,-129.8,0.));
#1313 = DIRECTION('',(-0.,0.,-1.));
#1314 = DIRECTION('',(-0.,-1.,0.));
#1315 = FACE_BOUND('',#1316,.F.);
#1316 = EDGE_LOOP('',(#1317));
#1317 = ORIENTED_EDGE('',*,*,#1318,.T.);
#1318 = EDGE_CURVE('',#1319,#1319,#1321,.T.);
#1319 = VERTEX_POINT('',#1320);
#1320 = CARTESIAN_POINT('',(106.8,-130.2,0.));
#1321 = CIRCLE('',#1322,0.4);
#1322 = AXIS2_PLACEMENT_3D('',#1323,#1324,#1325);
#1323 = CARTESIAN_POINT('',(106.8,-129.8,0.));
#1324 = DIRECTION('',(-0.,0.,-1.));
#1325 = DIRECTION('',(-3.5527136788E-14,-1.,0.));
#1326 = FACE_BOUND('',#1327,.F.);
#1327 = EDGE_LOOP('',(#1328,#1339,#1348,#1356,#1365,#1374,#1383,#1391,
    #1400,#1409,#1418,#1426,#1435,#1444,#1453,#1461));
#1328 = ORIENTED_EDGE('',*,*,#1329,.F.);
#1329 = EDGE_CURVE('',#1330,#1332,#1334,.T.);
#1330 = VERTEX_POINT('',#1331);
#1331 = CARTESIAN_POINT('',(105.139483,-121.783122,0.));
#1332 = VERTEX_POINT('',#1333);
#1333 = CARTESIAN_POINT('',(104.43671,-121.134545,0.));
#1334 = CIRCLE('',#1335,0.499999092786);
#1335 = AXIS2_PLACEMENT_3D('',#1336,#1337,#1338);
#1336 = CARTESIAN_POINT('',(104.68896839101,-121.5662448922,0.));
#1337 = DIRECTION('',(0.,0.,1.));
#1338 = DIRECTION('',(0.901030852831,-0.43375500256,0.));
#1339 = ORIENTED_EDGE('',*,*,#1340,.F.);
#1340 = EDGE_CURVE('',#1341,#1330,#1343,.T.);
#1341 = VERTEX_POINT('',#1342);
#1342 = CARTESIAN_POINT('',(105.089998,-122.,0.));
#1343 = CIRCLE('',#1344,0.499989885034);
#1344 = AXIS2_PLACEMENT_3D('',#1345,#1346,#1347);
#1345 = CARTESIAN_POINT('',(105.58998788503,-121.9999980791,0.));
#1346 = DIRECTION('',(0.,0.,-1.));
#1347 = DIRECTION('',(-0.999999999993,-3.841811392097E-06,-0.));
#1348 = ORIENTED_EDGE('',*,*,#1349,.F.);
#1349 = EDGE_CURVE('',#1350,#1341,#1352,.T.);
#1350 = VERTEX_POINT('',#1351);
#1351 = CARTESIAN_POINT('',(105.089998,-123.405684,0.));
#1352 = LINE('',#1353,#1354);
#1353 = CARTESIAN_POINT('',(105.089998,-123.405684,0.));
#1354 = VECTOR('',#1355,1.);
#1355 = DIRECTION('',(0.,1.,0.));
#1356 = ORIENTED_EDGE('',*,*,#1357,.F.);
#1357 = EDGE_CURVE('',#1358,#1350,#1360,.T.);
#1358 = VERTEX_POINT('',#1359);
#1359 = CARTESIAN_POINT('',(105.139483,-123.622562,0.));
#1360 = CIRCLE('',#1361,0.499989885034);
#1361 = AXIS2_PLACEMENT_3D('',#1362,#1363,#1364);
#1362 = CARTESIAN_POINT('',(105.58998788503,-123.4056859208,0.));
#1363 = DIRECTION('',(0.,0.,-1.));
#1364 = DIRECTION('',(-0.901027997796,-0.43376093322,-0.));
#1365 = ORIENTED_EDGE('',*,*,#1366,.F.);
#1366 = EDGE_CURVE('',#1367,#1358,#1369,.T.);
#1367 = VERTEX_POINT('',#1368);
#1368 = CARTESIAN_POINT('',(104.43671,-124.271141,0.));
#1369 = CIRCLE('',#1370,0.499999729127);
#1370 = AXIS2_PLACEMENT_3D('',#1371,#1372,#1373);
#1371 = CARTESIAN_POINT('',(104.68896825432,-123.8394402908,0.));
#1372 = DIRECTION('',(0.,0.,1.));
#1373 = DIRECTION('',(-0.504516781969,-0.863401885979,0.));
#1374 = ORIENTED_EDGE('',*,*,#1375,.F.);
#1375 = EDGE_CURVE('',#1376,#1367,#1378,.T.);
#1376 = VERTEX_POINT('',#1377);
#1377 = CARTESIAN_POINT('',(104.184451,-124.202841,0.));
#1378 = CIRCLE('',#1379,0.50002311711);
#1379 = AXIS2_PLACEMENT_3D('',#1380,#1381,#1382);
#1380 = CARTESIAN_POINT('',(104.18444373621,-124.702864117,0.));
#1381 = DIRECTION('',(0.,0.,-1.));
#1382 = DIRECTION('',(1.452689320398E-05,0.999999999894,0.));
#1383 = ORIENTED_EDGE('',*,*,#1384,.F.);
#1384 = EDGE_CURVE('',#1385,#1376,#1387,.T.);
#1385 = VERTEX_POINT('',#1386);
#1386 = CARTESIAN_POINT('',(102.595546,-124.202841,0.));
#1387 = LINE('',#1388,#1389);
#1388 = CARTESIAN_POINT('',(102.595546,-124.202841,0.));
#1389 = VECTOR('',#1390,1.);
#1390 = DIRECTION('',(1.,0.,0.));
#1391 = ORIENTED_EDGE('',*,*,#1392,.F.);
#1392 = EDGE_CURVE('',#1393,#1385,#1395,.T.);
#1393 = VERTEX_POINT('',#1394);
#1394 = CARTESIAN_POINT('',(102.343288,-124.27114,0.));
#1395 = CIRCLE('',#1396,0.500008729288);
#1396 = AXIS2_PLACEMENT_3D('',#1397,#1398,#1399);
#1397 = CARTESIAN_POINT('',(102.59554865687,-124.7028497292,0.));
#1398 = DIRECTION('',(0.,0.,-1.));
#1399 = DIRECTION('',(-0.504512505685,0.863404384751,0.));
#1400 = ORIENTED_EDGE('',*,*,#1401,.F.);
#1401 = EDGE_CURVE('',#1402,#1393,#1404,.T.);
#1402 = VERTEX_POINT('',#1403);
#1403 = CARTESIAN_POINT('',(101.640515,-123.622562,0.));
#1404 = CIRCLE('',#1405,0.499999422661);
#1405 = AXIS2_PLACEMENT_3D('',#1406,#1407,#1408);
#1406 = CARTESIAN_POINT('',(102.09102970448,-123.8394396699,0.));
#1407 = DIRECTION('',(0.,0.,1.));
#1408 = DIRECTION('',(-0.901030449374,0.433755840654,0.));
#1409 = ORIENTED_EDGE('',*,*,#1410,.F.);
#1410 = EDGE_CURVE('',#1411,#1402,#1413,.T.);
#1411 = VERTEX_POINT('',#1412);
#1412 = CARTESIAN_POINT('',(101.69,-123.405684,0.));
#1413 = CIRCLE('',#1414,0.499989885034);
#1414 = AXIS2_PLACEMENT_3D('',#1415,#1416,#1417);
#1415 = CARTESIAN_POINT('',(101.19001011496,-123.4056859208,0.));
#1416 = DIRECTION('',(0.,0.,-1.));
#1417 = DIRECTION('',(0.999999999993,3.841811392096E-06,0.));
#1418 = ORIENTED_EDGE('',*,*,#1419,.F.);
#1419 = EDGE_CURVE('',#1420,#1411,#1422,.T.);
#1420 = VERTEX_POINT('',#1421);
#1421 = CARTESIAN_POINT('',(101.69,-122.,0.));
#1422 = LINE('',#1423,#1424);
#1423 = CARTESIAN_POINT('',(101.69,-122.,0.));
#1424 = VECTOR('',#1425,1.);
#1425 = DIRECTION('',(0.,-1.,0.));
#1426 = ORIENTED_EDGE('',*,*,#1427,.F.);
#1427 = EDGE_CURVE('',#1428,#1420,#1430,.T.);
#1428 = VERTEX_POINT('',#1429);
#1429 = CARTESIAN_POINT('',(101.640515,-121.783123,0.));
#1430 = CIRCLE('',#1431,0.49998122973);
#1431 = AXIS2_PLACEMENT_3D('',#1432,#1433,#1434);
#1432 = CARTESIAN_POINT('',(101.19001877027,-121.9999971042,0.));
#1433 = DIRECTION('',(0.,0.,-1.));
#1434 = DIRECTION('',(0.901026284457,0.433764492229,0.));
#1435 = ORIENTED_EDGE('',*,*,#1436,.F.);
#1436 = EDGE_CURVE('',#1437,#1428,#1439,.T.);
#1437 = VERTEX_POINT('',#1438);
#1438 = CARTESIAN_POINT('',(102.343288,-121.134543,0.));
#1439 = CIRCLE('',#1440,0.499999755443);
#1440 = AXIS2_PLACEMENT_3D('',#1441,#1442,#1443);
#1441 = CARTESIAN_POINT('',(102.0910291369,-121.5662433838,0.));
#1442 = DIRECTION('',(0.,0.,1.));
#1443 = DIRECTION('',(0.504517972959,0.863401190039,-0.));
#1444 = ORIENTED_EDGE('',*,*,#1445,.F.);
#1445 = EDGE_CURVE('',#1446,#1437,#1448,.T.);
#1446 = VERTEX_POINT('',#1447);
#1447 = CARTESIAN_POINT('',(102.595547,-121.202842,0.));
#1448 = CIRCLE('',#1449,0.500008729226);
#1449 = AXIS2_PLACEMENT_3D('',#1450,#1451,#1452);
#1450 = CARTESIAN_POINT('',(102.59554865685,-120.7028332707,0.));
#1451 = DIRECTION('',(0.,0.,-1.));
#1452 = DIRECTION('',(-3.313649487555E-06,-0.999999999995,-0.));
#1453 = ORIENTED_EDGE('',*,*,#1454,.F.);
#1454 = EDGE_CURVE('',#1455,#1446,#1457,.T.);
#1455 = VERTEX_POINT('',#1456);
#1456 = CARTESIAN_POINT('',(104.184451,-121.202842,0.));
#1457 = LINE('',#1458,#1459);
#1458 = CARTESIAN_POINT('',(104.184451,-121.202842,0.));
#1459 = VECTOR('',#1460,1.);
#1460 = DIRECTION('',(-1.,0.,0.));
#1461 = ORIENTED_EDGE('',*,*,#1462,.F.);
#1462 = EDGE_CURVE('',#1332,#1455,#1463,.T.);
#1463 = CIRCLE('',#1464,0.500040834725);
#1464 = AXIS2_PLACEMENT_3D('',#1465,#1466,#1467);
#1465 = CARTESIAN_POINT('',(104.18444407362,-120.7028011653,0.));
#1466 = DIRECTION('',(0.,0.,-1.));
#1467 = DIRECTION('',(0.50449065128,-0.86341715455,0.));
#1468 = FACE_BOUND('',#1469,.F.);
#1469 = EDGE_LOOP('',(#1470));
#1470 = ORIENTED_EDGE('',*,*,#1471,.T.);
#1471 = EDGE_CURVE('',#1472,#1472,#1474,.T.);
#1472 = VERTEX_POINT('',#1473);
#1473 = CARTESIAN_POINT('',(119.58,-130.2,0.));
#1474 = CIRCLE('',#1475,0.4);
#1475 = AXIS2_PLACEMENT_3D('',#1476,#1477,#1478);
#1476 = CARTESIAN_POINT('',(119.58,-129.8,0.));
#1477 = DIRECTION('',(-0.,0.,-1.));
#1478 = DIRECTION('',(-3.5527136788E-14,-1.,0.));
#1479 = FACE_BOUND('',#1480,.F.);
#1480 = EDGE_LOOP('',(#1481));
#1481 = ORIENTED_EDGE('',*,*,#1482,.T.);
#1482 = EDGE_CURVE('',#1483,#1483,#1485,.T.);
#1483 = VERTEX_POINT('',#1484);
#1484 = CARTESIAN_POINT('',(98.31,-118.53,0.));
#1485 = CIRCLE('',#1486,0.85);
#1486 = AXIS2_PLACEMENT_3D('',#1487,#1488,#1489);
#1487 = CARTESIAN_POINT('',(98.31,-117.68,0.));
#1488 = DIRECTION('',(-0.,0.,-1.));
#1489 = DIRECTION('',(-0.,-1.,0.));
#1490 = FACE_BOUND('',#1491,.F.);
#1491 = EDGE_LOOP('',(#1492));
#1492 = ORIENTED_EDGE('',*,*,#1493,.T.);
#1493 = EDGE_CURVE('',#1494,#1494,#1496,.T.);
#1494 = VERTEX_POINT('',#1495);
#1495 = CARTESIAN_POINT('',(99.58,-115.89,0.));
#1496 = CIRCLE('',#1497,0.75);
#1497 = AXIS2_PLACEMENT_3D('',#1498,#1499,#1500);
#1498 = CARTESIAN_POINT('',(99.58,-115.14,0.));
#1499 = DIRECTION('',(-0.,0.,-1.));
#1500 = DIRECTION('',(-0.,-1.,0.));
#1501 = FACE_BOUND('',#1502,.F.);
#1502 = EDGE_LOOP('',(#1503));
#1503 = ORIENTED_EDGE('',*,*,#1504,.T.);
#1504 = EDGE_CURVE('',#1505,#1505,#1507,.T.);
#1505 = VERTEX_POINT('',#1506);
#1506 = CARTESIAN_POINT('',(103.39,-119.68,0.));
#1507 = CIRCLE('',#1508,2.);
#1508 = AXIS2_PLACEMENT_3D('',#1509,#1510,#1511);
#1509 = CARTESIAN_POINT('',(103.39,-117.68,0.));
#1510 = DIRECTION('',(-0.,0.,-1.));
#1511 = DIRECTION('',(-0.,-1.,0.));
#1512 = FACE_BOUND('',#1513,.F.);
#1513 = EDGE_LOOP('',(#1514));
#1514 = ORIENTED_EDGE('',*,*,#1515,.T.);
#1515 = EDGE_CURVE('',#1516,#1516,#1518,.T.);
#1516 = VERTEX_POINT('',#1517);
#1517 = CARTESIAN_POINT('',(108.47,-118.53,0.));
#1518 = CIRCLE('',#1519,0.85);
#1519 = AXIS2_PLACEMENT_3D('',#1520,#1521,#1522);
#1520 = CARTESIAN_POINT('',(108.47,-117.68,0.));
#1521 = DIRECTION('',(-0.,0.,-1.));
#1522 = DIRECTION('',(-0.,-1.,0.));
#1523 = FACE_BOUND('',#1524,.F.);
#1524 = EDGE_LOOP('',(#1525));
#1525 = ORIENTED_EDGE('',*,*,#1526,.T.);
#1526 = EDGE_CURVE('',#1527,#1527,#1529,.T.);
#1527 = VERTEX_POINT('',#1528);
#1528 = CARTESIAN_POINT('',(105.93,-113.35,0.));
#1529 = CIRCLE('',#1530,0.75);
#1530 = AXIS2_PLACEMENT_3D('',#1531,#1532,#1533);
#1531 = CARTESIAN_POINT('',(105.93,-112.6,0.));
#1532 = DIRECTION('',(-0.,0.,-1.));
#1533 = DIRECTION('',(-0.,-1.,0.));
#1534 = FACE_BOUND('',#1535,.F.);
#1535 = EDGE_LOOP('',(#1536));
#1536 = ORIENTED_EDGE('',*,*,#1537,.T.);
#1537 = EDGE_CURVE('',#1538,#1538,#1540,.T.);
#1538 = VERTEX_POINT('',#1539);
#1539 = CARTESIAN_POINT('',(118.47,-118.53,0.));
#1540 = CIRCLE('',#1541,0.85);
#1541 = AXIS2_PLACEMENT_3D('',#1542,#1543,#1544);
#1542 = CARTESIAN_POINT('',(118.47,-117.68,0.));
#1543 = DIRECTION('',(-0.,0.,-1.));
#1544 = DIRECTION('',(-0.,-1.,0.));
#1545 = FACE_BOUND('',#1546,.F.);
#1546 = EDGE_LOOP('',(#1547));
#1547 = ORIENTED_EDGE('',*,*,#1548,.T.);
#1548 = EDGE_CURVE('',#1549,#1549,#1551,.T.);
#1549 = VERTEX_POINT('',#1550);
#1550 = CARTESIAN_POINT('',(119.74,-115.89,0.));
#1551 = CIRCLE('',#1552,0.75);
#1552 = AXIS2_PLACEMENT_3D('',#1553,#1554,#1555);
#1553 = CARTESIAN_POINT('',(119.74,-115.14,0.));
#1554 = DIRECTION('',(-0.,0.,-1.));
#1555 = DIRECTION('',(-0.,-1.,0.));
#1556 = FACE_BOUND('',#1557,.F.);
#1557 = EDGE_LOOP('',(#1558));
#1558 = ORIENTED_EDGE('',*,*,#1559,.T.);
#1559 = EDGE_CURVE('',#1560,#1560,#1562,.T.);
#1560 = VERTEX_POINT('',#1561);
#1561 = CARTESIAN_POINT('',(127.2,-130.2,0.));
#1562 = CIRCLE('',#1563,0.4);
#1563 = AXIS2_PLACEMENT_3D('',#1564,#1565,#1566);
#1564 = CARTESIAN_POINT('',(127.2,-129.8,0.));
#1565 = DIRECTION('',(-0.,0.,-1.));
#1566 = DIRECTION('',(3.5527136788E-14,-1.,-0.));
#1567 = FACE_BOUND('',#1568,.F.);
#1568 = EDGE_LOOP('',(#1569,#1580,#1589,#1597,#1606,#1615,#1624,#1632,
    #1641,#1650,#1659,#1667,#1676,#1685,#1694,#1702));
#1569 = ORIENTED_EDGE('',*,*,#1570,.F.);
#1570 = EDGE_CURVE('',#1571,#1573,#1575,.T.);
#1571 = VERTEX_POINT('',#1572);
#1572 = CARTESIAN_POINT('',(122.543288,-121.134543,0.));
#1573 = VERTEX_POINT('',#1574);
#1574 = CARTESIAN_POINT('',(121.840515,-121.783122,0.));
#1575 = CIRCLE('',#1576,0.499999448976);
#1576 = AXIS2_PLACEMENT_3D('',#1577,#1578,#1579);
#1577 = CARTESIAN_POINT('',(122.29102909571,-121.5662430048,0.));
#1578 = DIRECTION('',(0.,0.,1.));
#1579 = DIRECTION('',(0.504518364574,0.863400961204,-0.));
#1580 = ORIENTED_EDGE('',*,*,#1581,.F.);
#1581 = EDGE_CURVE('',#1582,#1571,#1584,.T.);
#1582 = VERTEX_POINT('',#1583);
#1583 = CARTESIAN_POINT('',(122.795547,-121.202842,0.));
#1584 = CIRCLE('',#1585,0.500008729226);
#1585 = AXIS2_PLACEMENT_3D('',#1586,#1587,#1588);
#1586 = CARTESIAN_POINT('',(122.79554865685,-120.7028332707,0.));
#1587 = DIRECTION('',(0.,0.,-1.));
#1588 = DIRECTION('',(-3.313649430713E-06,-0.999999999995,-0.));
#1589 = ORIENTED_EDGE('',*,*,#1590,.F.);
#1590 = EDGE_CURVE('',#1591,#1582,#1593,.T.);
#1591 = VERTEX_POINT('',#1592);
#1592 = CARTESIAN_POINT('',(124.384451,-121.202842,0.));
#1593 = LINE('',#1594,#1595);
#1594 = CARTESIAN_POINT('',(124.384451,-121.202842,0.));
#1595 = VECTOR('',#1596,1.);
#1596 = DIRECTION('',(-1.,0.,0.));
#1597 = ORIENTED_EDGE('',*,*,#1598,.F.);
#1598 = EDGE_CURVE('',#1599,#1591,#1601,.T.);
#1599 = VERTEX_POINT('',#1600);
#1600 = CARTESIAN_POINT('',(124.636709,-121.134543,0.));
#1601 = CIRCLE('',#1602,0.500008729288);
#1602 = AXIS2_PLACEMENT_3D('',#1603,#1604,#1605);
#1603 = CARTESIAN_POINT('',(124.38444834312,-120.7028332707,0.));
#1604 = DIRECTION('',(0.,0.,-1.));
#1605 = DIRECTION('',(0.504512505685,-0.863404384751,0.));
#1606 = ORIENTED_EDGE('',*,*,#1607,.F.);
#1607 = EDGE_CURVE('',#1608,#1599,#1610,.T.);
#1608 = VERTEX_POINT('',#1609);
#1609 = CARTESIAN_POINT('',(125.339483,-121.783122,0.));
#1610 = CIRCLE('',#1611,0.500000669307);
#1611 = AXIS2_PLACEMENT_3D('',#1612,#1613,#1614);
#1612 = CARTESIAN_POINT('',(124.88896646449,-121.5662452595,0.));
#1613 = DIRECTION('',(0.,0.,1.));
#1614 = DIRECTION('',(0.901031864884,-0.433752900236,0.));
#1615 = ORIENTED_EDGE('',*,*,#1616,.F.);
#1616 = EDGE_CURVE('',#1617,#1608,#1619,.T.);
#1617 = VERTEX_POINT('',#1618);
#1618 = CARTESIAN_POINT('',(125.289998,-121.999999,0.));
#1619 = CIRCLE('',#1620,0.499989884978);
#1620 = AXIS2_PLACEMENT_3D('',#1621,#1622,#1623);
#1621 = CARTESIAN_POINT('',(125.78998788497,-121.9999980791,0.));
#1622 = DIRECTION('',(0.,0.,-1.));
#1623 = DIRECTION('',(-0.999999999998,-1.841808624623E-06,-0.));
#1624 = ORIENTED_EDGE('',*,*,#1625,.F.);
#1625 = EDGE_CURVE('',#1626,#1617,#1628,.T.);
#1626 = VERTEX_POINT('',#1627);
#1627 = CARTESIAN_POINT('',(125.289998,-123.405684,0.));
#1628 = LINE('',#1629,#1630);
#1629 = CARTESIAN_POINT('',(125.289998,-123.405684,0.));
#1630 = VECTOR('',#1631,1.);
#1631 = DIRECTION('',(0.,1.,0.));
#1632 = ORIENTED_EDGE('',*,*,#1633,.F.);
#1633 = EDGE_CURVE('',#1634,#1626,#1636,.T.);
#1634 = VERTEX_POINT('',#1635);
#1635 = CARTESIAN_POINT('',(125.339483,-123.622562,0.));
#1636 = CIRCLE('',#1637,0.499989885034);
#1637 = AXIS2_PLACEMENT_3D('',#1638,#1639,#1640);
#1638 = CARTESIAN_POINT('',(125.78998788503,-123.4056859208,0.));
#1639 = DIRECTION('',(0.,0.,-1.));
#1640 = DIRECTION('',(-0.901027997796,-0.43376093322,-0.));
#1641 = ORIENTED_EDGE('',*,*,#1642,.F.);
#1642 = EDGE_CURVE('',#1643,#1634,#1645,.T.);
#1643 = VERTEX_POINT('',#1644);
#1644 = CARTESIAN_POINT('',(124.63671,-124.271141,0.));
#1645 = CIRCLE('',#1646,0.499999729127);
#1646 = AXIS2_PLACEMENT_3D('',#1647,#1648,#1649);
#1647 = CARTESIAN_POINT('',(124.88896825432,-123.8394402908,0.));
#1648 = DIRECTION('',(0.,0.,1.));
#1649 = DIRECTION('',(-0.504516781969,-0.863401885979,0.));
#1650 = ORIENTED_EDGE('',*,*,#1651,.F.);
#1651 = EDGE_CURVE('',#1652,#1643,#1654,.T.);
#1652 = VERTEX_POINT('',#1653);
#1653 = CARTESIAN_POINT('',(124.384452,-124.202842,0.));
#1654 = CIRCLE('',#1655,0.500008729288);
#1655 = AXIS2_PLACEMENT_3D('',#1656,#1657,#1658);
#1656 = CARTESIAN_POINT('',(124.38444934312,-124.7028507292,0.));
#1657 = DIRECTION('',(0.,0.,-1.));
#1658 = DIRECTION('',(5.313662682668E-06,0.999999999986,0.));
#1659 = ORIENTED_EDGE('',*,*,#1660,.F.);
#1660 = EDGE_CURVE('',#1661,#1652,#1663,.T.);
#1661 = VERTEX_POINT('',#1662);
#1662 = CARTESIAN_POINT('',(122.795546,-124.202841,0.));
#1663 = LINE('',#1664,#1665);
#1664 = CARTESIAN_POINT('',(122.795546,-124.202841,0.));
#1665 = VECTOR('',#1666,1.);
#1666 = DIRECTION('',(1.,-6.29363850017E-07,0.));
#1667 = ORIENTED_EDGE('',*,*,#1668,.F.);
#1668 = EDGE_CURVE('',#1669,#1661,#1671,.T.);
#1669 = VERTEX_POINT('',#1670);
#1670 = CARTESIAN_POINT('',(122.543288,-124.27114,0.));
#1671 = CIRCLE('',#1672,0.500008729288);
#1672 = AXIS2_PLACEMENT_3D('',#1673,#1674,#1675);
#1673 = CARTESIAN_POINT('',(122.79554865687,-124.7028497292,0.));
#1674 = DIRECTION('',(0.,0.,-1.));
#1675 = DIRECTION('',(-0.504512505685,0.863404384751,0.));
#1676 = ORIENTED_EDGE('',*,*,#1677,.F.);
#1677 = EDGE_CURVE('',#1678,#1669,#1680,.T.);
#1678 = VERTEX_POINT('',#1679);
#1679 = CARTESIAN_POINT('',(121.840515,-123.622562,0.));
#1680 = CIRCLE('',#1681,0.499999422661);
#1681 = AXIS2_PLACEMENT_3D('',#1682,#1683,#1684);
#1682 = CARTESIAN_POINT('',(122.29102970448,-123.8394396699,0.));
#1683 = DIRECTION('',(0.,0.,1.));
#1684 = DIRECTION('',(-0.901030449374,0.433755840654,0.));
#1685 = ORIENTED_EDGE('',*,*,#1686,.F.);
#1686 = EDGE_CURVE('',#1687,#1678,#1689,.T.);
#1687 = VERTEX_POINT('',#1688);
#1688 = CARTESIAN_POINT('',(121.89,-123.405685,0.));
#1689 = CIRCLE('',#1690,0.499989884978);
#1690 = AXIS2_PLACEMENT_3D('',#1691,#1692,#1693);
#1691 = CARTESIAN_POINT('',(121.39001011502,-123.4056859208,0.));
#1692 = DIRECTION('',(0.,0.,-1.));
#1693 = DIRECTION('',(0.999999999998,1.841808567778E-06,0.));
#1694 = ORIENTED_EDGE('',*,*,#1695,.F.);
#1695 = EDGE_CURVE('',#1696,#1687,#1698,.T.);
#1696 = VERTEX_POINT('',#1697);
#1697 = CARTESIAN_POINT('',(121.89,-122.,0.));
#1698 = LINE('',#1699,#1700);
#1699 = CARTESIAN_POINT('',(121.89,-122.,0.));
#1700 = VECTOR('',#1701,1.);
#1701 = DIRECTION('',(0.,-1.,0.));
#1702 = ORIENTED_EDGE('',*,*,#1703,.F.);
#1703 = EDGE_CURVE('',#1573,#1696,#1704,.T.);
#1704 = CIRCLE('',#1705,0.499989885034);
#1705 = AXIS2_PLACEMENT_3D('',#1706,#1707,#1708);
#1706 = CARTESIAN_POINT('',(121.39001011496,-121.9999980791,0.));
#1707 = DIRECTION('',(0.,0.,-1.));
#1708 = DIRECTION('',(0.901027997796,0.43376093322,0.));
#1709 = FACE_BOUND('',#1710,.F.);
#1710 = EDGE_LOOP('',(#1711));
#1711 = ORIENTED_EDGE('',*,*,#1712,.T.);
#1712 = EDGE_CURVE('',#1713,#1713,#1715,.T.);
#1713 = VERTEX_POINT('',#1714);
#1714 = CARTESIAN_POINT('',(138.97,-130.2,0.));
#1715 = CIRCLE('',#1716,0.4);
#1716 = AXIS2_PLACEMENT_3D('',#1717,#1718,#1719);
#1717 = CARTESIAN_POINT('',(138.97,-129.8,0.));
#1718 = DIRECTION('',(-0.,0.,-1.));
#1719 = DIRECTION('',(-0.,-1.,0.));
#1720 = FACE_BOUND('',#1721,.F.);
#1721 = EDGE_LOOP('',(#1722,#1733,#1742,#1750,#1759,#1768,#1777,#1785,
    #1794,#1803,#1812,#1820,#1829,#1838,#1847,#1855));
#1722 = ORIENTED_EDGE('',*,*,#1723,.F.);
#1723 = EDGE_CURVE('',#1724,#1726,#1728,.T.);
#1724 = VERTEX_POINT('',#1725);
#1725 = CARTESIAN_POINT('',(142.543288,-121.134543,0.));
#1726 = VERTEX_POINT('',#1727);
#1727 = CARTESIAN_POINT('',(141.840515,-121.783122,0.));
#1728 = CIRCLE('',#1729,0.499999448976);
#1729 = AXIS2_PLACEMENT_3D('',#1730,#1731,#1732);
#1730 = CARTESIAN_POINT('',(142.29102909571,-121.5662430048,0.));
#1731 = DIRECTION('',(0.,0.,1.));
#1732 = DIRECTION('',(0.504518364574,0.863400961204,-0.));
#1733 = ORIENTED_EDGE('',*,*,#1734,.F.);
#1734 = EDGE_CURVE('',#1735,#1724,#1737,.T.);
#1735 = VERTEX_POINT('',#1736);
#1736 = CARTESIAN_POINT('',(142.795547,-121.202842,0.));
#1737 = CIRCLE('',#1738,0.500008729226);
#1738 = AXIS2_PLACEMENT_3D('',#1739,#1740,#1741);
#1739 = CARTESIAN_POINT('',(142.79554865685,-120.7028332707,0.));
#1740 = DIRECTION('',(0.,0.,-1.));
#1741 = DIRECTION('',(-3.313649430713E-06,-0.999999999995,-0.));
#1742 = ORIENTED_EDGE('',*,*,#1743,.F.);
#1743 = EDGE_CURVE('',#1744,#1735,#1746,.T.);
#1744 = VERTEX_POINT('',#1745);
#1745 = CARTESIAN_POINT('',(144.384451,-121.202842,0.));
#1746 = LINE('',#1747,#1748);
#1747 = CARTESIAN_POINT('',(144.384451,-121.202842,0.));
#1748 = VECTOR('',#1749,1.);
#1749 = DIRECTION('',(-1.,0.,0.));
#1750 = ORIENTED_EDGE('',*,*,#1751,.F.);
#1751 = EDGE_CURVE('',#1752,#1744,#1754,.T.);
#1752 = VERTEX_POINT('',#1753);
#1753 = CARTESIAN_POINT('',(144.636709,-121.134543,0.));
#1754 = CIRCLE('',#1755,0.500008729288);
#1755 = AXIS2_PLACEMENT_3D('',#1756,#1757,#1758);
#1756 = CARTESIAN_POINT('',(144.38444834312,-120.7028332707,0.));
#1757 = DIRECTION('',(0.,0.,-1.));
#1758 = DIRECTION('',(0.504512505685,-0.863404384751,0.));
#1759 = ORIENTED_EDGE('',*,*,#1760,.F.);
#1760 = EDGE_CURVE('',#1761,#1752,#1763,.T.);
#1761 = VERTEX_POINT('',#1762);
#1762 = CARTESIAN_POINT('',(145.339483,-121.783122,0.));
#1763 = CIRCLE('',#1764,0.500000669307);
#1764 = AXIS2_PLACEMENT_3D('',#1765,#1766,#1767);
#1765 = CARTESIAN_POINT('',(144.88896646449,-121.5662452595,0.));
#1766 = DIRECTION('',(0.,0.,1.));
#1767 = DIRECTION('',(0.901031864884,-0.433752900236,0.));
#1768 = ORIENTED_EDGE('',*,*,#1769,.F.);
#1769 = EDGE_CURVE('',#1770,#1761,#1772,.T.);
#1770 = VERTEX_POINT('',#1771);
#1771 = CARTESIAN_POINT('',(145.289998,-121.999999,0.));
#1772 = CIRCLE('',#1773,0.499989884978);
#1773 = AXIS2_PLACEMENT_3D('',#1774,#1775,#1776);
#1774 = CARTESIAN_POINT('',(145.78998788497,-121.9999980791,0.));
#1775 = DIRECTION('',(0.,0.,-1.));
#1776 = DIRECTION('',(-0.999999999998,-1.841808624623E-06,-0.));
#1777 = ORIENTED_EDGE('',*,*,#1778,.F.);
#1778 = EDGE_CURVE('',#1779,#1770,#1781,.T.);
#1779 = VERTEX_POINT('',#1780);
#1780 = CARTESIAN_POINT('',(145.289998,-123.405684,0.));
#1781 = LINE('',#1782,#1783);
#1782 = CARTESIAN_POINT('',(145.289998,-123.405684,0.));
#1783 = VECTOR('',#1784,1.);
#1784 = DIRECTION('',(0.,1.,0.));
#1785 = ORIENTED_EDGE('',*,*,#1786,.F.);
#1786 = EDGE_CURVE('',#1787,#1779,#1789,.T.);
#1787 = VERTEX_POINT('',#1788);
#1788 = CARTESIAN_POINT('',(145.339483,-123.622562,0.));
#1789 = CIRCLE('',#1790,0.499989885034);
#1790 = AXIS2_PLACEMENT_3D('',#1791,#1792,#1793);
#1791 = CARTESIAN_POINT('',(145.78998788503,-123.4056859208,0.));
#1792 = DIRECTION('',(0.,0.,-1.));
#1793 = DIRECTION('',(-0.901027997796,-0.43376093322,-0.));
#1794 = ORIENTED_EDGE('',*,*,#1795,.F.);
#1795 = EDGE_CURVE('',#1796,#1787,#1798,.T.);
#1796 = VERTEX_POINT('',#1797);
#1797 = CARTESIAN_POINT('',(144.63671,-124.271141,0.));
#1798 = CIRCLE('',#1799,0.499999729127);
#1799 = AXIS2_PLACEMENT_3D('',#1800,#1801,#1802);
#1800 = CARTESIAN_POINT('',(144.88896825432,-123.8394402908,0.));
#1801 = DIRECTION('',(0.,0.,1.));
#1802 = DIRECTION('',(-0.504516781969,-0.863401885979,0.));
#1803 = ORIENTED_EDGE('',*,*,#1804,.F.);
#1804 = EDGE_CURVE('',#1805,#1796,#1807,.T.);
#1805 = VERTEX_POINT('',#1806);
#1806 = CARTESIAN_POINT('',(144.384452,-124.202842,0.));
#1807 = CIRCLE('',#1808,0.500008729288);
#1808 = AXIS2_PLACEMENT_3D('',#1809,#1810,#1811);
#1809 = CARTESIAN_POINT('',(144.38444934312,-124.7028507292,0.));
#1810 = DIRECTION('',(0.,0.,-1.));
#1811 = DIRECTION('',(5.313662767931E-06,0.999999999986,0.));
#1812 = ORIENTED_EDGE('',*,*,#1813,.F.);
#1813 = EDGE_CURVE('',#1814,#1805,#1816,.T.);
#1814 = VERTEX_POINT('',#1815);
#1815 = CARTESIAN_POINT('',(142.795546,-124.202841,0.));
#1816 = LINE('',#1817,#1818);
#1817 = CARTESIAN_POINT('',(142.795546,-124.202841,0.));
#1818 = VECTOR('',#1819,1.);
#1819 = DIRECTION('',(1.,-6.29363850017E-07,0.));
#1820 = ORIENTED_EDGE('',*,*,#1821,.F.);
#1821 = EDGE_CURVE('',#1822,#1814,#1824,.T.);
#1822 = VERTEX_POINT('',#1823);
#1823 = CARTESIAN_POINT('',(142.543288,-124.27114,0.));
#1824 = CIRCLE('',#1825,0.500008729288);
#1825 = AXIS2_PLACEMENT_3D('',#1826,#1827,#1828);
#1826 = CARTESIAN_POINT('',(142.79554865687,-124.7028497292,0.));
#1827 = DIRECTION('',(0.,0.,-1.));
#1828 = DIRECTION('',(-0.504512505685,0.863404384751,0.));
#1829 = ORIENTED_EDGE('',*,*,#1830,.F.);
#1830 = EDGE_CURVE('',#1831,#1822,#1833,.T.);
#1831 = VERTEX_POINT('',#1832);
#1832 = CARTESIAN_POINT('',(141.840515,-123.622562,0.));
#1833 = CIRCLE('',#1834,0.499999422661);
#1834 = AXIS2_PLACEMENT_3D('',#1835,#1836,#1837);
#1835 = CARTESIAN_POINT('',(142.29102970448,-123.8394396699,0.));
#1836 = DIRECTION('',(0.,0.,1.));
#1837 = DIRECTION('',(-0.901030449374,0.433755840654,0.));
#1838 = ORIENTED_EDGE('',*,*,#1839,.F.);
#1839 = EDGE_CURVE('',#1840,#1831,#1842,.T.);
#1840 = VERTEX_POINT('',#1841);
#1841 = CARTESIAN_POINT('',(141.89,-123.405685,0.));
#1842 = CIRCLE('',#1843,0.499989884977);
#1843 = AXIS2_PLACEMENT_3D('',#1844,#1845,#1846);
#1844 = CARTESIAN_POINT('',(141.39001011502,-123.4056859208,0.));
#1845 = DIRECTION('',(0.,0.,-1.));
#1846 = DIRECTION('',(0.999999999998,1.841808965692E-06,0.));
#1847 = ORIENTED_EDGE('',*,*,#1848,.F.);
#1848 = EDGE_CURVE('',#1849,#1840,#1851,.T.);
#1849 = VERTEX_POINT('',#1850);
#1850 = CARTESIAN_POINT('',(141.89,-122.,0.));
#1851 = LINE('',#1852,#1853);
#1852 = CARTESIAN_POINT('',(141.89,-122.,0.));
#1853 = VECTOR('',#1854,1.);
#1854 = DIRECTION('',(0.,-1.,0.));
#1855 = ORIENTED_EDGE('',*,*,#1856,.F.);
#1856 = EDGE_CURVE('',#1726,#1849,#1857,.T.);
#1857 = CIRCLE('',#1858,0.499989885034);
#1858 = AXIS2_PLACEMENT_3D('',#1859,#1860,#1861);
#1859 = CARTESIAN_POINT('',(141.39001011497,-121.9999980791,0.));
#1860 = DIRECTION('',(0.,0.,-1.));
#1861 = DIRECTION('',(0.901027997796,0.43376093322,0.));
#1862 = FACE_BOUND('',#1863,.F.);
#1863 = EDGE_LOOP('',(#1864));
#1864 = ORIENTED_EDGE('',*,*,#1865,.T.);
#1865 = EDGE_CURVE('',#1866,#1866,#1868,.T.);
#1866 = VERTEX_POINT('',#1867);
#1867 = CARTESIAN_POINT('',(123.55,-119.68,0.));
#1868 = CIRCLE('',#1869,2.);
#1869 = AXIS2_PLACEMENT_3D('',#1870,#1871,#1872);
#1870 = CARTESIAN_POINT('',(123.55,-117.68,0.));
#1871 = DIRECTION('',(-0.,0.,-1.));
#1872 = DIRECTION('',(-0.,-1.,0.));
#1873 = FACE_BOUND('',#1874,.F.);
#1874 = EDGE_LOOP('',(#1875));
#1875 = ORIENTED_EDGE('',*,*,#1876,.T.);
#1876 = EDGE_CURVE('',#1877,#1877,#1879,.T.);
#1877 = VERTEX_POINT('',#1878);
#1878 = CARTESIAN_POINT('',(128.63,-118.53,0.));
#1879 = CIRCLE('',#1880,0.85);
#1880 = AXIS2_PLACEMENT_3D('',#1881,#1882,#1883);
#1881 = CARTESIAN_POINT('',(128.63,-117.68,0.));
#1882 = DIRECTION('',(-0.,0.,-1.));
#1883 = DIRECTION('',(-0.,-1.,0.));
#1884 = FACE_BOUND('',#1885,.F.);
#1885 = EDGE_LOOP('',(#1886));
#1886 = ORIENTED_EDGE('',*,*,#1887,.T.);
#1887 = EDGE_CURVE('',#1888,#1888,#1890,.T.);
#1888 = VERTEX_POINT('',#1889);
#1889 = CARTESIAN_POINT('',(126.09,-113.35,0.));
#1890 = CIRCLE('',#1891,0.75);
#1891 = AXIS2_PLACEMENT_3D('',#1892,#1893,#1894);
#1892 = CARTESIAN_POINT('',(126.09,-112.6,0.));
#1893 = DIRECTION('',(-0.,0.,-1.));
#1894 = DIRECTION('',(-0.,-1.,0.));
#1895 = FACE_BOUND('',#1896,.F.);
#1896 = EDGE_LOOP('',(#1897));
#1897 = ORIENTED_EDGE('',*,*,#1898,.T.);
#1898 = EDGE_CURVE('',#1899,#1899,#1901,.T.);
#1899 = VERTEX_POINT('',#1900);
#1900 = CARTESIAN_POINT('',(138.47,-118.53,0.));
#1901 = CIRCLE('',#1902,0.85);
#1902 = AXIS2_PLACEMENT_3D('',#1903,#1904,#1905);
#1903 = CARTESIAN_POINT('',(138.47,-117.68,0.));
#1904 = DIRECTION('',(-0.,0.,-1.));
#1905 = DIRECTION('',(-0.,-1.,0.));
#1906 = FACE_BOUND('',#1907,.F.);
#1907 = EDGE_LOOP('',(#1908));
#1908 = ORIENTED_EDGE('',*,*,#1909,.T.);
#1909 = EDGE_CURVE('',#1910,#1910,#1912,.T.);
#1910 = VERTEX_POINT('',#1911);
#1911 = CARTESIAN_POINT('',(143.55,-119.68,0.));
#1912 = CIRCLE('',#1913,2.);
#1913 = AXIS2_PLACEMENT_3D('',#1914,#1915,#1916);
#1914 = CARTESIAN_POINT('',(143.55,-117.68,0.));
#1915 = DIRECTION('',(-0.,0.,-1.));
#1916 = DIRECTION('',(-0.,-1.,0.));
#1917 = FACE_BOUND('',#1918,.F.);
#1918 = EDGE_LOOP('',(#1919));
#1919 = ORIENTED_EDGE('',*,*,#1920,.T.);
#1920 = EDGE_CURVE('',#1921,#1921,#1923,.T.);
#1921 = VERTEX_POINT('',#1922);
#1922 = CARTESIAN_POINT('',(139.74,-115.89,0.));
#1923 = CIRCLE('',#1924,0.75);
#1924 = AXIS2_PLACEMENT_3D('',#1925,#1926,#1927);
#1925 = CARTESIAN_POINT('',(139.74,-115.14,0.));
#1926 = DIRECTION('',(-0.,0.,-1.));
#1927 = DIRECTION('',(-0.,-1.,0.));
#1928 = FACE_BOUND('',#1929,.F.);
#1929 = EDGE_LOOP('',(#1930));
#1930 = ORIENTED_EDGE('',*,*,#1931,.T.);
#1931 = EDGE_CURVE('',#1932,#1932,#1934,.T.);
#1932 = VERTEX_POINT('',#1933);
#1933 = CARTESIAN_POINT('',(147.4,-154.8,0.));
#1934 = CIRCLE('',#1935,0.4);
#1935 = AXIS2_PLACEMENT_3D('',#1936,#1937,#1938);
#1936 = CARTESIAN_POINT('',(147.4,-154.4,0.));
#1937 = DIRECTION('',(-0.,0.,-1.));
#1938 = DIRECTION('',(-0.,-1.,0.));
#1939 = FACE_BOUND('',#1940,.F.);
#1940 = EDGE_LOOP('',(#1941));
#1941 = ORIENTED_EDGE('',*,*,#1942,.T.);
#1942 = EDGE_CURVE('',#1943,#1943,#1945,.T.);
#1943 = VERTEX_POINT('',#1944);
#1944 = CARTESIAN_POINT('',(159.78,-154.6,0.));
#1945 = CIRCLE('',#1946,0.4);
#1946 = AXIS2_PLACEMENT_3D('',#1947,#1948,#1949);
#1947 = CARTESIAN_POINT('',(159.78,-154.2,0.));
#1948 = DIRECTION('',(-0.,0.,-1.));
#1949 = DIRECTION('',(-0.,-1.,0.));
#1950 = FACE_BOUND('',#1951,.F.);
#1951 = EDGE_LOOP('',(#1952,#1963,#1972,#1980,#1989,#1998,#2007,#2015,
    #2024,#2033,#2042,#2050,#2059,#2068,#2077,#2085));
#1952 = ORIENTED_EDGE('',*,*,#1953,.F.);
#1953 = EDGE_CURVE('',#1954,#1956,#1958,.T.);
#1954 = VERTEX_POINT('',#1955);
#1955 = CARTESIAN_POINT('',(162.343288,-146.134543,0.));
#1956 = VERTEX_POINT('',#1957);
#1957 = CARTESIAN_POINT('',(161.640515,-146.783122,0.));
#1958 = CIRCLE('',#1959,0.499999448976);
#1959 = AXIS2_PLACEMENT_3D('',#1960,#1961,#1962);
#1960 = CARTESIAN_POINT('',(162.09102909571,-146.5662430048,0.));
#1961 = DIRECTION('',(0.,0.,1.));
#1962 = DIRECTION('',(0.504518364574,0.863400961204,-0.));
#1963 = ORIENTED_EDGE('',*,*,#1964,.F.);
#1964 = EDGE_CURVE('',#1965,#1954,#1967,.T.);
#1965 = VERTEX_POINT('',#1966);
#1966 = CARTESIAN_POINT('',(162.595547,-146.202842,0.));
#1967 = CIRCLE('',#1968,0.500008729226);
#1968 = AXIS2_PLACEMENT_3D('',#1969,#1970,#1971);
#1969 = CARTESIAN_POINT('',(162.59554865685,-145.7028332707,0.));
#1970 = DIRECTION('',(0.,0.,-1.));
#1971 = DIRECTION('',(-3.313649430712E-06,-0.999999999995,-0.));
#1972 = ORIENTED_EDGE('',*,*,#1973,.F.);
#1973 = EDGE_CURVE('',#1974,#1965,#1976,.T.);
#1974 = VERTEX_POINT('',#1975);
#1975 = CARTESIAN_POINT('',(164.184451,-146.202842,0.));
#1976 = LINE('',#1977,#1978);
#1977 = CARTESIAN_POINT('',(164.184451,-146.202842,0.));
#1978 = VECTOR('',#1979,1.);
#1979 = DIRECTION('',(-1.,0.,0.));
#1980 = ORIENTED_EDGE('',*,*,#1981,.F.);
#1981 = EDGE_CURVE('',#1982,#1974,#1984,.T.);
#1982 = VERTEX_POINT('',#1983);
#1983 = CARTESIAN_POINT('',(164.436709,-146.134543,0.));
#1984 = CIRCLE('',#1985,0.500008729289);
#1985 = AXIS2_PLACEMENT_3D('',#1986,#1987,#1988);
#1986 = CARTESIAN_POINT('',(164.18444834312,-145.7028332707,0.));
#1987 = DIRECTION('',(0.,0.,-1.));
#1988 = DIRECTION('',(0.504512505685,-0.863404384751,0.));
#1989 = ORIENTED_EDGE('',*,*,#1990,.F.);
#1990 = EDGE_CURVE('',#1991,#1982,#1993,.T.);
#1991 = VERTEX_POINT('',#1992);
#1992 = CARTESIAN_POINT('',(165.139483,-146.783122,0.));
#1993 = CIRCLE('',#1994,0.500000669307);
#1994 = AXIS2_PLACEMENT_3D('',#1995,#1996,#1997);
#1995 = CARTESIAN_POINT('',(164.68896646449,-146.5662452595,0.));
#1996 = DIRECTION('',(0.,0.,1.));
#1997 = DIRECTION('',(0.901031864884,-0.433752900236,0.));
#1998 = ORIENTED_EDGE('',*,*,#1999,.F.);
#1999 = EDGE_CURVE('',#2000,#1991,#2002,.T.);
#2000 = VERTEX_POINT('',#2001);
#2001 = CARTESIAN_POINT('',(165.089998,-146.999999,0.));
#2002 = CIRCLE('',#2003,0.499989884978);
#2003 = AXIS2_PLACEMENT_3D('',#2004,#2005,#2006);
#2004 = CARTESIAN_POINT('',(165.58998788497,-146.9999980791,0.));
#2005 = DIRECTION('',(0.,0.,-1.));
#2006 = DIRECTION('',(-0.999999999998,-1.841808539356E-06,-0.));
#2007 = ORIENTED_EDGE('',*,*,#2008,.F.);
#2008 = EDGE_CURVE('',#2009,#2000,#2011,.T.);
#2009 = VERTEX_POINT('',#2010);
#2010 = CARTESIAN_POINT('',(165.089998,-148.405684,0.));
#2011 = LINE('',#2012,#2013);
#2012 = CARTESIAN_POINT('',(165.089998,-148.405684,0.));
#2013 = VECTOR('',#2014,1.);
#2014 = DIRECTION('',(0.,1.,0.));
#2015 = ORIENTED_EDGE('',*,*,#2016,.F.);
#2016 = EDGE_CURVE('',#2017,#2009,#2019,.T.);
#2017 = VERTEX_POINT('',#2018);
#2018 = CARTESIAN_POINT('',(165.139483,-148.622562,0.));
#2019 = CIRCLE('',#2020,0.499989885034);
#2020 = AXIS2_PLACEMENT_3D('',#2021,#2022,#2023);
#2021 = CARTESIAN_POINT('',(165.58998788503,-148.4056859208,0.));
#2022 = DIRECTION('',(0.,0.,-1.));
#2023 = DIRECTION('',(-0.901027997796,-0.43376093322,-0.));
#2024 = ORIENTED_EDGE('',*,*,#2025,.F.);
#2025 = EDGE_CURVE('',#2026,#2017,#2028,.T.);
#2026 = VERTEX_POINT('',#2027);
#2027 = CARTESIAN_POINT('',(164.43671,-149.271141,0.));
#2028 = CIRCLE('',#2029,0.499999729127);
#2029 = AXIS2_PLACEMENT_3D('',#2030,#2031,#2032);
#2030 = CARTESIAN_POINT('',(164.68896825432,-148.8394402908,0.));
#2031 = DIRECTION('',(0.,0.,1.));
#2032 = DIRECTION('',(-0.504516781969,-0.863401885979,0.));
#2033 = ORIENTED_EDGE('',*,*,#2034,.F.);
#2034 = EDGE_CURVE('',#2035,#2026,#2037,.T.);
#2035 = VERTEX_POINT('',#2036);
#2036 = CARTESIAN_POINT('',(164.184452,-149.202842,0.));
#2037 = CIRCLE('',#2038,0.500008729288);
#2038 = AXIS2_PLACEMENT_3D('',#2039,#2040,#2041);
#2039 = CARTESIAN_POINT('',(164.18444934312,-149.7028507292,0.));
#2040 = DIRECTION('',(0.,0.,-1.));
#2041 = DIRECTION('',(5.313662540564E-06,0.999999999986,0.));
#2042 = ORIENTED_EDGE('',*,*,#2043,.F.);
#2043 = EDGE_CURVE('',#2044,#2035,#2046,.T.);
#2044 = VERTEX_POINT('',#2045);
#2045 = CARTESIAN_POINT('',(162.595546,-149.202841,0.));
#2046 = LINE('',#2047,#2048);
#2047 = CARTESIAN_POINT('',(162.595546,-149.202841,0.));
#2048 = VECTOR('',#2049,1.);
#2049 = DIRECTION('',(1.,-6.29363850017E-07,0.));
#2050 = ORIENTED_EDGE('',*,*,#2051,.F.);
#2051 = EDGE_CURVE('',#2052,#2044,#2054,.T.);
#2052 = VERTEX_POINT('',#2053);
#2053 = CARTESIAN_POINT('',(162.343288,-149.27114,0.));
#2054 = CIRCLE('',#2055,0.500008729288);
#2055 = AXIS2_PLACEMENT_3D('',#2056,#2057,#2058);
#2056 = CARTESIAN_POINT('',(162.59554865687,-149.7028497292,0.));
#2057 = DIRECTION('',(0.,0.,-1.));
#2058 = DIRECTION('',(-0.504512505686,0.863404384751,0.));
#2059 = ORIENTED_EDGE('',*,*,#2060,.F.);
#2060 = EDGE_CURVE('',#2061,#2052,#2063,.T.);
#2061 = VERTEX_POINT('',#2062);
#2062 = CARTESIAN_POINT('',(161.640515,-148.622562,0.));
#2063 = CIRCLE('',#2064,0.499999422661);
#2064 = AXIS2_PLACEMENT_3D('',#2065,#2066,#2067);
#2065 = CARTESIAN_POINT('',(162.09102970448,-148.8394396699,0.));
#2066 = DIRECTION('',(0.,0.,1.));
#2067 = DIRECTION('',(-0.901030449374,0.433755840654,0.));
#2068 = ORIENTED_EDGE('',*,*,#2069,.F.);
#2069 = EDGE_CURVE('',#2070,#2061,#2072,.T.);
#2070 = VERTEX_POINT('',#2071);
#2071 = CARTESIAN_POINT('',(161.69,-148.405685,0.));
#2072 = CIRCLE('',#2073,0.499989884977);
#2073 = AXIS2_PLACEMENT_3D('',#2074,#2075,#2076);
#2074 = CARTESIAN_POINT('',(161.19001011502,-148.4056859208,0.));
#2075 = DIRECTION('',(0.,0.,-1.));
#2076 = DIRECTION('',(0.999999999998,1.841808653046E-06,0.));
#2077 = ORIENTED_EDGE('',*,*,#2078,.F.);
#2078 = EDGE_CURVE('',#2079,#2070,#2081,.T.);
#2079 = VERTEX_POINT('',#2080);
#2080 = CARTESIAN_POINT('',(161.69,-147.,0.));
#2081 = LINE('',#2082,#2083);
#2082 = CARTESIAN_POINT('',(161.69,-147.,0.));
#2083 = VECTOR('',#2084,1.);
#2084 = DIRECTION('',(0.,-1.,0.));
#2085 = ORIENTED_EDGE('',*,*,#2086,.F.);
#2086 = EDGE_CURVE('',#1956,#2079,#2087,.T.);
#2087 = CIRCLE('',#2088,0.499989885034);
#2088 = AXIS2_PLACEMENT_3D('',#2089,#2090,#2091);
#2089 = CARTESIAN_POINT('',(161.19001011496,-146.9999980791,0.));
#2090 = DIRECTION('',(0.,0.,-1.));
#2091 = DIRECTION('',(0.901027997796,0.43376093322,0.));
#2092 = FACE_BOUND('',#2093,.F.);
#2093 = EDGE_LOOP('',(#2094));
#2094 = ORIENTED_EDGE('',*,*,#2095,.T.);
#2095 = EDGE_CURVE('',#2096,#2096,#2098,.T.);
#2096 = VERTEX_POINT('',#2097);
#2097 = CARTESIAN_POINT('',(148.63,-143.53,0.));
#2098 = CIRCLE('',#2099,0.85);
#2099 = AXIS2_PLACEMENT_3D('',#2100,#2101,#2102);
#2100 = CARTESIAN_POINT('',(148.63,-142.68,0.));
#2101 = DIRECTION('',(-0.,0.,-1.));
#2102 = DIRECTION('',(-0.,-1.,0.));
#2103 = FACE_BOUND('',#2104,.F.);
#2104 = EDGE_LOOP('',(#2105));
#2105 = ORIENTED_EDGE('',*,*,#2106,.T.);
#2106 = EDGE_CURVE('',#2107,#2107,#2109,.T.);
#2107 = VERTEX_POINT('',#2108);
#2108 = CARTESIAN_POINT('',(146.09,-138.35,0.));
#2109 = CIRCLE('',#2110,0.75);
#2110 = AXIS2_PLACEMENT_3D('',#2111,#2112,#2113);
#2111 = CARTESIAN_POINT('',(146.09,-137.6,0.));
#2112 = DIRECTION('',(-0.,0.,-1.));
#2113 = DIRECTION('',(-0.,-1.,0.));
#2114 = FACE_BOUND('',#2115,.F.);
#2115 = EDGE_LOOP('',(#2116));
#2116 = ORIENTED_EDGE('',*,*,#2117,.T.);
#2117 = EDGE_CURVE('',#2118,#2118,#2120,.T.);
#2118 = VERTEX_POINT('',#2119);
#2119 = CARTESIAN_POINT('',(158.47,-143.53,0.));
#2120 = CIRCLE('',#2121,0.85);
#2121 = AXIS2_PLACEMENT_3D('',#2122,#2123,#2124);
#2122 = CARTESIAN_POINT('',(158.47,-142.68,0.));
#2123 = DIRECTION('',(-0.,0.,-1.));
#2124 = DIRECTION('',(-0.,-1.,0.));
#2125 = FACE_BOUND('',#2126,.F.);
#2126 = EDGE_LOOP('',(#2127));
#2127 = ORIENTED_EDGE('',*,*,#2128,.T.);
#2128 = EDGE_CURVE('',#2129,#2129,#2131,.T.);
#2129 = VERTEX_POINT('',#2130);
#2130 = CARTESIAN_POINT('',(159.74,-140.89,0.));
#2131 = CIRCLE('',#2132,0.75);
#2132 = AXIS2_PLACEMENT_3D('',#2133,#2134,#2135);
#2133 = CARTESIAN_POINT('',(159.74,-140.14,0.));
#2134 = DIRECTION('',(-0.,0.,-1.));
#2135 = DIRECTION('',(-0.,-1.,0.));
#2136 = FACE_BOUND('',#2137,.F.);
#2137 = EDGE_LOOP('',(#2138));
#2138 = ORIENTED_EDGE('',*,*,#2139,.T.);
#2139 = EDGE_CURVE('',#2140,#2140,#2142,.T.);
#2140 = VERTEX_POINT('',#2141);
#2141 = CARTESIAN_POINT('',(163.55,-144.68,0.));
#2142 = CIRCLE('',#2143,2.);
#2143 = AXIS2_PLACEMENT_3D('',#2144,#2145,#2146);
#2144 = CARTESIAN_POINT('',(163.55,-142.68,0.));
#2145 = DIRECTION('',(-0.,0.,-1.));
#2146 = DIRECTION('',(-0.,-1.,0.));
#2147 = FACE_BOUND('',#2148,.F.);
#2148 = EDGE_LOOP('',(#2149));
#2149 = ORIENTED_EDGE('',*,*,#2150,.T.);
#2150 = EDGE_CURVE('',#2151,#2151,#2153,.T.);
#2151 = VERTEX_POINT('',#2152);
#2152 = CARTESIAN_POINT('',(166.09,-138.35,0.));
#2153 = CIRCLE('',#2154,0.75);
#2154 = AXIS2_PLACEMENT_3D('',#2155,#2156,#2157);
#2155 = CARTESIAN_POINT('',(166.09,-137.6,0.));
#2156 = DIRECTION('',(-0.,0.,-1.));
#2157 = DIRECTION('',(-0.,-1.,0.));
#2158 = FACE_BOUND('',#2159,.F.);
#2159 = EDGE_LOOP('',(#2160));
#2160 = ORIENTED_EDGE('',*,*,#2161,.T.);
#2161 = EDGE_CURVE('',#2162,#2162,#2164,.T.);
#2162 = VERTEX_POINT('',#2163);
#2163 = CARTESIAN_POINT('',(167.4,-154.6,0.));
#2164 = CIRCLE('',#2165,0.4);
#2165 = AXIS2_PLACEMENT_3D('',#2166,#2167,#2168);
#2166 = CARTESIAN_POINT('',(167.4,-154.2,0.));
#2167 = DIRECTION('',(-0.,0.,-1.));
#2168 = DIRECTION('',(-0.,-1.,0.));
#2169 = FACE_BOUND('',#2170,.F.);
#2170 = EDGE_LOOP('',(#2171));
#2171 = ORIENTED_EDGE('',*,*,#2172,.T.);
#2172 = EDGE_CURVE('',#2173,#2173,#2175,.T.);
#2173 = VERTEX_POINT('',#2174);
#2174 = CARTESIAN_POINT('',(173.34,-154.408,0.));
#2175 = CIRCLE('',#2176,0.5);
#2176 = AXIS2_PLACEMENT_3D('',#2177,#2178,#2179);
#2177 = CARTESIAN_POINT('',(173.34,-153.908,0.));
#2178 = DIRECTION('',(-0.,0.,-1.));
#2179 = DIRECTION('',(-0.,-1.,0.));
#2180 = FACE_BOUND('',#2181,.F.);
#2181 = EDGE_LOOP('',(#2182));
#2182 = ORIENTED_EDGE('',*,*,#2183,.T.);
#2183 = EDGE_CURVE('',#2184,#2184,#2186,.T.);
#2184 = VERTEX_POINT('',#2185);
#2185 = CARTESIAN_POINT('',(173.34,-151.868,0.));
#2186 = CIRCLE('',#2187,0.5);
#2187 = AXIS2_PLACEMENT_3D('',#2188,#2189,#2190);
#2188 = CARTESIAN_POINT('',(173.34,-151.368,0.));
#2189 = DIRECTION('',(-0.,0.,-1.));
#2190 = DIRECTION('',(-0.,-1.,0.));
#2191 = FACE_BOUND('',#2192,.F.);
#2192 = EDGE_LOOP('',(#2193));
#2193 = ORIENTED_EDGE('',*,*,#2194,.T.);
#2194 = EDGE_CURVE('',#2195,#2195,#2197,.T.);
#2195 = VERTEX_POINT('',#2196);
#2196 = CARTESIAN_POINT('',(173.34,-149.328,0.));
#2197 = CIRCLE('',#2198,0.5);
#2198 = AXIS2_PLACEMENT_3D('',#2199,#2200,#2201);
#2199 = CARTESIAN_POINT('',(173.34,-148.828,0.));
#2200 = DIRECTION('',(-0.,0.,-1.));
#2201 = DIRECTION('',(-0.,-1.,0.));
#2202 = FACE_BOUND('',#2203,.F.);
#2203 = EDGE_LOOP('',(#2204));
#2204 = ORIENTED_EDGE('',*,*,#2205,.T.);
#2205 = EDGE_CURVE('',#2206,#2206,#2208,.T.);
#2206 = VERTEX_POINT('',#2207);
#2207 = CARTESIAN_POINT('',(173.34,-146.788,0.));
#2208 = CIRCLE('',#2209,0.5);
#2209 = AXIS2_PLACEMENT_3D('',#2210,#2211,#2212);
#2210 = CARTESIAN_POINT('',(173.34,-146.288,0.));
#2211 = DIRECTION('',(-0.,0.,-1.));
#2212 = DIRECTION('',(-0.,-1.,0.));
#2213 = FACE_BOUND('',#2214,.F.);
#2214 = EDGE_LOOP('',(#2215));
#2215 = ORIENTED_EDGE('',*,*,#2216,.T.);
#2216 = EDGE_CURVE('',#2217,#2217,#2219,.T.);
#2217 = VERTEX_POINT('',#2218);
#2218 = CARTESIAN_POINT('',(173.34,-144.248,0.));
#2219 = CIRCLE('',#2220,0.5);
#2220 = AXIS2_PLACEMENT_3D('',#2221,#2222,#2223);
#2221 = CARTESIAN_POINT('',(173.34,-143.748,0.));
#2222 = DIRECTION('',(-0.,0.,-1.));
#2223 = DIRECTION('',(-0.,-1.,0.));
#2224 = FACE_BOUND('',#2225,.F.);
#2225 = EDGE_LOOP('',(#2226));
#2226 = ORIENTED_EDGE('',*,*,#2227,.T.);
#2227 = EDGE_CURVE('',#2228,#2228,#2230,.T.);
#2228 = VERTEX_POINT('',#2229);
#2229 = CARTESIAN_POINT('',(188.59,-154.408,0.));
#2230 = CIRCLE('',#2231,0.5);
#2231 = AXIS2_PLACEMENT_3D('',#2232,#2233,#2234);
#2232 = CARTESIAN_POINT('',(188.59,-153.908,0.));
#2233 = DIRECTION('',(-0.,0.,-1.));
#2234 = DIRECTION('',(-0.,-1.,0.));
#2235 = FACE_BOUND('',#2236,.F.);
#2236 = EDGE_LOOP('',(#2237));
#2237 = ORIENTED_EDGE('',*,*,#2238,.T.);
#2238 = EDGE_CURVE('',#2239,#2239,#2241,.T.);
#2239 = VERTEX_POINT('',#2240);
#2240 = CARTESIAN_POINT('',(188.59,-151.868,0.));
#2241 = CIRCLE('',#2242,0.5);
#2242 = AXIS2_PLACEMENT_3D('',#2243,#2244,#2245);
#2243 = CARTESIAN_POINT('',(188.59,-151.368,0.));
#2244 = DIRECTION('',(-0.,0.,-1.));
#2245 = DIRECTION('',(-0.,-1.,0.));
#2246 = FACE_BOUND('',#2247,.F.);
#2247 = EDGE_LOOP('',(#2248));
#2248 = ORIENTED_EDGE('',*,*,#2249,.T.);
#2249 = EDGE_CURVE('',#2250,#2250,#2252,.T.);
#2250 = VERTEX_POINT('',#2251);
#2251 = CARTESIAN_POINT('',(188.59,-149.328,0.));
#2252 = CIRCLE('',#2253,0.5);
#2253 = AXIS2_PLACEMENT_3D('',#2254,#2255,#2256);
#2254 = CARTESIAN_POINT('',(188.59,-148.828,0.));
#2255 = DIRECTION('',(-0.,0.,-1.));
#2256 = DIRECTION('',(-0.,-1.,0.));
#2257 = FACE_BOUND('',#2258,.F.);
#2258 = EDGE_LOOP('',(#2259));
#2259 = ORIENTED_EDGE('',*,*,#2260,.T.);
#2260 = EDGE_CURVE('',#2261,#2261,#2263,.T.);
#2261 = VERTEX_POINT('',#2262);
#2262 = CARTESIAN_POINT('',(188.59,-146.788,0.));
#2263 = CIRCLE('',#2264,0.5);
#2264 = AXIS2_PLACEMENT_3D('',#2265,#2266,#2267);
#2265 = CARTESIAN_POINT('',(188.59,-146.288,0.));
#2266 = DIRECTION('',(-0.,0.,-1.));
#2267 = DIRECTION('',(-0.,-1.,0.));
#2268 = FACE_BOUND('',#2269,.F.);
#2269 = EDGE_LOOP('',(#2270));
#2270 = ORIENTED_EDGE('',*,*,#2271,.T.);
#2271 = EDGE_CURVE('',#2272,#2272,#2274,.T.);
#2272 = VERTEX_POINT('',#2273);
#2273 = CARTESIAN_POINT('',(188.59,-144.248,0.));
#2274 = CIRCLE('',#2275,0.5);
#2275 = AXIS2_PLACEMENT_3D('',#2276,#2277,#2278);
#2276 = CARTESIAN_POINT('',(188.59,-143.748,0.));
#2277 = DIRECTION('',(-0.,0.,-1.));
#2278 = DIRECTION('',(-0.,-1.,0.));
#2279 = FACE_BOUND('',#2280,.F.);
#2280 = EDGE_LOOP('',(#2281));
#2281 = ORIENTED_EDGE('',*,*,#2282,.T.);
#2282 = EDGE_CURVE('',#2283,#2283,#2285,.T.);
#2283 = VERTEX_POINT('',#2284);
#2284 = CARTESIAN_POINT('',(168.63,-143.53,0.));
#2285 = CIRCLE('',#2286,0.85);
#2286 = AXIS2_PLACEMENT_3D('',#2287,#2288,#2289);
#2287 = CARTESIAN_POINT('',(168.63,-142.68,0.));
#2288 = DIRECTION('',(-0.,0.,-1.));
#2289 = DIRECTION('',(-0.,-1.,0.));
#2290 = FACE_BOUND('',#2291,.F.);
#2291 = EDGE_LOOP('',(#2292));
#2292 = ORIENTED_EDGE('',*,*,#2293,.T.);
#2293 = EDGE_CURVE('',#2294,#2294,#2296,.T.);
#2294 = VERTEX_POINT('',#2295);
#2295 = CARTESIAN_POINT('',(173.34,-141.708,0.));
#2296 = CIRCLE('',#2297,0.5);
#2297 = AXIS2_PLACEMENT_3D('',#2298,#2299,#2300);
#2298 = CARTESIAN_POINT('',(173.34,-141.208,0.));
#2299 = DIRECTION('',(-0.,0.,-1.));
#2300 = DIRECTION('',(-0.,-1.,0.));
#2301 = FACE_BOUND('',#2302,.F.);
#2302 = EDGE_LOOP('',(#2303));
#2303 = ORIENTED_EDGE('',*,*,#2304,.T.);
#2304 = EDGE_CURVE('',#2305,#2305,#2307,.T.);
#2305 = VERTEX_POINT('',#2306);
#2306 = CARTESIAN_POINT('',(173.34,-139.168,0.));
#2307 = CIRCLE('',#2308,0.5);
#2308 = AXIS2_PLACEMENT_3D('',#2309,#2310,#2311);
#2309 = CARTESIAN_POINT('',(173.34,-138.668,0.));
#2310 = DIRECTION('',(-0.,0.,-1.));
#2311 = DIRECTION('',(-0.,-1.,0.));
#2312 = FACE_BOUND('',#2313,.F.);
#2313 = EDGE_LOOP('',(#2314));
#2314 = ORIENTED_EDGE('',*,*,#2315,.T.);
#2315 = EDGE_CURVE('',#2316,#2316,#2318,.T.);
#2316 = VERTEX_POINT('',#2317);
#2317 = CARTESIAN_POINT('',(188.59,-141.708,0.));
#2318 = CIRCLE('',#2319,0.5);
#2319 = AXIS2_PLACEMENT_3D('',#2320,#2321,#2322);
#2320 = CARTESIAN_POINT('',(188.59,-141.208,0.));
#2321 = DIRECTION('',(-0.,0.,-1.));
#2322 = DIRECTION('',(-0.,-1.,0.));
#2323 = FACE_BOUND('',#2324,.F.);
#2324 = EDGE_LOOP('',(#2325));
#2325 = ORIENTED_EDGE('',*,*,#2326,.T.);
#2326 = EDGE_CURVE('',#2327,#2327,#2329,.T.);
#2327 = VERTEX_POINT('',#2328);
#2328 = CARTESIAN_POINT('',(188.59,-139.168,0.));
#2329 = CIRCLE('',#2330,0.5);
#2330 = AXIS2_PLACEMENT_3D('',#2331,#2332,#2333);
#2331 = CARTESIAN_POINT('',(188.59,-138.668,0.));
#2332 = DIRECTION('',(-0.,0.,-1.));
#2333 = DIRECTION('',(-0.,-1.,0.));
#2334 = FACE_BOUND('',#2335,.F.);
#2335 = EDGE_LOOP('',(#2336));
#2336 = ORIENTED_EDGE('',*,*,#2337,.T.);
#2337 = EDGE_CURVE('',#2338,#2338,#2340,.T.);
#2338 = VERTEX_POINT('',#2339);
#2339 = CARTESIAN_POINT('',(146.59,-130.2,0.));
#2340 = CIRCLE('',#2341,0.4);
#2341 = AXIS2_PLACEMENT_3D('',#2342,#2343,#2344);
#2342 = CARTESIAN_POINT('',(146.59,-129.8,0.));
#2343 = DIRECTION('',(-0.,0.,-1.));
#2344 = DIRECTION('',(-0.,-1.,0.));
#2345 = FACE_BOUND('',#2346,.F.);
#2346 = EDGE_LOOP('',(#2347));
#2347 = ORIENTED_EDGE('',*,*,#2348,.T.);
#2348 = EDGE_CURVE('',#2349,#2349,#2351,.T.);
#2349 = VERTEX_POINT('',#2350);
#2350 = CARTESIAN_POINT('',(159.98,-130.2,0.));
#2351 = CIRCLE('',#2352,0.4);
#2352 = AXIS2_PLACEMENT_3D('',#2353,#2354,#2355);
#2353 = CARTESIAN_POINT('',(159.98,-129.8,0.));
#2354 = DIRECTION('',(-0.,0.,-1.));
#2355 = DIRECTION('',(-7.105427357601E-14,-1.,0.));
#2356 = FACE_BOUND('',#2357,.F.);
#2357 = EDGE_LOOP('',(#2358,#2369,#2378,#2386,#2395,#2404,#2413,#2421,
    #2430,#2439,#2448,#2456,#2465,#2474,#2483,#2491));
#2358 = ORIENTED_EDGE('',*,*,#2359,.F.);
#2359 = EDGE_CURVE('',#2360,#2362,#2364,.T.);
#2360 = VERTEX_POINT('',#2361);
#2361 = CARTESIAN_POINT('',(165.339483,-121.583122,0.));
#2362 = VERTEX_POINT('',#2363);
#2363 = CARTESIAN_POINT('',(164.63671,-120.934545,0.));
#2364 = CIRCLE('',#2365,0.499999092786);
#2365 = AXIS2_PLACEMENT_3D('',#2366,#2367,#2368);
#2366 = CARTESIAN_POINT('',(164.88896839101,-121.3662448922,0.));
#2367 = DIRECTION('',(0.,0.,1.));
#2368 = DIRECTION('',(0.901030852831,-0.43375500256,0.));
#2369 = ORIENTED_EDGE('',*,*,#2370,.F.);
#2370 = EDGE_CURVE('',#2371,#2360,#2373,.T.);
#2371 = VERTEX_POINT('',#2372);
#2372 = CARTESIAN_POINT('',(165.289998,-121.8,0.));
#2373 = CIRCLE('',#2374,0.499989885034);
#2374 = AXIS2_PLACEMENT_3D('',#2375,#2376,#2377);
#2375 = CARTESIAN_POINT('',(165.78998788503,-121.7999980791,0.));
#2376 = DIRECTION('',(0.,0.,-1.));
#2377 = DIRECTION('',(-0.999999999993,-3.841811448942E-06,-0.));
#2378 = ORIENTED_EDGE('',*,*,#2379,.F.);
#2379 = EDGE_CURVE('',#2380,#2371,#2382,.T.);
#2380 = VERTEX_POINT('',#2381);
#2381 = CARTESIAN_POINT('',(165.289998,-123.205684,0.));
#2382 = LINE('',#2383,#2384);
#2383 = CARTESIAN_POINT('',(165.289998,-123.205684,0.));
#2384 = VECTOR('',#2385,1.);
#2385 = DIRECTION('',(0.,1.,0.));
#2386 = ORIENTED_EDGE('',*,*,#2387,.F.);
#2387 = EDGE_CURVE('',#2388,#2380,#2390,.T.);
#2388 = VERTEX_POINT('',#2389);
#2389 = CARTESIAN_POINT('',(165.339483,-123.422562,0.));
#2390 = CIRCLE('',#2391,0.499989885034);
#2391 = AXIS2_PLACEMENT_3D('',#2392,#2393,#2394);
#2392 = CARTESIAN_POINT('',(165.78998788503,-123.2056859208,0.));
#2393 = DIRECTION('',(0.,0.,-1.));
#2394 = DIRECTION('',(-0.901027997796,-0.43376093322,-0.));
#2395 = ORIENTED_EDGE('',*,*,#2396,.F.);
#2396 = EDGE_CURVE('',#2397,#2388,#2399,.T.);
#2397 = VERTEX_POINT('',#2398);
#2398 = CARTESIAN_POINT('',(164.63671,-124.071141,0.));
#2399 = CIRCLE('',#2400,0.499999729127);
#2400 = AXIS2_PLACEMENT_3D('',#2401,#2402,#2403);
#2401 = CARTESIAN_POINT('',(164.88896825432,-123.6394402908,0.));
#2402 = DIRECTION('',(0.,0.,1.));
#2403 = DIRECTION('',(-0.504516781969,-0.863401885979,0.));
#2404 = ORIENTED_EDGE('',*,*,#2405,.F.);
#2405 = EDGE_CURVE('',#2406,#2397,#2408,.T.);
#2406 = VERTEX_POINT('',#2407);
#2407 = CARTESIAN_POINT('',(164.384452,-124.002842,0.));
#2408 = CIRCLE('',#2409,0.500008729288);
#2409 = AXIS2_PLACEMENT_3D('',#2410,#2411,#2412);
#2410 = CARTESIAN_POINT('',(164.38444934312,-124.5028507292,0.));
#2411 = DIRECTION('',(0.,0.,-1.));
#2412 = DIRECTION('',(5.31366276793E-06,0.999999999986,0.));
#2413 = ORIENTED_EDGE('',*,*,#2414,.F.);
#2414 = EDGE_CURVE('',#2415,#2406,#2417,.T.);
#2415 = VERTEX_POINT('',#2416);
#2416 = CARTESIAN_POINT('',(162.795546,-124.002841,0.));
#2417 = LINE('',#2418,#2419);
#2418 = CARTESIAN_POINT('',(162.795546,-124.002841,0.));
#2419 = VECTOR('',#2420,1.);
#2420 = DIRECTION('',(1.,-6.29363850017E-07,0.));
#2421 = ORIENTED_EDGE('',*,*,#2422,.F.);
#2422 = EDGE_CURVE('',#2423,#2415,#2425,.T.);
#2423 = VERTEX_POINT('',#2424);
#2424 = CARTESIAN_POINT('',(162.543288,-124.07114,0.));
#2425 = CIRCLE('',#2426,0.500008729288);
#2426 = AXIS2_PLACEMENT_3D('',#2427,#2428,#2429);
#2427 = CARTESIAN_POINT('',(162.79554865687,-124.5028497292,0.));
#2428 = DIRECTION('',(0.,0.,-1.));
#2429 = DIRECTION('',(-0.504512505685,0.863404384751,0.));
#2430 = ORIENTED_EDGE('',*,*,#2431,.F.);
#2431 = EDGE_CURVE('',#2432,#2423,#2434,.T.);
#2432 = VERTEX_POINT('',#2433);
#2433 = CARTESIAN_POINT('',(161.840515,-123.422562,0.));
#2434 = CIRCLE('',#2435,0.499999422661);
#2435 = AXIS2_PLACEMENT_3D('',#2436,#2437,#2438);
#2436 = CARTESIAN_POINT('',(162.29102970448,-123.6394396699,0.));
#2437 = DIRECTION('',(0.,0.,1.));
#2438 = DIRECTION('',(-0.901030449374,0.433755840654,0.));
#2439 = ORIENTED_EDGE('',*,*,#2440,.F.);
#2440 = EDGE_CURVE('',#2441,#2432,#2443,.T.);
#2441 = VERTEX_POINT('',#2442);
#2442 = CARTESIAN_POINT('',(161.89,-123.205684,0.));
#2443 = CIRCLE('',#2444,0.499989885034);
#2444 = AXIS2_PLACEMENT_3D('',#2445,#2446,#2447);
#2445 = CARTESIAN_POINT('',(161.39001011497,-123.2056859208,0.));
#2446 = DIRECTION('',(0.,0.,-1.));
#2447 = DIRECTION('',(0.999999999993,3.841811733168E-06,0.));
#2448 = ORIENTED_EDGE('',*,*,#2449,.F.);
#2449 = EDGE_CURVE('',#2450,#2441,#2452,.T.);
#2450 = VERTEX_POINT('',#2451);
#2451 = CARTESIAN_POINT('',(161.89,-121.8,0.));
#2452 = LINE('',#2453,#2454);
#2453 = CARTESIAN_POINT('',(161.89,-121.8,0.));
#2454 = VECTOR('',#2455,1.);
#2455 = DIRECTION('',(0.,-1.,0.));
#2456 = ORIENTED_EDGE('',*,*,#2457,.F.);
#2457 = EDGE_CURVE('',#2458,#2450,#2460,.T.);
#2458 = VERTEX_POINT('',#2459);
#2459 = CARTESIAN_POINT('',(161.840515,-121.583123,0.));
#2460 = CIRCLE('',#2461,0.49998122973);
#2461 = AXIS2_PLACEMENT_3D('',#2462,#2463,#2464);
#2462 = CARTESIAN_POINT('',(161.39001877027,-121.7999971042,0.));
#2463 = DIRECTION('',(0.,0.,-1.));
#2464 = DIRECTION('',(0.901026284456,0.433764492229,0.));
#2465 = ORIENTED_EDGE('',*,*,#2466,.F.);
#2466 = EDGE_CURVE('',#2467,#2458,#2469,.T.);
#2467 = VERTEX_POINT('',#2468);
#2468 = CARTESIAN_POINT('',(162.543288,-120.934543,0.));
#2469 = CIRCLE('',#2470,0.499999755443);
#2470 = AXIS2_PLACEMENT_3D('',#2471,#2472,#2473);
#2471 = CARTESIAN_POINT('',(162.2910291369,-121.3662433838,0.));
#2472 = DIRECTION('',(0.,0.,1.));
#2473 = DIRECTION('',(0.504517972959,0.863401190039,-0.));
#2474 = ORIENTED_EDGE('',*,*,#2475,.F.);
#2475 = EDGE_CURVE('',#2476,#2467,#2478,.T.);
#2476 = VERTEX_POINT('',#2477);
#2477 = CARTESIAN_POINT('',(162.795547,-121.002842,0.));
#2478 = CIRCLE('',#2479,0.500008729226);
#2479 = AXIS2_PLACEMENT_3D('',#2480,#2481,#2482);
#2480 = CARTESIAN_POINT('',(162.79554865685,-120.5028332707,0.));
#2481 = DIRECTION('',(0.,0.,-1.));
#2482 = DIRECTION('',(-3.313649260187E-06,-0.999999999995,-0.));
#2483 = ORIENTED_EDGE('',*,*,#2484,.F.);
#2484 = EDGE_CURVE('',#2485,#2476,#2487,.T.);
#2485 = VERTEX_POINT('',#2486);
#2486 = CARTESIAN_POINT('',(164.384451,-121.002842,0.));
#2487 = LINE('',#2488,#2489);
#2488 = CARTESIAN_POINT('',(164.384451,-121.002842,0.));
#2489 = VECTOR('',#2490,1.);
#2490 = DIRECTION('',(-1.,0.,0.));
#2491 = ORIENTED_EDGE('',*,*,#2492,.F.);
#2492 = EDGE_CURVE('',#2362,#2485,#2493,.T.);
#2493 = CIRCLE('',#2494,0.500040834725);
#2494 = AXIS2_PLACEMENT_3D('',#2495,#2496,#2497);
#2495 = CARTESIAN_POINT('',(164.38444407362,-120.5028011653,0.));
#2496 = DIRECTION('',(0.,0.,-1.));
#2497 = DIRECTION('',(0.50449065128,-0.86341715455,0.));
#2498 = FACE_BOUND('',#2499,.F.);
#2499 = EDGE_LOOP('',(#2500));
#2500 = ORIENTED_EDGE('',*,*,#2501,.T.);
#2501 = EDGE_CURVE('',#2502,#2502,#2504,.T.);
#2502 = VERTEX_POINT('',#2503);
#2503 = CARTESIAN_POINT('',(148.63,-118.53,0.));
#2504 = CIRCLE('',#2505,0.85);
#2505 = AXIS2_PLACEMENT_3D('',#2506,#2507,#2508);
#2506 = CARTESIAN_POINT('',(148.63,-117.68,0.));
#2507 = DIRECTION('',(-0.,0.,-1.));
#2508 = DIRECTION('',(-0.,-1.,0.));
#2509 = FACE_BOUND('',#2510,.F.);
#2510 = EDGE_LOOP('',(#2511));
#2511 = ORIENTED_EDGE('',*,*,#2512,.T.);
#2512 = EDGE_CURVE('',#2513,#2513,#2515,.T.);
#2513 = VERTEX_POINT('',#2514);
#2514 = CARTESIAN_POINT('',(146.09,-113.35,0.));
#2515 = CIRCLE('',#2516,0.75);
#2516 = AXIS2_PLACEMENT_3D('',#2517,#2518,#2519);
#2517 = CARTESIAN_POINT('',(146.09,-112.6,0.));
#2518 = DIRECTION('',(-0.,0.,-1.));
#2519 = DIRECTION('',(-0.,-1.,0.));
#2520 = FACE_BOUND('',#2521,.F.);
#2521 = EDGE_LOOP('',(#2522));
#2522 = ORIENTED_EDGE('',*,*,#2523,.T.);
#2523 = EDGE_CURVE('',#2524,#2524,#2526,.T.);
#2524 = VERTEX_POINT('',#2525);
#2525 = CARTESIAN_POINT('',(158.47,-118.53,0.));
#2526 = CIRCLE('',#2527,0.85);
#2527 = AXIS2_PLACEMENT_3D('',#2528,#2529,#2530);
#2528 = CARTESIAN_POINT('',(158.47,-117.68,0.));
#2529 = DIRECTION('',(-0.,0.,-1.));
#2530 = DIRECTION('',(-0.,-1.,0.));
#2531 = FACE_BOUND('',#2532,.F.);
#2532 = EDGE_LOOP('',(#2533));
#2533 = ORIENTED_EDGE('',*,*,#2534,.T.);
#2534 = EDGE_CURVE('',#2535,#2535,#2537,.T.);
#2535 = VERTEX_POINT('',#2536);
#2536 = CARTESIAN_POINT('',(159.74,-115.89,0.));
#2537 = CIRCLE('',#2538,0.75);
#2538 = AXIS2_PLACEMENT_3D('',#2539,#2540,#2541);
#2539 = CARTESIAN_POINT('',(159.74,-115.14,0.));
#2540 = DIRECTION('',(-0.,0.,-1.));
#2541 = DIRECTION('',(-0.,-1.,0.));
#2542 = FACE_BOUND('',#2543,.F.);
#2543 = EDGE_LOOP('',(#2544));
#2544 = ORIENTED_EDGE('',*,*,#2545,.T.);
#2545 = EDGE_CURVE('',#2546,#2546,#2548,.T.);
#2546 = VERTEX_POINT('',#2547);
#2547 = CARTESIAN_POINT('',(163.55,-119.68,0.));
#2548 = CIRCLE('',#2549,2.);
#2549 = AXIS2_PLACEMENT_3D('',#2550,#2551,#2552);
#2550 = CARTESIAN_POINT('',(163.55,-117.68,0.));
#2551 = DIRECTION('',(-0.,0.,-1.));
#2552 = DIRECTION('',(-0.,-1.,0.));
#2553 = FACE_BOUND('',#2554,.F.);
#2554 = EDGE_LOOP('',(#2555));
#2555 = ORIENTED_EDGE('',*,*,#2556,.T.);
#2556 = EDGE_CURVE('',#2557,#2557,#2559,.T.);
#2557 = VERTEX_POINT('',#2558);
#2558 = CARTESIAN_POINT('',(166.09,-113.35,0.));
#2559 = CIRCLE('',#2560,0.75);
#2560 = AXIS2_PLACEMENT_3D('',#2561,#2562,#2563);
#2561 = CARTESIAN_POINT('',(166.09,-112.6,0.));
#2562 = DIRECTION('',(-0.,0.,-1.));
#2563 = DIRECTION('',(-0.,-1.,0.));
#2564 = FACE_BOUND('',#2565,.F.);
#2565 = EDGE_LOOP('',(#2566));
#2566 = ORIENTED_EDGE('',*,*,#2567,.T.);
#2567 = EDGE_CURVE('',#2568,#2568,#2570,.T.);
#2568 = VERTEX_POINT('',#2569);
#2569 = CARTESIAN_POINT('',(167.6,-130.2,0.));
#2570 = CIRCLE('',#2571,0.4);
#2571 = AXIS2_PLACEMENT_3D('',#2572,#2573,#2574);
#2572 = CARTESIAN_POINT('',(167.6,-129.8,0.));
#2573 = DIRECTION('',(-0.,0.,-1.));
#2574 = DIRECTION('',(-0.,-1.,0.));
#2575 = FACE_BOUND('',#2576,.F.);
#2576 = EDGE_LOOP('',(#2577));
#2577 = ORIENTED_EDGE('',*,*,#2578,.T.);
#2578 = EDGE_CURVE('',#2579,#2579,#2581,.T.);
#2579 = VERTEX_POINT('',#2580);
#2580 = CARTESIAN_POINT('',(168.63,-118.53,0.));
#2581 = CIRCLE('',#2582,0.85);
#2582 = AXIS2_PLACEMENT_3D('',#2583,#2584,#2585);
#2583 = CARTESIAN_POINT('',(168.63,-117.68,0.));
#2584 = DIRECTION('',(-0.,0.,-1.));
#2585 = DIRECTION('',(-0.,-1.,0.));
#2586 = FACE_BOUND('',#2587,.F.);
#2587 = EDGE_LOOP('',(#2588,#2599,#2607,#2616));
#2588 = ORIENTED_EDGE('',*,*,#2589,.T.);
#2589 = EDGE_CURVE('',#2590,#2592,#2594,.T.);
#2590 = VERTEX_POINT('',#2591);
#2591 = CARTESIAN_POINT('',(183.64,-108.65,0.));
#2592 = VERTEX_POINT('',#2593);
#2593 = CARTESIAN_POINT('',(183.64,-110.15,0.));
#2594 = CIRCLE('',#2595,0.75);
#2595 = AXIS2_PLACEMENT_3D('',#2596,#2597,#2598);
#2596 = CARTESIAN_POINT('',(183.64,-109.4,0.));
#2597 = DIRECTION('',(-0.,0.,-1.));
#2598 = DIRECTION('',(-0.,-1.,0.));
#2599 = ORIENTED_EDGE('',*,*,#2600,.T.);
#2600 = EDGE_CURVE('',#2592,#2601,#2603,.T.);
#2601 = VERTEX_POINT('',#2602);
#2602 = CARTESIAN_POINT('',(182.34,-110.15,0.));
#2603 = LINE('',#2604,#2605);
#2604 = CARTESIAN_POINT('',(91.17,-110.15,0.));
#2605 = VECTOR('',#2606,1.);
#2606 = DIRECTION('',(-1.,0.,0.));
#2607 = ORIENTED_EDGE('',*,*,#2608,.T.);
#2608 = EDGE_CURVE('',#2601,#2609,#2611,.T.);
#2609 = VERTEX_POINT('',#2610);
#2610 = CARTESIAN_POINT('',(182.34,-108.65,0.));
#2611 = CIRCLE('',#2612,0.75);
#2612 = AXIS2_PLACEMENT_3D('',#2613,#2614,#2615);
#2613 = CARTESIAN_POINT('',(182.34,-109.4,0.));
#2614 = DIRECTION('',(-0.,0.,-1.));
#2615 = DIRECTION('',(0.,1.,0.));
#2616 = ORIENTED_EDGE('',*,*,#2617,.T.);
#2617 = EDGE_CURVE('',#2609,#2590,#2618,.T.);
#2618 = LINE('',#2619,#2620);
#2619 = CARTESIAN_POINT('',(91.82,-108.65,0.));
#2620 = VECTOR('',#2621,1.);
#2621 = DIRECTION('',(1.,0.,-0.));
#2622 = FACE_BOUND('',#2623,.F.);
#2623 = EDGE_LOOP('',(#2624));
#2624 = ORIENTED_EDGE('',*,*,#2625,.T.);
#2625 = EDGE_CURVE('',#2626,#2626,#2628,.T.);
#2626 = VERTEX_POINT('',#2627);
#2627 = CARTESIAN_POINT('',(99.59,-105.4,0.));
#2628 = CIRCLE('',#2629,0.4);
#2629 = AXIS2_PLACEMENT_3D('',#2630,#2631,#2632);
#2630 = CARTESIAN_POINT('',(99.59,-105.,0.));
#2631 = DIRECTION('',(-0.,0.,-1.));
#2632 = DIRECTION('',(-0.,-1.,0.));
#2633 = FACE_BOUND('',#2634,.F.);
#2634 = EDGE_LOOP('',(#2635));
#2635 = ORIENTED_EDGE('',*,*,#2636,.T.);
#2636 = EDGE_CURVE('',#2637,#2637,#2639,.T.);
#2637 = VERTEX_POINT('',#2638);
#2638 = CARTESIAN_POINT('',(107.21,-105.4,0.));
#2639 = CIRCLE('',#2640,0.4);
#2640 = AXIS2_PLACEMENT_3D('',#2641,#2642,#2643);
#2641 = CARTESIAN_POINT('',(107.21,-105.,0.));
#2642 = DIRECTION('',(-0.,0.,-1.));
#2643 = DIRECTION('',(-3.552713678801E-14,-1.,0.));
#2644 = FACE_BOUND('',#2645,.F.);
#2645 = EDGE_LOOP('',(#2646,#2657,#2666,#2674,#2683,#2692,#2701,#2709,
    #2718,#2727,#2736,#2744,#2753,#2762,#2771,#2779));
#2646 = ORIENTED_EDGE('',*,*,#2647,.F.);
#2647 = EDGE_CURVE('',#2648,#2650,#2652,.T.);
#2648 = VERTEX_POINT('',#2649);
#2649 = CARTESIAN_POINT('',(105.279483,-96.935922,0.));
#2650 = VERTEX_POINT('',#2651);
#2651 = CARTESIAN_POINT('',(104.57671,-96.287345,0.));
#2652 = CIRCLE('',#2653,0.499999092786);
#2653 = AXIS2_PLACEMENT_3D('',#2654,#2655,#2656);
#2654 = CARTESIAN_POINT('',(104.82896839101,-96.71904489222,0.));
#2655 = DIRECTION('',(0.,0.,1.));
#2656 = DIRECTION('',(0.901030852831,-0.43375500256,0.));
#2657 = ORIENTED_EDGE('',*,*,#2658,.F.);
#2658 = EDGE_CURVE('',#2659,#2648,#2661,.T.);
#2659 = VERTEX_POINT('',#2660);
#2660 = CARTESIAN_POINT('',(105.229998,-97.1528,0.));
#2661 = CIRCLE('',#2662,0.499989885034);
#2662 = AXIS2_PLACEMENT_3D('',#2663,#2664,#2665);
#2663 = CARTESIAN_POINT('',(105.72998788503,-97.15279807913,0.));
#2664 = DIRECTION('',(0.,0.,-1.));
#2665 = DIRECTION('',(-0.999999999993,-3.841811448942E-06,-0.));
#2666 = ORIENTED_EDGE('',*,*,#2667,.F.);
#2667 = EDGE_CURVE('',#2668,#2659,#2670,.T.);
#2668 = VERTEX_POINT('',#2669);
#2669 = CARTESIAN_POINT('',(105.229998,-98.558484,0.));
#2670 = LINE('',#2671,#2672);
#2671 = CARTESIAN_POINT('',(105.229998,-98.558484,0.));
#2672 = VECTOR('',#2673,1.);
#2673 = DIRECTION('',(0.,1.,0.));
#2674 = ORIENTED_EDGE('',*,*,#2675,.F.);
#2675 = EDGE_CURVE('',#2676,#2668,#2678,.T.);
#2676 = VERTEX_POINT('',#2677);
#2677 = CARTESIAN_POINT('',(105.279483,-98.775362,0.));
#2678 = CIRCLE('',#2679,0.499989885034);
#2679 = AXIS2_PLACEMENT_3D('',#2680,#2681,#2682);
#2680 = CARTESIAN_POINT('',(105.72998788503,-98.55848592086,0.));
#2681 = DIRECTION('',(0.,0.,-1.));
#2682 = DIRECTION('',(-0.901027997796,-0.43376093322,-0.));
#2683 = ORIENTED_EDGE('',*,*,#2684,.F.);
#2684 = EDGE_CURVE('',#2685,#2676,#2687,.T.);
#2685 = VERTEX_POINT('',#2686);
#2686 = CARTESIAN_POINT('',(104.57671,-99.423941,0.));
#2687 = CIRCLE('',#2688,0.499999729127);
#2688 = AXIS2_PLACEMENT_3D('',#2689,#2690,#2691);
#2689 = CARTESIAN_POINT('',(104.82896825432,-98.99224029088,0.));
#2690 = DIRECTION('',(0.,0.,1.));
#2691 = DIRECTION('',(-0.504516781969,-0.863401885979,0.));
#2692 = ORIENTED_EDGE('',*,*,#2693,.F.);
#2693 = EDGE_CURVE('',#2694,#2685,#2696,.T.);
#2694 = VERTEX_POINT('',#2695);
#2695 = CARTESIAN_POINT('',(104.324452,-99.355642,0.));
#2696 = CIRCLE('',#2697,0.500008729288);
#2697 = AXIS2_PLACEMENT_3D('',#2698,#2699,#2700);
#2698 = CARTESIAN_POINT('',(104.32444934312,-99.85565072928,0.));
#2699 = DIRECTION('',(0.,0.,-1.));
#2700 = DIRECTION('',(5.313662739509E-06,0.999999999986,0.));
#2701 = ORIENTED_EDGE('',*,*,#2702,.F.);
#2702 = EDGE_CURVE('',#2703,#2694,#2705,.T.);
#2703 = VERTEX_POINT('',#2704);
#2704 = CARTESIAN_POINT('',(102.735546,-99.355641,0.));
#2705 = LINE('',#2706,#2707);
#2706 = CARTESIAN_POINT('',(102.735546,-99.355641,0.));
#2707 = VECTOR('',#2708,1.);
#2708 = DIRECTION('',(1.,-6.29363850017E-07,0.));
#2709 = ORIENTED_EDGE('',*,*,#2710,.F.);
#2710 = EDGE_CURVE('',#2711,#2703,#2713,.T.);
#2711 = VERTEX_POINT('',#2712);
#2712 = CARTESIAN_POINT('',(102.483288,-99.42394,0.));
#2713 = CIRCLE('',#2714,0.500008729288);
#2714 = AXIS2_PLACEMENT_3D('',#2715,#2716,#2717);
#2715 = CARTESIAN_POINT('',(102.73554865687,-99.85564972928,0.));
#2716 = DIRECTION('',(0.,0.,-1.));
#2717 = DIRECTION('',(-0.504512505685,0.863404384751,0.));
#2718 = ORIENTED_EDGE('',*,*,#2719,.F.);
#2719 = EDGE_CURVE('',#2720,#2711,#2722,.T.);
#2720 = VERTEX_POINT('',#2721);
#2721 = CARTESIAN_POINT('',(101.780515,-98.775362,0.));
#2722 = CIRCLE('',#2723,0.499999422661);
#2723 = AXIS2_PLACEMENT_3D('',#2724,#2725,#2726);
#2724 = CARTESIAN_POINT('',(102.23102970448,-98.9922396699,0.));
#2725 = DIRECTION('',(0.,0.,1.));
#2726 = DIRECTION('',(-0.901030449374,0.433755840654,0.));
#2727 = ORIENTED_EDGE('',*,*,#2728,.F.);
#2728 = EDGE_CURVE('',#2729,#2720,#2731,.T.);
#2729 = VERTEX_POINT('',#2730);
#2730 = CARTESIAN_POINT('',(101.83,-98.558484,0.));
#2731 = CIRCLE('',#2732,0.499989885034);
#2732 = AXIS2_PLACEMENT_3D('',#2733,#2734,#2735);
#2733 = CARTESIAN_POINT('',(101.33001011496,-98.55848592086,0.));
#2734 = DIRECTION('',(0.,0.,-1.));
#2735 = DIRECTION('',(0.999999999993,3.841811363674E-06,0.));
#2736 = ORIENTED_EDGE('',*,*,#2737,.F.);
#2737 = EDGE_CURVE('',#2738,#2729,#2740,.T.);
#2738 = VERTEX_POINT('',#2739);
#2739 = CARTESIAN_POINT('',(101.83,-97.1528,0.));
#2740 = LINE('',#2741,#2742);
#2741 = CARTESIAN_POINT('',(101.83,-97.1528,0.));
#2742 = VECTOR('',#2743,1.);
#2743 = DIRECTION('',(0.,-1.,0.));
#2744 = ORIENTED_EDGE('',*,*,#2745,.F.);
#2745 = EDGE_CURVE('',#2746,#2738,#2748,.T.);
#2746 = VERTEX_POINT('',#2747);
#2747 = CARTESIAN_POINT('',(101.780515,-96.935923,0.));
#2748 = CIRCLE('',#2749,0.49998122973);
#2749 = AXIS2_PLACEMENT_3D('',#2750,#2751,#2752);
#2750 = CARTESIAN_POINT('',(101.33001877027,-97.15279710423,0.));
#2751 = DIRECTION('',(0.,0.,-1.));
#2752 = DIRECTION('',(0.901026284457,0.433764492229,0.));
#2753 = ORIENTED_EDGE('',*,*,#2754,.F.);
#2754 = EDGE_CURVE('',#2755,#2746,#2757,.T.);
#2755 = VERTEX_POINT('',#2756);
#2756 = CARTESIAN_POINT('',(102.483288,-96.287343,0.));
#2757 = CIRCLE('',#2758,0.499999755443);
#2758 = AXIS2_PLACEMENT_3D('',#2759,#2760,#2761);
#2759 = CARTESIAN_POINT('',(102.2310291369,-96.71904338386,0.));
#2760 = DIRECTION('',(0.,0.,1.));
#2761 = DIRECTION('',(0.50451797296,0.863401190039,-0.));
#2762 = ORIENTED_EDGE('',*,*,#2763,.F.);
#2763 = EDGE_CURVE('',#2764,#2755,#2766,.T.);
#2764 = VERTEX_POINT('',#2765);
#2765 = CARTESIAN_POINT('',(102.735547,-96.355642,0.));
#2766 = CIRCLE('',#2767,0.500008729226);
#2767 = AXIS2_PLACEMENT_3D('',#2768,#2769,#2770);
#2768 = CARTESIAN_POINT('',(102.73554865685,-95.85563327077,0.));
#2769 = DIRECTION('',(0.,0.,-1.));
#2770 = DIRECTION('',(-3.313649288608E-06,-0.999999999995,-0.));
#2771 = ORIENTED_EDGE('',*,*,#2772,.F.);
#2772 = EDGE_CURVE('',#2773,#2764,#2775,.T.);
#2773 = VERTEX_POINT('',#2774);
#2774 = CARTESIAN_POINT('',(104.324451,-96.355642,0.));
#2775 = LINE('',#2776,#2777);
#2776 = CARTESIAN_POINT('',(104.324451,-96.355642,0.));
#2777 = VECTOR('',#2778,1.);
#2778 = DIRECTION('',(-1.,0.,0.));
#2779 = ORIENTED_EDGE('',*,*,#2780,.F.);
#2780 = EDGE_CURVE('',#2650,#2773,#2781,.T.);
#2781 = CIRCLE('',#2782,0.500040834725);
#2782 = AXIS2_PLACEMENT_3D('',#2783,#2784,#2785);
#2783 = CARTESIAN_POINT('',(104.32444407362,-95.85560116532,0.));
#2784 = DIRECTION('',(0.,0.,-1.));
#2785 = DIRECTION('',(0.50449065128,-0.86341715455,0.));
#2786 = FACE_BOUND('',#2787,.F.);
#2787 = EDGE_LOOP('',(#2788));
#2788 = ORIENTED_EDGE('',*,*,#2789,.T.);
#2789 = EDGE_CURVE('',#2790,#2790,#2792,.T.);
#2790 = VERTEX_POINT('',#2791);
#2791 = CARTESIAN_POINT('',(119.98,-105.4,0.));
#2792 = CIRCLE('',#2793,0.4);
#2793 = AXIS2_PLACEMENT_3D('',#2794,#2795,#2796);
#2794 = CARTESIAN_POINT('',(119.98,-105.,0.));
#2795 = DIRECTION('',(-0.,0.,-1.));
#2796 = DIRECTION('',(3.5527136788E-14,-1.,-0.));
#2797 = FACE_BOUND('',#2798,.F.);
#2798 = EDGE_LOOP('',(#2799));
#2799 = ORIENTED_EDGE('',*,*,#2800,.T.);
#2800 = EDGE_CURVE('',#2801,#2801,#2803,.T.);
#2801 = VERTEX_POINT('',#2802);
#2802 = CARTESIAN_POINT('',(98.43,-93.53,0.));
#2803 = CIRCLE('',#2804,0.85);
#2804 = AXIS2_PLACEMENT_3D('',#2805,#2806,#2807);
#2805 = CARTESIAN_POINT('',(98.43,-92.68,0.));
#2806 = DIRECTION('',(-0.,0.,-1.));
#2807 = DIRECTION('',(-0.,-1.,0.));
#2808 = FACE_BOUND('',#2809,.F.);
#2809 = EDGE_LOOP('',(#2810));
#2810 = ORIENTED_EDGE('',*,*,#2811,.T.);
#2811 = EDGE_CURVE('',#2812,#2812,#2814,.T.);
#2812 = VERTEX_POINT('',#2813);
#2813 = CARTESIAN_POINT('',(103.51,-94.68,0.));
#2814 = CIRCLE('',#2815,2.);
#2815 = AXIS2_PLACEMENT_3D('',#2816,#2817,#2818);
#2816 = CARTESIAN_POINT('',(103.51,-92.68,0.));
#2817 = DIRECTION('',(-0.,0.,-1.));
#2818 = DIRECTION('',(-0.,-1.,0.));
#2819 = FACE_BOUND('',#2820,.F.);
#2820 = EDGE_LOOP('',(#2821));
#2821 = ORIENTED_EDGE('',*,*,#2822,.T.);
#2822 = EDGE_CURVE('',#2823,#2823,#2825,.T.);
#2823 = VERTEX_POINT('',#2824);
#2824 = CARTESIAN_POINT('',(108.59,-93.53,0.));
#2825 = CIRCLE('',#2826,0.85);
#2826 = AXIS2_PLACEMENT_3D('',#2827,#2828,#2829);
#2827 = CARTESIAN_POINT('',(108.59,-92.68,0.));
#2828 = DIRECTION('',(-0.,0.,-1.));
#2829 = DIRECTION('',(-0.,-1.,0.));
#2830 = FACE_BOUND('',#2831,.F.);
#2831 = EDGE_LOOP('',(#2832));
#2832 = ORIENTED_EDGE('',*,*,#2833,.T.);
#2833 = EDGE_CURVE('',#2834,#2834,#2836,.T.);
#2834 = VERTEX_POINT('',#2835);
#2835 = CARTESIAN_POINT('',(99.7,-90.89,0.));
#2836 = CIRCLE('',#2837,0.75);
#2837 = AXIS2_PLACEMENT_3D('',#2838,#2839,#2840);
#2838 = CARTESIAN_POINT('',(99.7,-90.14,0.));
#2839 = DIRECTION('',(-0.,0.,-1.));
#2840 = DIRECTION('',(-0.,-1.,0.));
#2841 = FACE_BOUND('',#2842,.F.);
#2842 = EDGE_LOOP('',(#2843));
#2843 = ORIENTED_EDGE('',*,*,#2844,.T.);
#2844 = EDGE_CURVE('',#2845,#2845,#2847,.T.);
#2845 = VERTEX_POINT('',#2846);
#2846 = CARTESIAN_POINT('',(106.05,-88.35,0.));
#2847 = CIRCLE('',#2848,0.75);
#2848 = AXIS2_PLACEMENT_3D('',#2849,#2850,#2851);
#2849 = CARTESIAN_POINT('',(106.05,-87.6,0.));
#2850 = DIRECTION('',(-0.,0.,-1.));
#2851 = DIRECTION('',(-0.,-1.,0.));
#2852 = FACE_BOUND('',#2853,.F.);
#2853 = EDGE_LOOP('',(#2854));
#2854 = ORIENTED_EDGE('',*,*,#2855,.T.);
#2855 = EDGE_CURVE('',#2856,#2856,#2858,.T.);
#2856 = VERTEX_POINT('',#2857);
#2857 = CARTESIAN_POINT('',(118.47,-93.53,0.));
#2858 = CIRCLE('',#2859,0.85);
#2859 = AXIS2_PLACEMENT_3D('',#2860,#2861,#2862);
#2860 = CARTESIAN_POINT('',(118.47,-92.68,0.));
#2861 = DIRECTION('',(-0.,0.,-1.));
#2862 = DIRECTION('',(-0.,-1.,0.));
#2863 = FACE_BOUND('',#2864,.F.);
#2864 = EDGE_LOOP('',(#2865));
#2865 = ORIENTED_EDGE('',*,*,#2866,.T.);
#2866 = EDGE_CURVE('',#2867,#2867,#2869,.T.);
#2867 = VERTEX_POINT('',#2868);
#2868 = CARTESIAN_POINT('',(119.74,-90.89,0.));
#2869 = CIRCLE('',#2870,0.75);
#2870 = AXIS2_PLACEMENT_3D('',#2871,#2872,#2873);
#2871 = CARTESIAN_POINT('',(119.74,-90.14,0.));
#2872 = DIRECTION('',(-0.,0.,-1.));
#2873 = DIRECTION('',(-0.,-1.,0.));
#2874 = FACE_BOUND('',#2875,.F.);
#2875 = EDGE_LOOP('',(#2876));
#2876 = ORIENTED_EDGE('',*,*,#2877,.T.);
#2877 = EDGE_CURVE('',#2878,#2878,#2880,.T.);
#2878 = VERTEX_POINT('',#2879);
#2879 = CARTESIAN_POINT('',(127.6,-105.4,0.));
#2880 = CIRCLE('',#2881,0.4);
#2881 = AXIS2_PLACEMENT_3D('',#2882,#2883,#2884);
#2882 = CARTESIAN_POINT('',(127.6,-105.,0.));
#2883 = DIRECTION('',(-0.,0.,-1.));
#2884 = DIRECTION('',(-0.,-1.,0.));
#2885 = FACE_BOUND('',#2886,.F.);
#2886 = EDGE_LOOP('',(#2887,#2898,#2907,#2915,#2924,#2933,#2942,#2950,
    #2959,#2968,#2977,#2985,#2994,#3003,#3012,#3020));
#2887 = ORIENTED_EDGE('',*,*,#2888,.F.);
#2888 = EDGE_CURVE('',#2889,#2891,#2893,.T.);
#2889 = VERTEX_POINT('',#2890);
#2890 = CARTESIAN_POINT('',(122.543288,-96.187343,0.));
#2891 = VERTEX_POINT('',#2892);
#2892 = CARTESIAN_POINT('',(121.840515,-96.835922,0.));
#2893 = CIRCLE('',#2894,0.499999448976);
#2894 = AXIS2_PLACEMENT_3D('',#2895,#2896,#2897);
#2895 = CARTESIAN_POINT('',(122.29102909571,-96.61904300484,0.));
#2896 = DIRECTION('',(0.,0.,1.));
#2897 = DIRECTION('',(0.504518364574,0.863400961204,-0.));
#2898 = ORIENTED_EDGE('',*,*,#2899,.F.);
#2899 = EDGE_CURVE('',#2900,#2889,#2902,.T.);
#2900 = VERTEX_POINT('',#2901);
#2901 = CARTESIAN_POINT('',(122.795547,-96.255642,0.));
#2902 = CIRCLE('',#2903,0.500008729226);
#2903 = AXIS2_PLACEMENT_3D('',#2904,#2905,#2906);
#2904 = CARTESIAN_POINT('',(122.79554865685,-95.75563327077,0.));
#2905 = DIRECTION('',(0.,0.,-1.));
#2906 = DIRECTION('',(-3.313649260187E-06,-0.999999999995,-0.));
#2907 = ORIENTED_EDGE('',*,*,#2908,.F.);
#2908 = EDGE_CURVE('',#2909,#2900,#2911,.T.);
#2909 = VERTEX_POINT('',#2910);
#2910 = CARTESIAN_POINT('',(124.384451,-96.255642,0.));
#2911 = LINE('',#2912,#2913);
#2912 = CARTESIAN_POINT('',(124.384451,-96.255642,0.));
#2913 = VECTOR('',#2914,1.);
#2914 = DIRECTION('',(-1.,0.,0.));
#2915 = ORIENTED_EDGE('',*,*,#2916,.F.);
#2916 = EDGE_CURVE('',#2917,#2909,#2919,.T.);
#2917 = VERTEX_POINT('',#2918);
#2918 = CARTESIAN_POINT('',(124.636709,-96.187343,0.));
#2919 = CIRCLE('',#2920,0.500008729288);
#2920 = AXIS2_PLACEMENT_3D('',#2921,#2922,#2923);
#2921 = CARTESIAN_POINT('',(124.38444834312,-95.75563327071,0.));
#2922 = DIRECTION('',(0.,0.,-1.));
#2923 = DIRECTION('',(0.504512505685,-0.863404384751,0.));
#2924 = ORIENTED_EDGE('',*,*,#2925,.F.);
#2925 = EDGE_CURVE('',#2926,#2917,#2928,.T.);
#2926 = VERTEX_POINT('',#2927);
#2927 = CARTESIAN_POINT('',(125.339483,-96.835922,0.));
#2928 = CIRCLE('',#2929,0.500000669307);
#2929 = AXIS2_PLACEMENT_3D('',#2930,#2931,#2932);
#2930 = CARTESIAN_POINT('',(124.88896646449,-96.61904525956,0.));
#2931 = DIRECTION('',(0.,0.,1.));
#2932 = DIRECTION('',(0.901031864884,-0.433752900236,0.));
#2933 = ORIENTED_EDGE('',*,*,#2934,.F.);
#2934 = EDGE_CURVE('',#2935,#2926,#2937,.T.);
#2935 = VERTEX_POINT('',#2936);
#2936 = CARTESIAN_POINT('',(125.289998,-97.052799,0.));
#2937 = CIRCLE('',#2938,0.499989884978);
#2938 = AXIS2_PLACEMENT_3D('',#2939,#2940,#2941);
#2939 = CARTESIAN_POINT('',(125.78998788497,-97.05279807911,0.));
#2940 = DIRECTION('',(0.,0.,-1.));
#2941 = DIRECTION('',(-0.999999999998,-1.841808567778E-06,-0.));
#2942 = ORIENTED_EDGE('',*,*,#2943,.F.);
#2943 = EDGE_CURVE('',#2944,#2935,#2946,.T.);
#2944 = VERTEX_POINT('',#2945);
#2945 = CARTESIAN_POINT('',(125.289998,-98.458484,0.));
#2946 = LINE('',#2947,#2948);
#2947 = CARTESIAN_POINT('',(125.289998,-98.458484,0.));
#2948 = VECTOR('',#2949,1.);
#2949 = DIRECTION('',(0.,1.,0.));
#2950 = ORIENTED_EDGE('',*,*,#2951,.F.);
#2951 = EDGE_CURVE('',#2952,#2944,#2954,.T.);
#2952 = VERTEX_POINT('',#2953);
#2953 = CARTESIAN_POINT('',(125.339483,-98.675362,0.));
#2954 = CIRCLE('',#2955,0.499989885034);
#2955 = AXIS2_PLACEMENT_3D('',#2956,#2957,#2958);
#2956 = CARTESIAN_POINT('',(125.78998788503,-98.45848592086,0.));
#2957 = DIRECTION('',(0.,0.,-1.));
#2958 = DIRECTION('',(-0.901027997796,-0.43376093322,-0.));
#2959 = ORIENTED_EDGE('',*,*,#2960,.F.);
#2960 = EDGE_CURVE('',#2961,#2952,#2963,.T.);
#2961 = VERTEX_POINT('',#2962);
#2962 = CARTESIAN_POINT('',(124.63671,-99.323941,0.));
#2963 = CIRCLE('',#2964,0.499999729127);
#2964 = AXIS2_PLACEMENT_3D('',#2965,#2966,#2967);
#2965 = CARTESIAN_POINT('',(124.88896825432,-98.89224029088,0.));
#2966 = DIRECTION('',(0.,0.,1.));
#2967 = DIRECTION('',(-0.504516781969,-0.863401885979,0.));
#2968 = ORIENTED_EDGE('',*,*,#2969,.F.);
#2969 = EDGE_CURVE('',#2970,#2961,#2972,.T.);
#2970 = VERTEX_POINT('',#2971);
#2971 = CARTESIAN_POINT('',(124.384452,-99.255642,0.));
#2972 = CIRCLE('',#2973,0.500008729288);
#2973 = AXIS2_PLACEMENT_3D('',#2974,#2975,#2976);
#2974 = CARTESIAN_POINT('',(124.38444934312,-99.75565072928,0.));
#2975 = DIRECTION('',(0.,0.,-1.));
#2976 = DIRECTION('',(5.313662853193E-06,0.999999999986,0.));
#2977 = ORIENTED_EDGE('',*,*,#2978,.F.);
#2978 = EDGE_CURVE('',#2979,#2970,#2981,.T.);
#2979 = VERTEX_POINT('',#2980);
#2980 = CARTESIAN_POINT('',(122.795546,-99.255641,0.));
#2981 = LINE('',#2982,#2983);
#2982 = CARTESIAN_POINT('',(122.795546,-99.255641,0.));
#2983 = VECTOR('',#2984,1.);
#2984 = DIRECTION('',(1.,-6.29363850017E-07,0.));
#2985 = ORIENTED_EDGE('',*,*,#2986,.F.);
#2986 = EDGE_CURVE('',#2987,#2979,#2989,.T.);
#2987 = VERTEX_POINT('',#2988);
#2988 = CARTESIAN_POINT('',(122.543288,-99.32394,0.));
#2989 = CIRCLE('',#2990,0.500008729288);
#2990 = AXIS2_PLACEMENT_3D('',#2991,#2992,#2993);
#2991 = CARTESIAN_POINT('',(122.79554865687,-99.75564972928,0.));
#2992 = DIRECTION('',(0.,0.,-1.));
#2993 = DIRECTION('',(-0.504512505685,0.863404384751,0.));
#2994 = ORIENTED_EDGE('',*,*,#2995,.F.);
#2995 = EDGE_CURVE('',#2996,#2987,#2998,.T.);
#2996 = VERTEX_POINT('',#2997);
#2997 = CARTESIAN_POINT('',(121.840515,-98.675362,0.));
#2998 = CIRCLE('',#2999,0.499999422661);
#2999 = AXIS2_PLACEMENT_3D('',#3000,#3001,#3002);
#3000 = CARTESIAN_POINT('',(122.29102970448,-98.8922396699,0.));
#3001 = DIRECTION('',(0.,0.,1.));
#3002 = DIRECTION('',(-0.901030449374,0.433755840654,0.));
#3003 = ORIENTED_EDGE('',*,*,#3004,.F.);
#3004 = EDGE_CURVE('',#3005,#2996,#3007,.T.);
#3005 = VERTEX_POINT('',#3006);
#3006 = CARTESIAN_POINT('',(121.89,-98.458485,0.));
#3007 = CIRCLE('',#3008,0.499989884978);
#3008 = AXIS2_PLACEMENT_3D('',#3009,#3010,#3011);
#3009 = CARTESIAN_POINT('',(121.39001011502,-98.45848592088,0.));
#3010 = DIRECTION('',(0.,0.,-1.));
#3011 = DIRECTION('',(0.999999999998,1.841808596201E-06,0.));
#3012 = ORIENTED_EDGE('',*,*,#3013,.F.);
#3013 = EDGE_CURVE('',#3014,#3005,#3016,.T.);
#3014 = VERTEX_POINT('',#3015);
#3015 = CARTESIAN_POINT('',(121.89,-97.0528,0.));
#3016 = LINE('',#3017,#3018);
#3017 = CARTESIAN_POINT('',(121.89,-97.0528,0.));
#3018 = VECTOR('',#3019,1.);
#3019 = DIRECTION('',(0.,-1.,0.));
#3020 = ORIENTED_EDGE('',*,*,#3021,.F.);
#3021 = EDGE_CURVE('',#2891,#3014,#3022,.T.);
#3022 = CIRCLE('',#3023,0.499989885034);
#3023 = AXIS2_PLACEMENT_3D('',#3024,#3025,#3026);
#3024 = CARTESIAN_POINT('',(121.39001011496,-97.05279807913,0.));
#3025 = DIRECTION('',(0.,0.,-1.));
#3026 = DIRECTION('',(0.901027997796,0.43376093322,0.));
#3027 = FACE_BOUND('',#3028,.F.);
#3028 = EDGE_LOOP('',(#3029));
#3029 = ORIENTED_EDGE('',*,*,#3030,.T.);
#3030 = EDGE_CURVE('',#3031,#3031,#3033,.T.);
#3031 = VERTEX_POINT('',#3032);
#3032 = CARTESIAN_POINT('',(139.78,-105.4,0.));
#3033 = CIRCLE('',#3034,0.4);
#3034 = AXIS2_PLACEMENT_3D('',#3035,#3036,#3037);
#3035 = CARTESIAN_POINT('',(139.78,-105.,0.));
#3036 = DIRECTION('',(-0.,0.,-1.));
#3037 = DIRECTION('',(-0.,-1.,0.));
#3038 = FACE_BOUND('',#3039,.F.);
#3039 = EDGE_LOOP('',(#3040,#3051,#3060,#3068,#3077,#3086,#3095,#3103,
    #3112,#3121,#3130,#3138,#3147,#3156,#3165,#3173));
#3040 = ORIENTED_EDGE('',*,*,#3041,.F.);
#3041 = EDGE_CURVE('',#3042,#3044,#3046,.T.);
#3042 = VERTEX_POINT('',#3043);
#3043 = CARTESIAN_POINT('',(145.339483,-96.783122,0.));
#3044 = VERTEX_POINT('',#3045);
#3045 = CARTESIAN_POINT('',(144.63671,-96.134545,0.));
#3046 = CIRCLE('',#3047,0.499999092786);
#3047 = AXIS2_PLACEMENT_3D('',#3048,#3049,#3050);
#3048 = CARTESIAN_POINT('',(144.88896839101,-96.56624489222,0.));
#3049 = DIRECTION('',(0.,0.,1.));
#3050 = DIRECTION('',(0.901030852831,-0.43375500256,0.));
#3051 = ORIENTED_EDGE('',*,*,#3052,.F.);
#3052 = EDGE_CURVE('',#3053,#3042,#3055,.T.);
#3053 = VERTEX_POINT('',#3054);
#3054 = CARTESIAN_POINT('',(145.289998,-97.,0.));
#3055 = CIRCLE('',#3056,0.499989885034);
#3056 = AXIS2_PLACEMENT_3D('',#3057,#3058,#3059);
#3057 = CARTESIAN_POINT('',(145.78998788503,-96.99999807913,0.));
#3058 = DIRECTION('',(0.,0.,-1.));
#3059 = DIRECTION('',(-0.999999999993,-3.841811392097E-06,-0.));
#3060 = ORIENTED_EDGE('',*,*,#3061,.F.);
#3061 = EDGE_CURVE('',#3062,#3053,#3064,.T.);
#3062 = VERTEX_POINT('',#3063);
#3063 = CARTESIAN_POINT('',(145.289998,-98.405684,0.));
#3064 = LINE('',#3065,#3066);
#3065 = CARTESIAN_POINT('',(145.289998,-98.405684,0.));
#3066 = VECTOR('',#3067,1.);
#3067 = DIRECTION('',(0.,1.,0.));
#3068 = ORIENTED_EDGE('',*,*,#3069,.F.);
#3069 = EDGE_CURVE('',#3070,#3062,#3072,.T.);
#3070 = VERTEX_POINT('',#3071);
#3071 = CARTESIAN_POINT('',(145.339483,-98.622562,0.));
#3072 = CIRCLE('',#3073,0.499989885034);
#3073 = AXIS2_PLACEMENT_3D('',#3074,#3075,#3076);
#3074 = CARTESIAN_POINT('',(145.78998788503,-98.40568592086,0.));
#3075 = DIRECTION('',(0.,0.,-1.));
#3076 = DIRECTION('',(-0.901027997796,-0.43376093322,-0.));
#3077 = ORIENTED_EDGE('',*,*,#3078,.F.);
#3078 = EDGE_CURVE('',#3079,#3070,#3081,.T.);
#3079 = VERTEX_POINT('',#3080);
#3080 = CARTESIAN_POINT('',(144.63671,-99.271141,0.));
#3081 = CIRCLE('',#3082,0.499999729127);
#3082 = AXIS2_PLACEMENT_3D('',#3083,#3084,#3085);
#3083 = CARTESIAN_POINT('',(144.88896825432,-98.83944029088,0.));
#3084 = DIRECTION('',(0.,0.,1.));
#3085 = DIRECTION('',(-0.504516781969,-0.863401885979,0.));
#3086 = ORIENTED_EDGE('',*,*,#3087,.F.);
#3087 = EDGE_CURVE('',#3088,#3079,#3090,.T.);
#3088 = VERTEX_POINT('',#3089);
#3089 = CARTESIAN_POINT('',(144.384451,-99.202841,0.));
#3090 = CIRCLE('',#3091,0.50002311711);
#3091 = AXIS2_PLACEMENT_3D('',#3092,#3093,#3094);
#3092 = CARTESIAN_POINT('',(144.38444373621,-99.70286411705,0.));
#3093 = DIRECTION('',(0.,0.,-1.));
#3094 = DIRECTION('',(1.45268932324E-05,0.999999999894,0.));
#3095 = ORIENTED_EDGE('',*,*,#3096,.F.);
#3096 = EDGE_CURVE('',#3097,#3088,#3099,.T.);
#3097 = VERTEX_POINT('',#3098);
#3098 = CARTESIAN_POINT('',(142.795546,-99.202841,0.));
#3099 = LINE('',#3100,#3101);
#3100 = CARTESIAN_POINT('',(142.795546,-99.202841,0.));
#3101 = VECTOR('',#3102,1.);
#3102 = DIRECTION('',(1.,0.,0.));
#3103 = ORIENTED_EDGE('',*,*,#3104,.F.);
#3104 = EDGE_CURVE('',#3105,#3097,#3107,.T.);
#3105 = VERTEX_POINT('',#3106);
#3106 = CARTESIAN_POINT('',(142.543288,-99.27114,0.));
#3107 = CIRCLE('',#3108,0.500008729288);
#3108 = AXIS2_PLACEMENT_3D('',#3109,#3110,#3111);
#3109 = CARTESIAN_POINT('',(142.79554865687,-99.70284972928,0.));
#3110 = DIRECTION('',(0.,0.,-1.));
#3111 = DIRECTION('',(-0.504512505685,0.863404384751,0.));
#3112 = ORIENTED_EDGE('',*,*,#3113,.F.);
#3113 = EDGE_CURVE('',#3114,#3105,#3116,.T.);
#3114 = VERTEX_POINT('',#3115);
#3115 = CARTESIAN_POINT('',(141.840515,-98.622562,0.));
#3116 = CIRCLE('',#3117,0.499999422661);
#3117 = AXIS2_PLACEMENT_3D('',#3118,#3119,#3120);
#3118 = CARTESIAN_POINT('',(142.29102970448,-98.8394396699,0.));
#3119 = DIRECTION('',(0.,0.,1.));
#3120 = DIRECTION('',(-0.901030449374,0.433755840654,0.));
#3121 = ORIENTED_EDGE('',*,*,#3122,.F.);
#3122 = EDGE_CURVE('',#3123,#3114,#3125,.T.);
#3123 = VERTEX_POINT('',#3124);
#3124 = CARTESIAN_POINT('',(141.89,-98.405684,0.));
#3125 = CIRCLE('',#3126,0.499989885034);
#3126 = AXIS2_PLACEMENT_3D('',#3127,#3128,#3129);
#3127 = CARTESIAN_POINT('',(141.39001011497,-98.40568592086,0.));
#3128 = DIRECTION('',(0.,0.,-1.));
#3129 = DIRECTION('',(0.999999999993,3.84181176159E-06,0.));
#3130 = ORIENTED_EDGE('',*,*,#3131,.F.);
#3131 = EDGE_CURVE('',#3132,#3123,#3134,.T.);
#3132 = VERTEX_POINT('',#3133);
#3133 = CARTESIAN_POINT('',(141.89,-97.,0.));
#3134 = LINE('',#3135,#3136);
#3135 = CARTESIAN_POINT('',(141.89,-97.,0.));
#3136 = VECTOR('',#3137,1.);
#3137 = DIRECTION('',(0.,-1.,0.));
#3138 = ORIENTED_EDGE('',*,*,#3139,.F.);
#3139 = EDGE_CURVE('',#3140,#3132,#3142,.T.);
#3140 = VERTEX_POINT('',#3141);
#3141 = CARTESIAN_POINT('',(141.840515,-96.783123,0.));
#3142 = CIRCLE('',#3143,0.49998122973);
#3143 = AXIS2_PLACEMENT_3D('',#3144,#3145,#3146);
#3144 = CARTESIAN_POINT('',(141.39001877027,-96.99999710423,0.));
#3145 = DIRECTION('',(0.,0.,-1.));
#3146 = DIRECTION('',(0.901026284456,0.433764492229,0.));
#3147 = ORIENTED_EDGE('',*,*,#3148,.F.);
#3148 = EDGE_CURVE('',#3149,#3140,#3151,.T.);
#3149 = VERTEX_POINT('',#3150);
#3150 = CARTESIAN_POINT('',(142.543288,-96.134543,0.));
#3151 = CIRCLE('',#3152,0.499999755443);
#3152 = AXIS2_PLACEMENT_3D('',#3153,#3154,#3155);
#3153 = CARTESIAN_POINT('',(142.2910291369,-96.56624338386,0.));
#3154 = DIRECTION('',(0.,0.,1.));
#3155 = DIRECTION('',(0.504517972959,0.863401190039,-0.));
#3156 = ORIENTED_EDGE('',*,*,#3157,.F.);
#3157 = EDGE_CURVE('',#3158,#3149,#3160,.T.);
#3158 = VERTEX_POINT('',#3159);
#3159 = CARTESIAN_POINT('',(142.795547,-96.202842,0.));
#3160 = CIRCLE('',#3161,0.500008729226);
#3161 = AXIS2_PLACEMENT_3D('',#3162,#3163,#3164);
#3162 = CARTESIAN_POINT('',(142.79554865685,-95.70283327077,0.));
#3163 = DIRECTION('',(0.,0.,-1.));
#3164 = DIRECTION('',(-3.313649430713E-06,-0.999999999995,-0.));
#3165 = ORIENTED_EDGE('',*,*,#3166,.F.);
#3166 = EDGE_CURVE('',#3167,#3158,#3169,.T.);
#3167 = VERTEX_POINT('',#3168);
#3168 = CARTESIAN_POINT('',(144.384451,-96.202842,0.));
#3169 = LINE('',#3170,#3171);
#3170 = CARTESIAN_POINT('',(144.384451,-96.202842,0.));
#3171 = VECTOR('',#3172,1.);
#3172 = DIRECTION('',(-1.,0.,0.));
#3173 = ORIENTED_EDGE('',*,*,#3174,.F.);
#3174 = EDGE_CURVE('',#3044,#3167,#3175,.T.);
#3175 = CIRCLE('',#3176,0.500040834725);
#3176 = AXIS2_PLACEMENT_3D('',#3177,#3178,#3179);
#3177 = CARTESIAN_POINT('',(144.38444407362,-95.70280116532,0.));
#3178 = DIRECTION('',(0.,0.,-1.));
#3179 = DIRECTION('',(0.50449065128,-0.86341715455,0.));
#3180 = FACE_BOUND('',#3181,.F.);
#3181 = EDGE_LOOP('',(#3182));
#3182 = ORIENTED_EDGE('',*,*,#3183,.T.);
#3183 = EDGE_CURVE('',#3184,#3184,#3186,.T.);
#3184 = VERTEX_POINT('',#3185);
#3185 = CARTESIAN_POINT('',(123.55,-94.68,0.));
#3186 = CIRCLE('',#3187,2.);
#3187 = AXIS2_PLACEMENT_3D('',#3188,#3189,#3190);
#3188 = CARTESIAN_POINT('',(123.55,-92.68,0.));
#3189 = DIRECTION('',(-0.,0.,-1.));
#3190 = DIRECTION('',(-0.,-1.,0.));
#3191 = FACE_BOUND('',#3192,.F.);
#3192 = EDGE_LOOP('',(#3193));
#3193 = ORIENTED_EDGE('',*,*,#3194,.T.);
#3194 = EDGE_CURVE('',#3195,#3195,#3197,.T.);
#3195 = VERTEX_POINT('',#3196);
#3196 = CARTESIAN_POINT('',(128.63,-93.53,0.));
#3197 = CIRCLE('',#3198,0.85);
#3198 = AXIS2_PLACEMENT_3D('',#3199,#3200,#3201);
#3199 = CARTESIAN_POINT('',(128.63,-92.68,0.));
#3200 = DIRECTION('',(-0.,0.,-1.));
#3201 = DIRECTION('',(-0.,-1.,0.));
#3202 = FACE_BOUND('',#3203,.F.);
#3203 = EDGE_LOOP('',(#3204));
#3204 = ORIENTED_EDGE('',*,*,#3205,.T.);
#3205 = EDGE_CURVE('',#3206,#3206,#3208,.T.);
#3206 = VERTEX_POINT('',#3207);
#3207 = CARTESIAN_POINT('',(126.09,-88.35,0.));
#3208 = CIRCLE('',#3209,0.75);
#3209 = AXIS2_PLACEMENT_3D('',#3210,#3211,#3212);
#3210 = CARTESIAN_POINT('',(126.09,-87.6,0.));
#3211 = DIRECTION('',(-0.,0.,-1.));
#3212 = DIRECTION('',(-0.,-1.,0.));
#3213 = FACE_BOUND('',#3214,.F.);
#3214 = EDGE_LOOP('',(#3215));
#3215 = ORIENTED_EDGE('',*,*,#3216,.T.);
#3216 = EDGE_CURVE('',#3217,#3217,#3219,.T.);
#3217 = VERTEX_POINT('',#3218);
#3218 = CARTESIAN_POINT('',(138.47,-93.53,0.));
#3219 = CIRCLE('',#3220,0.85);
#3220 = AXIS2_PLACEMENT_3D('',#3221,#3222,#3223);
#3221 = CARTESIAN_POINT('',(138.47,-92.68,0.));
#3222 = DIRECTION('',(-0.,0.,-1.));
#3223 = DIRECTION('',(-0.,-1.,0.));
#3224 = FACE_BOUND('',#3225,.F.);
#3225 = EDGE_LOOP('',(#3226));
#3226 = ORIENTED_EDGE('',*,*,#3227,.T.);
#3227 = EDGE_CURVE('',#3228,#3228,#3230,.T.);
#3228 = VERTEX_POINT('',#3229);
#3229 = CARTESIAN_POINT('',(143.55,-94.68,0.));
#3230 = CIRCLE('',#3231,2.);
#3231 = AXIS2_PLACEMENT_3D('',#3232,#3233,#3234);
#3232 = CARTESIAN_POINT('',(143.55,-92.68,0.));
#3233 = DIRECTION('',(-0.,0.,-1.));
#3234 = DIRECTION('',(-0.,-1.,0.));
#3235 = FACE_BOUND('',#3236,.F.);
#3236 = EDGE_LOOP('',(#3237));
#3237 = ORIENTED_EDGE('',*,*,#3238,.T.);
#3238 = EDGE_CURVE('',#3239,#3239,#3241,.T.);
#3239 = VERTEX_POINT('',#3240);
#3240 = CARTESIAN_POINT('',(139.74,-90.89,0.));
#3241 = CIRCLE('',#3242,0.75);
#3242 = AXIS2_PLACEMENT_3D('',#3243,#3244,#3245);
#3243 = CARTESIAN_POINT('',(139.74,-90.14,0.));
#3244 = DIRECTION('',(-0.,0.,-1.));
#3245 = DIRECTION('',(-0.,-1.,0.));
#3246 = FACE_BOUND('',#3247,.F.);
#3247 = EDGE_LOOP('',(#3248));
#3248 = ORIENTED_EDGE('',*,*,#3249,.T.);
#3249 = EDGE_CURVE('',#3250,#3250,#3252,.T.);
#3250 = VERTEX_POINT('',#3251);
#3251 = CARTESIAN_POINT('',(99.37,-81.,0.));
#3252 = CIRCLE('',#3253,0.4);
#3253 = AXIS2_PLACEMENT_3D('',#3254,#3255,#3256);
#3254 = CARTESIAN_POINT('',(99.37,-80.6,0.));
#3255 = DIRECTION('',(-0.,0.,-1.));
#3256 = DIRECTION('',(-0.,-1.,0.));
#3257 = FACE_BOUND('',#3258,.F.);
#3258 = EDGE_LOOP('',(#3259));
#3259 = ORIENTED_EDGE('',*,*,#3260,.T.);
#3260 = EDGE_CURVE('',#3261,#3261,#3263,.T.);
#3261 = VERTEX_POINT('',#3262);
#3262 = CARTESIAN_POINT('',(106.99,-81.,0.));
#3263 = CIRCLE('',#3264,0.4);
#3264 = AXIS2_PLACEMENT_3D('',#3265,#3266,#3267);
#3265 = CARTESIAN_POINT('',(106.99,-80.6,0.));
#3266 = DIRECTION('',(-0.,0.,-1.));
#3267 = DIRECTION('',(-3.552713678801E-14,-1.,0.));
#3268 = FACE_BOUND('',#3269,.F.);
#3269 = EDGE_LOOP('',(#3270));
#3270 = ORIENTED_EDGE('',*,*,#3271,.T.);
#3271 = EDGE_CURVE('',#3272,#3272,#3274,.T.);
#3272 = VERTEX_POINT('',#3273);
#3273 = CARTESIAN_POINT('',(119.98,-81.,0.));
#3274 = CIRCLE('',#3275,0.4);
#3275 = AXIS2_PLACEMENT_3D('',#3276,#3277,#3278);
#3276 = CARTESIAN_POINT('',(119.98,-80.6,0.));
#3277 = DIRECTION('',(-0.,0.,-1.));
#3278 = DIRECTION('',(3.5527136788E-14,-1.,-0.));
#3279 = FACE_BOUND('',#3280,.F.);
#3280 = EDGE_LOOP('',(#3281));
#3281 = ORIENTED_EDGE('',*,*,#3282,.T.);
#3282 = EDGE_CURVE('',#3283,#3283,#3285,.T.);
#3283 = VERTEX_POINT('',#3284);
#3284 = CARTESIAN_POINT('',(98.31,-69.2,0.));
#3285 = CIRCLE('',#3286,0.85);
#3286 = AXIS2_PLACEMENT_3D('',#3287,#3288,#3289);
#3287 = CARTESIAN_POINT('',(98.31,-68.35,0.));
#3288 = DIRECTION('',(-0.,0.,-1.));
#3289 = DIRECTION('',(-0.,-1.,0.));
#3290 = FACE_BOUND('',#3291,.F.);
#3291 = EDGE_LOOP('',(#3292,#3303,#3312,#3320,#3329,#3338,#3347,#3355,
    #3364,#3373,#3382,#3390,#3399,#3408,#3417,#3425));
#3292 = ORIENTED_EDGE('',*,*,#3293,.F.);
#3293 = EDGE_CURVE('',#3294,#3296,#3298,.T.);
#3294 = VERTEX_POINT('',#3295);
#3295 = CARTESIAN_POINT('',(102.383288,-71.804543,0.));
#3296 = VERTEX_POINT('',#3297);
#3297 = CARTESIAN_POINT('',(101.680515,-72.453122,0.));
#3298 = CIRCLE('',#3299,0.499999448976);
#3299 = AXIS2_PLACEMENT_3D('',#3300,#3301,#3302);
#3300 = CARTESIAN_POINT('',(102.13102909571,-72.23624300484,0.));
#3301 = DIRECTION('',(0.,0.,1.));
#3302 = DIRECTION('',(0.504518364574,0.863400961204,-0.));
#3303 = ORIENTED_EDGE('',*,*,#3304,.F.);
#3304 = EDGE_CURVE('',#3305,#3294,#3307,.T.);
#3305 = VERTEX_POINT('',#3306);
#3306 = CARTESIAN_POINT('',(102.635547,-71.872842,0.));
#3307 = CIRCLE('',#3308,0.500008729226);
#3308 = AXIS2_PLACEMENT_3D('',#3309,#3310,#3311);
#3309 = CARTESIAN_POINT('',(102.63554865685,-71.37283327077,0.));
#3310 = DIRECTION('',(0.,0.,-1.));
#3311 = DIRECTION('',(-3.313649430713E-06,-0.999999999995,-0.));
#3312 = ORIENTED_EDGE('',*,*,#3313,.F.);
#3313 = EDGE_CURVE('',#3314,#3305,#3316,.T.);
#3314 = VERTEX_POINT('',#3315);
#3315 = CARTESIAN_POINT('',(104.224451,-71.872842,0.));
#3316 = LINE('',#3317,#3318);
#3317 = CARTESIAN_POINT('',(104.224451,-71.872842,0.));
#3318 = VECTOR('',#3319,1.);
#3319 = DIRECTION('',(-1.,0.,0.));
#3320 = ORIENTED_EDGE('',*,*,#3321,.F.);
#3321 = EDGE_CURVE('',#3322,#3314,#3324,.T.);
#3322 = VERTEX_POINT('',#3323);
#3323 = CARTESIAN_POINT('',(104.476709,-71.804543,0.));
#3324 = CIRCLE('',#3325,0.500008729288);
#3325 = AXIS2_PLACEMENT_3D('',#3326,#3327,#3328);
#3326 = CARTESIAN_POINT('',(104.22444834312,-71.37283327071,0.));
#3327 = DIRECTION('',(0.,0.,-1.));
#3328 = DIRECTION('',(0.504512505685,-0.863404384751,0.));
#3329 = ORIENTED_EDGE('',*,*,#3330,.F.);
#3330 = EDGE_CURVE('',#3331,#3322,#3333,.T.);
#3331 = VERTEX_POINT('',#3332);
#3332 = CARTESIAN_POINT('',(105.179483,-72.453122,0.));
#3333 = CIRCLE('',#3334,0.500000669307);
#3334 = AXIS2_PLACEMENT_3D('',#3335,#3336,#3337);
#3335 = CARTESIAN_POINT('',(104.72896646449,-72.23624525956,0.));
#3336 = DIRECTION('',(0.,0.,1.));
#3337 = DIRECTION('',(0.901031864884,-0.433752900236,0.));
#3338 = ORIENTED_EDGE('',*,*,#3339,.F.);
#3339 = EDGE_CURVE('',#3340,#3331,#3342,.T.);
#3340 = VERTEX_POINT('',#3341);
#3341 = CARTESIAN_POINT('',(105.129998,-72.669999,0.));
#3342 = CIRCLE('',#3343,0.499989884978);
#3343 = AXIS2_PLACEMENT_3D('',#3344,#3345,#3346);
#3344 = CARTESIAN_POINT('',(105.62998788497,-72.66999807911,0.));
#3345 = DIRECTION('',(0.,0.,-1.));
#3346 = DIRECTION('',(-0.999999999998,-1.841808624623E-06,-0.));
#3347 = ORIENTED_EDGE('',*,*,#3348,.F.);
#3348 = EDGE_CURVE('',#3349,#3340,#3351,.T.);
#3349 = VERTEX_POINT('',#3350);
#3350 = CARTESIAN_POINT('',(105.129998,-74.075684,0.));
#3351 = LINE('',#3352,#3353);
#3352 = CARTESIAN_POINT('',(105.129998,-74.075684,0.));
#3353 = VECTOR('',#3354,1.);
#3354 = DIRECTION('',(0.,1.,0.));
#3355 = ORIENTED_EDGE('',*,*,#3356,.F.);
#3356 = EDGE_CURVE('',#3357,#3349,#3359,.T.);
#3357 = VERTEX_POINT('',#3358);
#3358 = CARTESIAN_POINT('',(105.179483,-74.292562,0.));
#3359 = CIRCLE('',#3360,0.499989885034);
#3360 = AXIS2_PLACEMENT_3D('',#3361,#3362,#3363);
#3361 = CARTESIAN_POINT('',(105.62998788503,-74.07568592086,0.));
#3362 = DIRECTION('',(0.,0.,-1.));
#3363 = DIRECTION('',(-0.901027997796,-0.43376093322,-0.));
#3364 = ORIENTED_EDGE('',*,*,#3365,.F.);
#3365 = EDGE_CURVE('',#3366,#3357,#3368,.T.);
#3366 = VERTEX_POINT('',#3367);
#3367 = CARTESIAN_POINT('',(104.47671,-74.941141,0.));
#3368 = CIRCLE('',#3369,0.499999729127);
#3369 = AXIS2_PLACEMENT_3D('',#3370,#3371,#3372);
#3370 = CARTESIAN_POINT('',(104.72896825432,-74.50944029088,0.));
#3371 = DIRECTION('',(0.,0.,1.));
#3372 = DIRECTION('',(-0.504516781969,-0.863401885979,0.));
#3373 = ORIENTED_EDGE('',*,*,#3374,.F.);
#3374 = EDGE_CURVE('',#3375,#3366,#3377,.T.);
#3375 = VERTEX_POINT('',#3376);
#3376 = CARTESIAN_POINT('',(104.224452,-74.872842,0.));
#3377 = CIRCLE('',#3378,0.500008729288);
#3378 = AXIS2_PLACEMENT_3D('',#3379,#3380,#3381);
#3379 = CARTESIAN_POINT('',(104.22444934312,-75.37285072928,0.));
#3380 = DIRECTION('',(0.,0.,-1.));
#3381 = DIRECTION('',(5.31366276793E-06,0.999999999986,0.));
#3382 = ORIENTED_EDGE('',*,*,#3383,.F.);
#3383 = EDGE_CURVE('',#3384,#3375,#3386,.T.);
#3384 = VERTEX_POINT('',#3385);
#3385 = CARTESIAN_POINT('',(102.635546,-74.872841,0.));
#3386 = LINE('',#3387,#3388);
#3387 = CARTESIAN_POINT('',(102.635546,-74.872841,0.));
#3388 = VECTOR('',#3389,1.);
#3389 = DIRECTION('',(1.,-6.293638589608E-07,0.));
#3390 = ORIENTED_EDGE('',*,*,#3391,.F.);
#3391 = EDGE_CURVE('',#3392,#3384,#3394,.T.);
#3392 = VERTEX_POINT('',#3393);
#3393 = CARTESIAN_POINT('',(102.383288,-74.94114,0.));
#3394 = CIRCLE('',#3395,0.500008729288);
#3395 = AXIS2_PLACEMENT_3D('',#3396,#3397,#3398);
#3396 = CARTESIAN_POINT('',(102.63554865687,-75.37284972928,0.));
#3397 = DIRECTION('',(0.,0.,-1.));
#3398 = DIRECTION('',(-0.504512505685,0.863404384751,0.));
#3399 = ORIENTED_EDGE('',*,*,#3400,.F.);
#3400 = EDGE_CURVE('',#3401,#3392,#3403,.T.);
#3401 = VERTEX_POINT('',#3402);
#3402 = CARTESIAN_POINT('',(101.680515,-74.292562,0.));
#3403 = CIRCLE('',#3404,0.499999422661);
#3404 = AXIS2_PLACEMENT_3D('',#3405,#3406,#3407);
#3405 = CARTESIAN_POINT('',(102.13102970448,-74.5094396699,0.));
#3406 = DIRECTION('',(0.,0.,1.));
#3407 = DIRECTION('',(-0.901030449374,0.433755840654,0.));
#3408 = ORIENTED_EDGE('',*,*,#3409,.F.);
#3409 = EDGE_CURVE('',#3410,#3401,#3412,.T.);
#3410 = VERTEX_POINT('',#3411);
#3411 = CARTESIAN_POINT('',(101.73,-74.075684,0.));
#3412 = CIRCLE('',#3413,0.499989885034);
#3413 = AXIS2_PLACEMENT_3D('',#3414,#3415,#3416);
#3414 = CARTESIAN_POINT('',(101.23001011496,-74.07568592086,0.));
#3415 = DIRECTION('',(0.,0.,-1.));
#3416 = DIRECTION('',(0.999999999993,3.841811363674E-06,0.));
#3417 = ORIENTED_EDGE('',*,*,#3418,.F.);
#3418 = EDGE_CURVE('',#3419,#3410,#3421,.T.);
#3419 = VERTEX_POINT('',#3420);
#3420 = CARTESIAN_POINT('',(101.73,-72.67,0.));
#3421 = LINE('',#3422,#3423);
#3422 = CARTESIAN_POINT('',(101.73,-72.67,0.));
#3423 = VECTOR('',#3424,1.);
#3424 = DIRECTION('',(0.,-1.,0.));
#3425 = ORIENTED_EDGE('',*,*,#3426,.F.);
#3426 = EDGE_CURVE('',#3296,#3419,#3427,.T.);
#3427 = CIRCLE('',#3428,0.499989885034);
#3428 = AXIS2_PLACEMENT_3D('',#3429,#3430,#3431);
#3429 = CARTESIAN_POINT('',(101.23001011496,-72.66999807913,0.));
#3430 = DIRECTION('',(0.,0.,-1.));
#3431 = DIRECTION('',(0.901027997796,0.43376093322,0.));
#3432 = FACE_BOUND('',#3433,.F.);
#3433 = EDGE_LOOP('',(#3434));
#3434 = ORIENTED_EDGE('',*,*,#3435,.T.);
#3435 = EDGE_CURVE('',#3436,#3436,#3438,.T.);
#3436 = VERTEX_POINT('',#3437);
#3437 = CARTESIAN_POINT('',(103.39,-70.35,0.));
#3438 = CIRCLE('',#3439,2.);
#3439 = AXIS2_PLACEMENT_3D('',#3440,#3441,#3442);
#3440 = CARTESIAN_POINT('',(103.39,-68.35,0.));
#3441 = DIRECTION('',(-0.,0.,-1.));
#3442 = DIRECTION('',(-0.,-1.,0.));
#3443 = FACE_BOUND('',#3444,.F.);
#3444 = EDGE_LOOP('',(#3445));
#3445 = ORIENTED_EDGE('',*,*,#3446,.T.);
#3446 = EDGE_CURVE('',#3447,#3447,#3449,.T.);
#3447 = VERTEX_POINT('',#3448);
#3448 = CARTESIAN_POINT('',(108.47,-69.2,0.));
#3449 = CIRCLE('',#3450,0.85);
#3450 = AXIS2_PLACEMENT_3D('',#3451,#3452,#3453);
#3451 = CARTESIAN_POINT('',(108.47,-68.35,0.));
#3452 = DIRECTION('',(-0.,0.,-1.));
#3453 = DIRECTION('',(-0.,-1.,0.));
#3454 = FACE_BOUND('',#3455,.F.);
#3455 = EDGE_LOOP('',(#3456));
#3456 = ORIENTED_EDGE('',*,*,#3457,.T.);
#3457 = EDGE_CURVE('',#3458,#3458,#3460,.T.);
#3458 = VERTEX_POINT('',#3459);
#3459 = CARTESIAN_POINT('',(99.58,-66.56,0.));
#3460 = CIRCLE('',#3461,0.75);
#3461 = AXIS2_PLACEMENT_3D('',#3462,#3463,#3464);
#3462 = CARTESIAN_POINT('',(99.58,-65.81,0.));
#3463 = DIRECTION('',(-0.,0.,-1.));
#3464 = DIRECTION('',(-0.,-1.,0.));
#3465 = FACE_BOUND('',#3466,.F.);
#3466 = EDGE_LOOP('',(#3467));
#3467 = ORIENTED_EDGE('',*,*,#3468,.T.);
#3468 = EDGE_CURVE('',#3469,#3469,#3471,.T.);
#3469 = VERTEX_POINT('',#3470);
#3470 = CARTESIAN_POINT('',(105.93,-64.02,0.));
#3471 = CIRCLE('',#3472,0.75);
#3472 = AXIS2_PLACEMENT_3D('',#3473,#3474,#3475);
#3473 = CARTESIAN_POINT('',(105.93,-63.27,0.));
#3474 = DIRECTION('',(-0.,0.,-1.));
#3475 = DIRECTION('',(-0.,-1.,0.));
#3476 = FACE_BOUND('',#3477,.F.);
#3477 = EDGE_LOOP('',(#3478));
#3478 = ORIENTED_EDGE('',*,*,#3479,.T.);
#3479 = EDGE_CURVE('',#3480,#3480,#3482,.T.);
#3480 = VERTEX_POINT('',#3481);
#3481 = CARTESIAN_POINT('',(118.47,-69.2,0.));
#3482 = CIRCLE('',#3483,0.85);
#3483 = AXIS2_PLACEMENT_3D('',#3484,#3485,#3486);
#3484 = CARTESIAN_POINT('',(118.47,-68.35,0.));
#3485 = DIRECTION('',(-0.,0.,-1.));
#3486 = DIRECTION('',(-0.,-1.,0.));
#3487 = FACE_BOUND('',#3488,.F.);
#3488 = EDGE_LOOP('',(#3489));
#3489 = ORIENTED_EDGE('',*,*,#3490,.T.);
#3490 = EDGE_CURVE('',#3491,#3491,#3493,.T.);
#3491 = VERTEX_POINT('',#3492);
#3492 = CARTESIAN_POINT('',(119.74,-66.56,0.));
#3493 = CIRCLE('',#3494,0.75);
#3494 = AXIS2_PLACEMENT_3D('',#3495,#3496,#3497);
#3495 = CARTESIAN_POINT('',(119.74,-65.81,0.));
#3496 = DIRECTION('',(-0.,0.,-1.));
#3497 = DIRECTION('',(-0.,-1.,0.));
#3498 = FACE_BOUND('',#3499,.F.);
#3499 = EDGE_LOOP('',(#3500));
#3500 = ORIENTED_EDGE('',*,*,#3501,.T.);
#3501 = EDGE_CURVE('',#3502,#3502,#3504,.T.);
#3502 = VERTEX_POINT('',#3503);
#3503 = CARTESIAN_POINT('',(127.6,-81.,0.));
#3504 = CIRCLE('',#3505,0.4);
#3505 = AXIS2_PLACEMENT_3D('',#3506,#3507,#3508);
#3506 = CARTESIAN_POINT('',(127.6,-80.6,0.));
#3507 = DIRECTION('',(-0.,0.,-1.));
#3508 = DIRECTION('',(-0.,-1.,0.));
#3509 = FACE_BOUND('',#3510,.F.);
#3510 = EDGE_LOOP('',(#3511));
#3511 = ORIENTED_EDGE('',*,*,#3512,.T.);
#3512 = EDGE_CURVE('',#3513,#3513,#3515,.T.);
#3513 = VERTEX_POINT('',#3514);
#3514 = CARTESIAN_POINT('',(139.78,-80.8,0.));
#3515 = CIRCLE('',#3516,0.4);
#3516 = AXIS2_PLACEMENT_3D('',#3517,#3518,#3519);
#3517 = CARTESIAN_POINT('',(139.78,-80.4,0.));
#3518 = DIRECTION('',(-0.,0.,-1.));
#3519 = DIRECTION('',(-0.,-1.,0.));
#3520 = FACE_BOUND('',#3521,.F.);
#3521 = EDGE_LOOP('',(#3522,#3533,#3542,#3550,#3559,#3568,#3577,#3585,
    #3594,#3603,#3612,#3620,#3629,#3638,#3647,#3655));
#3522 = ORIENTED_EDGE('',*,*,#3523,.F.);
#3523 = EDGE_CURVE('',#3524,#3526,#3528,.T.);
#3524 = VERTEX_POINT('',#3525);
#3525 = CARTESIAN_POINT('',(122.343288,-71.934543,0.));
#3526 = VERTEX_POINT('',#3527);
#3527 = CARTESIAN_POINT('',(121.640515,-72.583123,0.));
#3528 = CIRCLE('',#3529,0.499999755443);
#3529 = AXIS2_PLACEMENT_3D('',#3530,#3531,#3532);
#3530 = CARTESIAN_POINT('',(122.0910291369,-72.36624338386,0.));
#3531 = DIRECTION('',(0.,0.,1.));
#3532 = DIRECTION('',(0.50451797296,0.863401190039,-0.));
#3533 = ORIENTED_EDGE('',*,*,#3534,.F.);
#3534 = EDGE_CURVE('',#3535,#3524,#3537,.T.);
#3535 = VERTEX_POINT('',#3536);
#3536 = CARTESIAN_POINT('',(122.595547,-72.002842,0.));
#3537 = CIRCLE('',#3538,0.500008729226);
#3538 = AXIS2_PLACEMENT_3D('',#3539,#3540,#3541);
#3539 = CARTESIAN_POINT('',(122.59554865685,-71.50283327077,0.));
#3540 = DIRECTION('',(0.,0.,-1.));
#3541 = DIRECTION('',(-3.313649317029E-06,-0.999999999995,-0.));
#3542 = ORIENTED_EDGE('',*,*,#3543,.F.);
#3543 = EDGE_CURVE('',#3544,#3535,#3546,.T.);
#3544 = VERTEX_POINT('',#3545);
#3545 = CARTESIAN_POINT('',(124.184451,-72.002842,0.));
#3546 = LINE('',#3547,#3548);
#3547 = CARTESIAN_POINT('',(124.184451,-72.002842,0.));
#3548 = VECTOR('',#3549,1.);
#3549 = DIRECTION('',(-1.,0.,0.));
#3550 = ORIENTED_EDGE('',*,*,#3551,.F.);
#3551 = EDGE_CURVE('',#3552,#3544,#3554,.T.);
#3552 = VERTEX_POINT('',#3553);
#3553 = CARTESIAN_POINT('',(124.436709,-71.934543,0.));
#3554 = CIRCLE('',#3555,0.500008729288);
#3555 = AXIS2_PLACEMENT_3D('',#3556,#3557,#3558);
#3556 = CARTESIAN_POINT('',(124.18444834312,-71.50283327071,0.));
#3557 = DIRECTION('',(0.,0.,-1.));
#3558 = DIRECTION('',(0.504512505685,-0.863404384751,0.));
#3559 = ORIENTED_EDGE('',*,*,#3560,.F.);
#3560 = EDGE_CURVE('',#3561,#3552,#3563,.T.);
#3561 = VERTEX_POINT('',#3562);
#3562 = CARTESIAN_POINT('',(125.139483,-72.583122,0.));
#3563 = CIRCLE('',#3564,0.500000669307);
#3564 = AXIS2_PLACEMENT_3D('',#3565,#3566,#3567);
#3565 = CARTESIAN_POINT('',(124.68896646449,-72.36624525956,0.));
#3566 = DIRECTION('',(0.,0.,1.));
#3567 = DIRECTION('',(0.901031864884,-0.433752900236,0.));
#3568 = ORIENTED_EDGE('',*,*,#3569,.F.);
#3569 = EDGE_CURVE('',#3570,#3561,#3572,.T.);
#3570 = VERTEX_POINT('',#3571);
#3571 = CARTESIAN_POINT('',(125.089998,-72.799999,0.));
#3572 = CIRCLE('',#3573,0.499989884978);
#3573 = AXIS2_PLACEMENT_3D('',#3574,#3575,#3576);
#3574 = CARTESIAN_POINT('',(125.58998788497,-72.79999807911,0.));
#3575 = DIRECTION('',(0.,0.,-1.));
#3576 = DIRECTION('',(-0.999999999998,-1.841808653046E-06,-0.));
#3577 = ORIENTED_EDGE('',*,*,#3578,.F.);
#3578 = EDGE_CURVE('',#3579,#3570,#3581,.T.);
#3579 = VERTEX_POINT('',#3580);
#3580 = CARTESIAN_POINT('',(125.089998,-74.205684,0.));
#3581 = LINE('',#3582,#3583);
#3582 = CARTESIAN_POINT('',(125.089998,-74.205684,0.));
#3583 = VECTOR('',#3584,1.);
#3584 = DIRECTION('',(0.,1.,0.));
#3585 = ORIENTED_EDGE('',*,*,#3586,.F.);
#3586 = EDGE_CURVE('',#3587,#3579,#3589,.T.);
#3587 = VERTEX_POINT('',#3588);
#3588 = CARTESIAN_POINT('',(125.139483,-74.422562,0.));
#3589 = CIRCLE('',#3590,0.499989885034);
#3590 = AXIS2_PLACEMENT_3D('',#3591,#3592,#3593);
#3591 = CARTESIAN_POINT('',(125.58998788503,-74.20568592086,0.));
#3592 = DIRECTION('',(0.,0.,-1.));
#3593 = DIRECTION('',(-0.901027997796,-0.43376093322,-0.));
#3594 = ORIENTED_EDGE('',*,*,#3595,.F.);
#3595 = EDGE_CURVE('',#3596,#3587,#3598,.T.);
#3596 = VERTEX_POINT('',#3597);
#3597 = CARTESIAN_POINT('',(124.43671,-75.071141,0.));
#3598 = CIRCLE('',#3599,0.499999729127);
#3599 = AXIS2_PLACEMENT_3D('',#3600,#3601,#3602);
#3600 = CARTESIAN_POINT('',(124.68896825432,-74.63944029088,0.));
#3601 = DIRECTION('',(0.,0.,1.));
#3602 = DIRECTION('',(-0.504516781969,-0.863401885979,0.));
#3603 = ORIENTED_EDGE('',*,*,#3604,.F.);
#3604 = EDGE_CURVE('',#3605,#3596,#3607,.T.);
#3605 = VERTEX_POINT('',#3606);
#3606 = CARTESIAN_POINT('',(124.184452,-75.002842,0.));
#3607 = CIRCLE('',#3608,0.500008729288);
#3608 = AXIS2_PLACEMENT_3D('',#3609,#3610,#3611);
#3609 = CARTESIAN_POINT('',(124.18444934312,-75.50285072928,0.));
#3610 = DIRECTION('',(0.,0.,-1.));
#3611 = DIRECTION('',(5.313662739509E-06,0.999999999986,0.));
#3612 = ORIENTED_EDGE('',*,*,#3613,.F.);
#3613 = EDGE_CURVE('',#3614,#3605,#3616,.T.);
#3614 = VERTEX_POINT('',#3615);
#3615 = CARTESIAN_POINT('',(122.595546,-75.002841,0.));
#3616 = LINE('',#3617,#3618);
#3617 = CARTESIAN_POINT('',(122.595546,-75.002841,0.));
#3618 = VECTOR('',#3619,1.);
#3619 = DIRECTION('',(1.,-6.29363850017E-07,0.));
#3620 = ORIENTED_EDGE('',*,*,#3621,.F.);
#3621 = EDGE_CURVE('',#3622,#3614,#3624,.T.);
#3622 = VERTEX_POINT('',#3623);
#3623 = CARTESIAN_POINT('',(122.343288,-75.07114,0.));
#3624 = CIRCLE('',#3625,0.500008729288);
#3625 = AXIS2_PLACEMENT_3D('',#3626,#3627,#3628);
#3626 = CARTESIAN_POINT('',(122.59554865687,-75.50284972928,0.));
#3627 = DIRECTION('',(0.,0.,-1.));
#3628 = DIRECTION('',(-0.504512505685,0.863404384751,0.));
#3629 = ORIENTED_EDGE('',*,*,#3630,.F.);
#3630 = EDGE_CURVE('',#3631,#3622,#3633,.T.);
#3631 = VERTEX_POINT('',#3632);
#3632 = CARTESIAN_POINT('',(121.640515,-74.422562,0.));
#3633 = CIRCLE('',#3634,0.499999422661);
#3634 = AXIS2_PLACEMENT_3D('',#3635,#3636,#3637);
#3635 = CARTESIAN_POINT('',(122.09102970448,-74.6394396699,0.));
#3636 = DIRECTION('',(0.,0.,1.));
#3637 = DIRECTION('',(-0.901030449374,0.433755840654,0.));
#3638 = ORIENTED_EDGE('',*,*,#3639,.F.);
#3639 = EDGE_CURVE('',#3640,#3631,#3642,.T.);
#3640 = VERTEX_POINT('',#3641);
#3641 = CARTESIAN_POINT('',(121.69,-74.205685,0.));
#3642 = CIRCLE('',#3643,0.499989884978);
#3643 = AXIS2_PLACEMENT_3D('',#3644,#3645,#3646);
#3644 = CARTESIAN_POINT('',(121.19001011502,-74.20568592088,0.));
#3645 = DIRECTION('',(0.,0.,-1.));
#3646 = DIRECTION('',(0.999999999998,1.841808596201E-06,0.));
#3647 = ORIENTED_EDGE('',*,*,#3648,.F.);
#3648 = EDGE_CURVE('',#3649,#3640,#3651,.T.);
#3649 = VERTEX_POINT('',#3650);
#3650 = CARTESIAN_POINT('',(121.69,-72.8,0.));
#3651 = LINE('',#3652,#3653);
#3652 = CARTESIAN_POINT('',(121.69,-72.8,0.));
#3653 = VECTOR('',#3654,1.);
#3654 = DIRECTION('',(0.,-1.,0.));
#3655 = ORIENTED_EDGE('',*,*,#3656,.F.);
#3656 = EDGE_CURVE('',#3526,#3649,#3657,.T.);
#3657 = CIRCLE('',#3658,0.49998122973);
#3658 = AXIS2_PLACEMENT_3D('',#3659,#3660,#3661);
#3659 = CARTESIAN_POINT('',(121.19001877027,-72.79999710423,0.));
#3660 = DIRECTION('',(0.,0.,-1.));
#3661 = DIRECTION('',(0.901026284457,0.433764492229,0.));
#3662 = FACE_BOUND('',#3663,.F.);
#3663 = EDGE_LOOP('',(#3664));
#3664 = ORIENTED_EDGE('',*,*,#3665,.T.);
#3665 = EDGE_CURVE('',#3666,#3666,#3668,.T.);
#3666 = VERTEX_POINT('',#3667);
#3667 = CARTESIAN_POINT('',(123.55,-70.35,0.));
#3668 = CIRCLE('',#3669,2.);
#3669 = AXIS2_PLACEMENT_3D('',#3670,#3671,#3672);
#3670 = CARTESIAN_POINT('',(123.55,-68.35,0.));
#3671 = DIRECTION('',(-0.,0.,-1.));
#3672 = DIRECTION('',(-0.,-1.,0.));
#3673 = FACE_BOUND('',#3674,.F.);
#3674 = EDGE_LOOP('',(#3675));
#3675 = ORIENTED_EDGE('',*,*,#3676,.T.);
#3676 = EDGE_CURVE('',#3677,#3677,#3679,.T.);
#3677 = VERTEX_POINT('',#3678);
#3678 = CARTESIAN_POINT('',(128.63,-69.2,0.));
#3679 = CIRCLE('',#3680,0.85);
#3680 = AXIS2_PLACEMENT_3D('',#3681,#3682,#3683);
#3681 = CARTESIAN_POINT('',(128.63,-68.35,0.));
#3682 = DIRECTION('',(-0.,0.,-1.));
#3683 = DIRECTION('',(-0.,-1.,0.));
#3684 = FACE_BOUND('',#3685,.F.);
#3685 = EDGE_LOOP('',(#3686));
#3686 = ORIENTED_EDGE('',*,*,#3687,.T.);
#3687 = EDGE_CURVE('',#3688,#3688,#3690,.T.);
#3688 = VERTEX_POINT('',#3689);
#3689 = CARTESIAN_POINT('',(126.09,-64.02,0.));
#3690 = CIRCLE('',#3691,0.75);
#3691 = AXIS2_PLACEMENT_3D('',#3692,#3693,#3694);
#3692 = CARTESIAN_POINT('',(126.09,-63.27,0.));
#3693 = DIRECTION('',(-0.,0.,-1.));
#3694 = DIRECTION('',(-0.,-1.,0.));
#3695 = FACE_BOUND('',#3696,.F.);
#3696 = EDGE_LOOP('',(#3697,#3708,#3717,#3725,#3734,#3743,#3752,#3760,
    #3769,#3778,#3787,#3795,#3804,#3813,#3822,#3830));
#3697 = ORIENTED_EDGE('',*,*,#3698,.F.);
#3698 = EDGE_CURVE('',#3699,#3701,#3703,.T.);
#3699 = VERTEX_POINT('',#3700);
#3700 = CARTESIAN_POINT('',(142.543288,-71.934543,0.));
#3701 = VERTEX_POINT('',#3702);
#3702 = CARTESIAN_POINT('',(141.840515,-72.583122,0.));
#3703 = CIRCLE('',#3704,0.499999448976);
#3704 = AXIS2_PLACEMENT_3D('',#3705,#3706,#3707);
#3705 = CARTESIAN_POINT('',(142.29102909571,-72.36624300484,0.));
#3706 = DIRECTION('',(0.,0.,1.));
#3707 = DIRECTION('',(0.504518364574,0.863400961204,-0.));
#3708 = ORIENTED_EDGE('',*,*,#3709,.F.);
#3709 = EDGE_CURVE('',#3710,#3699,#3712,.T.);
#3710 = VERTEX_POINT('',#3711);
#3711 = CARTESIAN_POINT('',(142.795547,-72.002842,0.));
#3712 = CIRCLE('',#3713,0.500008729226);
#3713 = AXIS2_PLACEMENT_3D('',#3714,#3715,#3716);
#3714 = CARTESIAN_POINT('',(142.79554865685,-71.50283327077,0.));
#3715 = DIRECTION('',(0.,0.,-1.));
#3716 = DIRECTION('',(-3.313649260187E-06,-0.999999999995,-0.));
#3717 = ORIENTED_EDGE('',*,*,#3718,.F.);
#3718 = EDGE_CURVE('',#3719,#3710,#3721,.T.);
#3719 = VERTEX_POINT('',#3720);
#3720 = CARTESIAN_POINT('',(144.384451,-72.002842,0.));
#3721 = LINE('',#3722,#3723);
#3722 = CARTESIAN_POINT('',(144.384451,-72.002842,0.));
#3723 = VECTOR('',#3724,1.);
#3724 = DIRECTION('',(-1.,0.,0.));
#3725 = ORIENTED_EDGE('',*,*,#3726,.F.);
#3726 = EDGE_CURVE('',#3727,#3719,#3729,.T.);
#3727 = VERTEX_POINT('',#3728);
#3728 = CARTESIAN_POINT('',(144.636709,-71.934543,0.));
#3729 = CIRCLE('',#3730,0.500008729288);
#3730 = AXIS2_PLACEMENT_3D('',#3731,#3732,#3733);
#3731 = CARTESIAN_POINT('',(144.38444834312,-71.50283327071,0.));
#3732 = DIRECTION('',(0.,0.,-1.));
#3733 = DIRECTION('',(0.504512505685,-0.863404384751,0.));
#3734 = ORIENTED_EDGE('',*,*,#3735,.F.);
#3735 = EDGE_CURVE('',#3736,#3727,#3738,.T.);
#3736 = VERTEX_POINT('',#3737);
#3737 = CARTESIAN_POINT('',(145.339483,-72.583122,0.));
#3738 = CIRCLE('',#3739,0.500000669307);
#3739 = AXIS2_PLACEMENT_3D('',#3740,#3741,#3742);
#3740 = CARTESIAN_POINT('',(144.88896646449,-72.36624525956,0.));
#3741 = DIRECTION('',(0.,0.,1.));
#3742 = DIRECTION('',(0.901031864884,-0.433752900236,0.));
#3743 = ORIENTED_EDGE('',*,*,#3744,.F.);
#3744 = EDGE_CURVE('',#3745,#3736,#3747,.T.);
#3745 = VERTEX_POINT('',#3746);
#3746 = CARTESIAN_POINT('',(145.289998,-72.8,0.));
#3747 = CIRCLE('',#3748,0.499989885034);
#3748 = AXIS2_PLACEMENT_3D('',#3749,#3750,#3751);
#3749 = CARTESIAN_POINT('',(145.78998788503,-72.79999807913,0.));
#3750 = DIRECTION('',(0.,0.,-1.));
#3751 = DIRECTION('',(-0.999999999993,-3.841811448942E-06,-0.));
#3752 = ORIENTED_EDGE('',*,*,#3753,.F.);
#3753 = EDGE_CURVE('',#3754,#3745,#3756,.T.);
#3754 = VERTEX_POINT('',#3755);
#3755 = CARTESIAN_POINT('',(145.289998,-74.205684,0.));
#3756 = LINE('',#3757,#3758);
#3757 = CARTESIAN_POINT('',(145.289998,-74.205684,0.));
#3758 = VECTOR('',#3759,1.);
#3759 = DIRECTION('',(0.,1.,0.));
#3760 = ORIENTED_EDGE('',*,*,#3761,.F.);
#3761 = EDGE_CURVE('',#3762,#3754,#3764,.T.);
#3762 = VERTEX_POINT('',#3763);
#3763 = CARTESIAN_POINT('',(145.339483,-74.422562,0.));
#3764 = CIRCLE('',#3765,0.499989885034);
#3765 = AXIS2_PLACEMENT_3D('',#3766,#3767,#3768);
#3766 = CARTESIAN_POINT('',(145.78998788503,-74.20568592086,0.));
#3767 = DIRECTION('',(0.,0.,-1.));
#3768 = DIRECTION('',(-0.901027997796,-0.43376093322,-0.));
#3769 = ORIENTED_EDGE('',*,*,#3770,.F.);
#3770 = EDGE_CURVE('',#3771,#3762,#3773,.T.);
#3771 = VERTEX_POINT('',#3772);
#3772 = CARTESIAN_POINT('',(144.63671,-75.071141,0.));
#3773 = CIRCLE('',#3774,0.499999729127);
#3774 = AXIS2_PLACEMENT_3D('',#3775,#3776,#3777);
#3775 = CARTESIAN_POINT('',(144.88896825432,-74.63944029088,0.));
#3776 = DIRECTION('',(0.,0.,1.));
#3777 = DIRECTION('',(-0.504516781969,-0.863401885979,0.));
#3778 = ORIENTED_EDGE('',*,*,#3779,.F.);
#3779 = EDGE_CURVE('',#3780,#3771,#3782,.T.);
#3780 = VERTEX_POINT('',#3781);
#3781 = CARTESIAN_POINT('',(144.384452,-75.002842,0.));
#3782 = CIRCLE('',#3783,0.500008729288);
#3783 = AXIS2_PLACEMENT_3D('',#3784,#3785,#3786);
#3784 = CARTESIAN_POINT('',(144.38444934312,-75.50285072928,0.));
#3785 = DIRECTION('',(0.,0.,-1.));
#3786 = DIRECTION('',(5.31366276793E-06,0.999999999986,0.));
#3787 = ORIENTED_EDGE('',*,*,#3788,.F.);
#3788 = EDGE_CURVE('',#3789,#3780,#3791,.T.);
#3789 = VERTEX_POINT('',#3790);
#3790 = CARTESIAN_POINT('',(142.795546,-75.002841,0.));
#3791 = LINE('',#3792,#3793);
#3792 = CARTESIAN_POINT('',(142.795546,-75.002841,0.));
#3793 = VECTOR('',#3794,1.);
#3794 = DIRECTION('',(1.,-6.29363850017E-07,0.));
#3795 = ORIENTED_EDGE('',*,*,#3796,.F.);
#3796 = EDGE_CURVE('',#3797,#3789,#3799,.T.);
#3797 = VERTEX_POINT('',#3798);
#3798 = CARTESIAN_POINT('',(142.543288,-75.07114,0.));
#3799 = CIRCLE('',#3800,0.500008729288);
#3800 = AXIS2_PLACEMENT_3D('',#3801,#3802,#3803);
#3801 = CARTESIAN_POINT('',(142.79554865687,-75.50284972928,0.));
#3802 = DIRECTION('',(0.,0.,-1.));
#3803 = DIRECTION('',(-0.504512505685,0.863404384751,0.));
#3804 = ORIENTED_EDGE('',*,*,#3805,.F.);
#3805 = EDGE_CURVE('',#3806,#3797,#3808,.T.);
#3806 = VERTEX_POINT('',#3807);
#3807 = CARTESIAN_POINT('',(141.840515,-74.422562,0.));
#3808 = CIRCLE('',#3809,0.499999422661);
#3809 = AXIS2_PLACEMENT_3D('',#3810,#3811,#3812);
#3810 = CARTESIAN_POINT('',(142.29102970448,-74.6394396699,0.));
#3811 = DIRECTION('',(0.,0.,1.));
#3812 = DIRECTION('',(-0.901030449374,0.433755840654,0.));
#3813 = ORIENTED_EDGE('',*,*,#3814,.F.);
#3814 = EDGE_CURVE('',#3815,#3806,#3817,.T.);
#3815 = VERTEX_POINT('',#3816);
#3816 = CARTESIAN_POINT('',(141.89,-74.205685,0.));
#3817 = CIRCLE('',#3818,0.499989884977);
#3818 = AXIS2_PLACEMENT_3D('',#3819,#3820,#3821);
#3819 = CARTESIAN_POINT('',(141.39001011502,-74.20568592088,0.));
#3820 = DIRECTION('',(0.,0.,-1.));
#3821 = DIRECTION('',(0.999999999998,1.841808965693E-06,0.));
#3822 = ORIENTED_EDGE('',*,*,#3823,.F.);
#3823 = EDGE_CURVE('',#3824,#3815,#3826,.T.);
#3824 = VERTEX_POINT('',#3825);
#3825 = CARTESIAN_POINT('',(141.89,-72.8,0.));
#3826 = LINE('',#3827,#3828);
#3827 = CARTESIAN_POINT('',(141.89,-72.8,0.));
#3828 = VECTOR('',#3829,1.);
#3829 = DIRECTION('',(0.,-1.,0.));
#3830 = ORIENTED_EDGE('',*,*,#3831,.F.);
#3831 = EDGE_CURVE('',#3701,#3824,#3832,.T.);
#3832 = CIRCLE('',#3833,0.499989885034);
#3833 = AXIS2_PLACEMENT_3D('',#3834,#3835,#3836);
#3834 = CARTESIAN_POINT('',(141.39001011497,-72.79999807913,0.));
#3835 = DIRECTION('',(0.,0.,-1.));
#3836 = DIRECTION('',(0.901027997796,0.43376093322,0.));
#3837 = FACE_BOUND('',#3838,.F.);
#3838 = EDGE_LOOP('',(#3839));
#3839 = ORIENTED_EDGE('',*,*,#3840,.T.);
#3840 = EDGE_CURVE('',#3841,#3841,#3843,.T.);
#3841 = VERTEX_POINT('',#3842);
#3842 = CARTESIAN_POINT('',(138.47,-69.2,0.));
#3843 = CIRCLE('',#3844,0.85);
#3844 = AXIS2_PLACEMENT_3D('',#3845,#3846,#3847);
#3845 = CARTESIAN_POINT('',(138.47,-68.35,0.));
#3846 = DIRECTION('',(-0.,0.,-1.));
#3847 = DIRECTION('',(-0.,-1.,0.));
#3848 = FACE_BOUND('',#3849,.F.);
#3849 = EDGE_LOOP('',(#3850));
#3850 = ORIENTED_EDGE('',*,*,#3851,.T.);
#3851 = EDGE_CURVE('',#3852,#3852,#3854,.T.);
#3852 = VERTEX_POINT('',#3853);
#3853 = CARTESIAN_POINT('',(143.55,-70.35,0.));
#3854 = CIRCLE('',#3855,2.);
#3855 = AXIS2_PLACEMENT_3D('',#3856,#3857,#3858);
#3856 = CARTESIAN_POINT('',(143.55,-68.35,0.));
#3857 = DIRECTION('',(-0.,0.,-1.));
#3858 = DIRECTION('',(-0.,-1.,0.));
#3859 = FACE_BOUND('',#3860,.F.);
#3860 = EDGE_LOOP('',(#3861));
#3861 = ORIENTED_EDGE('',*,*,#3862,.T.);
#3862 = EDGE_CURVE('',#3863,#3863,#3865,.T.);
#3863 = VERTEX_POINT('',#3864);
#3864 = CARTESIAN_POINT('',(139.74,-66.56,0.));
#3865 = CIRCLE('',#3866,0.75);
#3866 = AXIS2_PLACEMENT_3D('',#3867,#3868,#3869);
#3867 = CARTESIAN_POINT('',(139.74,-65.81,0.));
#3868 = DIRECTION('',(-0.,0.,-1.));
#3869 = DIRECTION('',(-0.,-1.,0.));
#3870 = FACE_BOUND('',#3871,.F.);
#3871 = EDGE_LOOP('',(#3872));
#3872 = ORIENTED_EDGE('',*,*,#3873,.T.);
#3873 = EDGE_CURVE('',#3874,#3874,#3876,.T.);
#3874 = VERTEX_POINT('',#3875);
#3875 = CARTESIAN_POINT('',(147.4,-105.4,0.));
#3876 = CIRCLE('',#3877,0.4);
#3877 = AXIS2_PLACEMENT_3D('',#3878,#3879,#3880);
#3878 = CARTESIAN_POINT('',(147.4,-105.,0.));
#3879 = DIRECTION('',(-0.,0.,-1.));
#3880 = DIRECTION('',(-0.,-1.,0.));
#3881 = FACE_BOUND('',#3882,.F.);
#3882 = EDGE_LOOP('',(#3883));
#3883 = ORIENTED_EDGE('',*,*,#3884,.T.);
#3884 = EDGE_CURVE('',#3885,#3885,#3887,.T.);
#3885 = VERTEX_POINT('',#3886);
#3886 = CARTESIAN_POINT('',(159.38,-105.6,0.));
#3887 = CIRCLE('',#3888,0.4);
#3888 = AXIS2_PLACEMENT_3D('',#3889,#3890,#3891);
#3889 = CARTESIAN_POINT('',(159.38,-105.2,0.));
#3890 = DIRECTION('',(-0.,0.,-1.));
#3891 = DIRECTION('',(-0.,-1.,0.));
#3892 = FACE_BOUND('',#3893,.F.);
#3893 = EDGE_LOOP('',(#3894));
#3894 = ORIENTED_EDGE('',*,*,#3895,.T.);
#3895 = EDGE_CURVE('',#3896,#3896,#3898,.T.);
#3896 = VERTEX_POINT('',#3897);
#3897 = CARTESIAN_POINT('',(167.,-105.6,0.));
#3898 = CIRCLE('',#3899,0.4);
#3899 = AXIS2_PLACEMENT_3D('',#3900,#3901,#3902);
#3900 = CARTESIAN_POINT('',(167.,-105.2,0.));
#3901 = DIRECTION('',(-0.,0.,-1.));
#3902 = DIRECTION('',(-0.,-1.,0.));
#3903 = FACE_BOUND('',#3904,.F.);
#3904 = EDGE_LOOP('',(#3905,#3916,#3925,#3933,#3942,#3951,#3960,#3968,
    #3977,#3986,#3995,#4003,#4012,#4021,#4030,#4038));
#3905 = ORIENTED_EDGE('',*,*,#3906,.F.);
#3906 = EDGE_CURVE('',#3907,#3909,#3911,.T.);
#3907 = VERTEX_POINT('',#3908);
#3908 = CARTESIAN_POINT('',(162.543288,-96.334543,0.));
#3909 = VERTEX_POINT('',#3910);
#3910 = CARTESIAN_POINT('',(161.840515,-96.983122,0.));
#3911 = CIRCLE('',#3912,0.499999448976);
#3912 = AXIS2_PLACEMENT_3D('',#3913,#3914,#3915);
#3913 = CARTESIAN_POINT('',(162.29102909571,-96.76624300484,0.));
#3914 = DIRECTION('',(0.,0.,1.));
#3915 = DIRECTION('',(0.504518364574,0.863400961204,-0.));
#3916 = ORIENTED_EDGE('',*,*,#3917,.F.);
#3917 = EDGE_CURVE('',#3918,#3907,#3920,.T.);
#3918 = VERTEX_POINT('',#3919);
#3919 = CARTESIAN_POINT('',(162.795547,-96.402842,0.));
#3920 = CIRCLE('',#3921,0.500008729226);
#3921 = AXIS2_PLACEMENT_3D('',#3922,#3923,#3924);
#3922 = CARTESIAN_POINT('',(162.79554865685,-95.90283327077,0.));
#3923 = DIRECTION('',(0.,0.,-1.));
#3924 = DIRECTION('',(-3.313649430713E-06,-0.999999999995,-0.));
#3925 = ORIENTED_EDGE('',*,*,#3926,.F.);
#3926 = EDGE_CURVE('',#3927,#3918,#3929,.T.);
#3927 = VERTEX_POINT('',#3928);
#3928 = CARTESIAN_POINT('',(164.384451,-96.402842,0.));
#3929 = LINE('',#3930,#3931);
#3930 = CARTESIAN_POINT('',(164.384451,-96.402842,0.));
#3931 = VECTOR('',#3932,1.);
#3932 = DIRECTION('',(-1.,0.,0.));
#3933 = ORIENTED_EDGE('',*,*,#3934,.F.);
#3934 = EDGE_CURVE('',#3935,#3927,#3937,.T.);
#3935 = VERTEX_POINT('',#3936);
#3936 = CARTESIAN_POINT('',(164.636709,-96.334543,0.));
#3937 = CIRCLE('',#3938,0.500008729288);
#3938 = AXIS2_PLACEMENT_3D('',#3939,#3940,#3941);
#3939 = CARTESIAN_POINT('',(164.38444834312,-95.90283327071,0.));
#3940 = DIRECTION('',(0.,0.,-1.));
#3941 = DIRECTION('',(0.504512505685,-0.863404384751,0.));
#3942 = ORIENTED_EDGE('',*,*,#3943,.F.);
#3943 = EDGE_CURVE('',#3944,#3935,#3946,.T.);
#3944 = VERTEX_POINT('',#3945);
#3945 = CARTESIAN_POINT('',(165.339483,-96.983122,0.));
#3946 = CIRCLE('',#3947,0.500000669307);
#3947 = AXIS2_PLACEMENT_3D('',#3948,#3949,#3950);
#3948 = CARTESIAN_POINT('',(164.88896646449,-96.76624525956,0.));
#3949 = DIRECTION('',(0.,0.,1.));
#3950 = DIRECTION('',(0.901031864884,-0.433752900236,0.));
#3951 = ORIENTED_EDGE('',*,*,#3952,.F.);
#3952 = EDGE_CURVE('',#3953,#3944,#3955,.T.);
#3953 = VERTEX_POINT('',#3954);
#3954 = CARTESIAN_POINT('',(165.289998,-97.199999,0.));
#3955 = CIRCLE('',#3956,0.499989884978);
#3956 = AXIS2_PLACEMENT_3D('',#3957,#3958,#3959);
#3957 = CARTESIAN_POINT('',(165.78998788497,-97.19999807911,0.));
#3958 = DIRECTION('',(0.,0.,-1.));
#3959 = DIRECTION('',(-0.999999999998,-1.841808624623E-06,-0.));
#3960 = ORIENTED_EDGE('',*,*,#3961,.F.);
#3961 = EDGE_CURVE('',#3962,#3953,#3964,.T.);
#3962 = VERTEX_POINT('',#3963);
#3963 = CARTESIAN_POINT('',(165.289998,-98.605684,0.));
#3964 = LINE('',#3965,#3966);
#3965 = CARTESIAN_POINT('',(165.289998,-98.605684,0.));
#3966 = VECTOR('',#3967,1.);
#3967 = DIRECTION('',(0.,1.,0.));
#3968 = ORIENTED_EDGE('',*,*,#3969,.F.);
#3969 = EDGE_CURVE('',#3970,#3962,#3972,.T.);
#3970 = VERTEX_POINT('',#3971);
#3971 = CARTESIAN_POINT('',(165.339483,-98.822562,0.));
#3972 = CIRCLE('',#3973,0.499989885034);
#3973 = AXIS2_PLACEMENT_3D('',#3974,#3975,#3976);
#3974 = CARTESIAN_POINT('',(165.78998788503,-98.60568592086,0.));
#3975 = DIRECTION('',(0.,0.,-1.));
#3976 = DIRECTION('',(-0.901027997796,-0.43376093322,-0.));
#3977 = ORIENTED_EDGE('',*,*,#3978,.F.);
#3978 = EDGE_CURVE('',#3979,#3970,#3981,.T.);
#3979 = VERTEX_POINT('',#3980);
#3980 = CARTESIAN_POINT('',(164.63671,-99.471141,0.));
#3981 = CIRCLE('',#3982,0.499999729127);
#3982 = AXIS2_PLACEMENT_3D('',#3983,#3984,#3985);
#3983 = CARTESIAN_POINT('',(164.88896825432,-99.03944029088,0.));
#3984 = DIRECTION('',(0.,0.,1.));
#3985 = DIRECTION('',(-0.504516781969,-0.863401885979,0.));
#3986 = ORIENTED_EDGE('',*,*,#3987,.F.);
#3987 = EDGE_CURVE('',#3988,#3979,#3990,.T.);
#3988 = VERTEX_POINT('',#3989);
#3989 = CARTESIAN_POINT('',(164.384452,-99.402842,0.));
#3990 = CIRCLE('',#3991,0.500008729288);
#3991 = AXIS2_PLACEMENT_3D('',#3992,#3993,#3994);
#3992 = CARTESIAN_POINT('',(164.38444934312,-99.90285072928,0.));
#3993 = DIRECTION('',(0.,0.,-1.));
#3994 = DIRECTION('',(5.31366276793E-06,0.999999999986,0.));
#3995 = ORIENTED_EDGE('',*,*,#3996,.F.);
#3996 = EDGE_CURVE('',#3997,#3988,#3999,.T.);
#3997 = VERTEX_POINT('',#3998);
#3998 = CARTESIAN_POINT('',(162.795546,-99.402841,0.));
#3999 = LINE('',#4000,#4001);
#4000 = CARTESIAN_POINT('',(162.795546,-99.402841,0.));
#4001 = VECTOR('',#4002,1.);
#4002 = DIRECTION('',(1.,-6.293638589608E-07,0.));
#4003 = ORIENTED_EDGE('',*,*,#4004,.F.);
#4004 = EDGE_CURVE('',#4005,#3997,#4007,.T.);
#4005 = VERTEX_POINT('',#4006);
#4006 = CARTESIAN_POINT('',(162.543288,-99.47114,0.));
#4007 = CIRCLE('',#4008,0.500008729288);
#4008 = AXIS2_PLACEMENT_3D('',#4009,#4010,#4011);
#4009 = CARTESIAN_POINT('',(162.79554865687,-99.90284972928,0.));
#4010 = DIRECTION('',(0.,0.,-1.));
#4011 = DIRECTION('',(-0.504512505685,0.863404384751,0.));
#4012 = ORIENTED_EDGE('',*,*,#4013,.F.);
#4013 = EDGE_CURVE('',#4014,#4005,#4016,.T.);
#4014 = VERTEX_POINT('',#4015);
#4015 = CARTESIAN_POINT('',(161.840515,-98.822562,0.));
#4016 = CIRCLE('',#4017,0.499999422661);
#4017 = AXIS2_PLACEMENT_3D('',#4018,#4019,#4020);
#4018 = CARTESIAN_POINT('',(162.29102970448,-99.0394396699,0.));
#4019 = DIRECTION('',(0.,0.,1.));
#4020 = DIRECTION('',(-0.901030449374,0.433755840654,0.));
#4021 = ORIENTED_EDGE('',*,*,#4022,.F.);
#4022 = EDGE_CURVE('',#4023,#4014,#4025,.T.);
#4023 = VERTEX_POINT('',#4024);
#4024 = CARTESIAN_POINT('',(161.89,-98.605684,0.));
#4025 = CIRCLE('',#4026,0.499989885034);
#4026 = AXIS2_PLACEMENT_3D('',#4027,#4028,#4029);
#4027 = CARTESIAN_POINT('',(161.39001011497,-98.60568592086,0.));
#4028 = DIRECTION('',(0.,0.,-1.));
#4029 = DIRECTION('',(0.999999999993,3.841811733168E-06,0.));
#4030 = ORIENTED_EDGE('',*,*,#4031,.F.);
#4031 = EDGE_CURVE('',#4032,#4023,#4034,.T.);
#4032 = VERTEX_POINT('',#4033);
#4033 = CARTESIAN_POINT('',(161.89,-97.2,0.));
#4034 = LINE('',#4035,#4036);
#4035 = CARTESIAN_POINT('',(161.89,-97.2,0.));
#4036 = VECTOR('',#4037,1.);
#4037 = DIRECTION('',(0.,-1.,0.));
#4038 = ORIENTED_EDGE('',*,*,#4039,.F.);
#4039 = EDGE_CURVE('',#3909,#4032,#4040,.T.);
#4040 = CIRCLE('',#4041,0.499989885034);
#4041 = AXIS2_PLACEMENT_3D('',#4042,#4043,#4044);
#4042 = CARTESIAN_POINT('',(161.39001011497,-97.19999807913,0.));
#4043 = DIRECTION('',(0.,0.,-1.));
#4044 = DIRECTION('',(0.901027997796,0.43376093322,0.));
#4045 = FACE_BOUND('',#4046,.F.);
#4046 = EDGE_LOOP('',(#4047));
#4047 = ORIENTED_EDGE('',*,*,#4048,.T.);
#4048 = EDGE_CURVE('',#4049,#4049,#4051,.T.);
#4049 = VERTEX_POINT('',#4050);
#4050 = CARTESIAN_POINT('',(148.63,-93.53,0.));
#4051 = CIRCLE('',#4052,0.85);
#4052 = AXIS2_PLACEMENT_3D('',#4053,#4054,#4055);
#4053 = CARTESIAN_POINT('',(148.63,-92.68,0.));
#4054 = DIRECTION('',(-0.,0.,-1.));
#4055 = DIRECTION('',(-0.,-1.,0.));
#4056 = FACE_BOUND('',#4057,.F.);
#4057 = EDGE_LOOP('',(#4058));
#4058 = ORIENTED_EDGE('',*,*,#4059,.T.);
#4059 = EDGE_CURVE('',#4060,#4060,#4062,.T.);
#4060 = VERTEX_POINT('',#4061);
#4061 = CARTESIAN_POINT('',(146.09,-88.35,0.));
#4062 = CIRCLE('',#4063,0.75);
#4063 = AXIS2_PLACEMENT_3D('',#4064,#4065,#4066);
#4064 = CARTESIAN_POINT('',(146.09,-87.6,0.));
#4065 = DIRECTION('',(-0.,0.,-1.));
#4066 = DIRECTION('',(-0.,-1.,0.));
#4067 = FACE_BOUND('',#4068,.F.);
#4068 = EDGE_LOOP('',(#4069));
#4069 = ORIENTED_EDGE('',*,*,#4070,.T.);
#4070 = EDGE_CURVE('',#4071,#4071,#4073,.T.);
#4071 = VERTEX_POINT('',#4072);
#4072 = CARTESIAN_POINT('',(158.47,-93.53,0.));
#4073 = CIRCLE('',#4074,0.85);
#4074 = AXIS2_PLACEMENT_3D('',#4075,#4076,#4077);
#4075 = CARTESIAN_POINT('',(158.47,-92.68,0.));
#4076 = DIRECTION('',(-0.,0.,-1.));
#4077 = DIRECTION('',(-0.,-1.,0.));
#4078 = FACE_BOUND('',#4079,.F.);
#4079 = EDGE_LOOP('',(#4080));
#4080 = ORIENTED_EDGE('',*,*,#4081,.T.);
#4081 = EDGE_CURVE('',#4082,#4082,#4084,.T.);
#4082 = VERTEX_POINT('',#4083);
#4083 = CARTESIAN_POINT('',(163.55,-94.68,0.));
#4084 = CIRCLE('',#4085,2.);
#4085 = AXIS2_PLACEMENT_3D('',#4086,#4087,#4088);
#4086 = CARTESIAN_POINT('',(163.55,-92.68,0.));
#4087 = DIRECTION('',(-0.,0.,-1.));
#4088 = DIRECTION('',(-0.,-1.,0.));
#4089 = FACE_BOUND('',#4090,.F.);
#4090 = EDGE_LOOP('',(#4091));
#4091 = ORIENTED_EDGE('',*,*,#4092,.T.);
#4092 = EDGE_CURVE('',#4093,#4093,#4095,.T.);
#4093 = VERTEX_POINT('',#4094);
#4094 = CARTESIAN_POINT('',(159.74,-90.89,0.));
#4095 = CIRCLE('',#4096,0.75);
#4096 = AXIS2_PLACEMENT_3D('',#4097,#4098,#4099);
#4097 = CARTESIAN_POINT('',(159.74,-90.14,0.));
#4098 = DIRECTION('',(-0.,0.,-1.));
#4099 = DIRECTION('',(-0.,-1.,0.));
#4100 = FACE_BOUND('',#4101,.F.);
#4101 = EDGE_LOOP('',(#4102));
#4102 = ORIENTED_EDGE('',*,*,#4103,.T.);
#4103 = EDGE_CURVE('',#4104,#4104,#4106,.T.);
#4104 = VERTEX_POINT('',#4105);
#4105 = CARTESIAN_POINT('',(166.09,-88.35,0.));
#4106 = CIRCLE('',#4107,0.75);
#4107 = AXIS2_PLACEMENT_3D('',#4108,#4109,#4110);
#4108 = CARTESIAN_POINT('',(166.09,-87.6,0.));
#4109 = DIRECTION('',(-0.,0.,-1.));
#4110 = DIRECTION('',(-0.,-1.,0.));
#4111 = FACE_BOUND('',#4112,.F.);
#4112 = EDGE_LOOP('',(#4113));
#4113 = ORIENTED_EDGE('',*,*,#4114,.T.);
#4114 = EDGE_CURVE('',#4115,#4115,#4117,.T.);
#4115 = VERTEX_POINT('',#4116);
#4116 = CARTESIAN_POINT('',(175.49,-106.8,0.));
#4117 = CIRCLE('',#4118,0.5);
#4118 = AXIS2_PLACEMENT_3D('',#4119,#4120,#4121);
#4119 = CARTESIAN_POINT('',(175.49,-106.3,0.));
#4120 = DIRECTION('',(-0.,0.,-1.));
#4121 = DIRECTION('',(-0.,-1.,0.));
#4122 = FACE_BOUND('',#4123,.F.);
#4123 = EDGE_LOOP('',(#4124));
#4124 = ORIENTED_EDGE('',*,*,#4125,.T.);
#4125 = EDGE_CURVE('',#4126,#4126,#4128,.T.);
#4126 = VERTEX_POINT('',#4127);
#4127 = CARTESIAN_POINT('',(175.49,-104.3,0.));
#4128 = CIRCLE('',#4129,0.5);
#4129 = AXIS2_PLACEMENT_3D('',#4130,#4131,#4132);
#4130 = CARTESIAN_POINT('',(175.49,-103.8,0.));
#4131 = DIRECTION('',(-0.,0.,-1.));
#4132 = DIRECTION('',(-0.,-1.,0.));
#4133 = FACE_BOUND('',#4134,.F.);
#4134 = EDGE_LOOP('',(#4135));
#4135 = ORIENTED_EDGE('',*,*,#4136,.T.);
#4136 = EDGE_CURVE('',#4137,#4137,#4139,.T.);
#4137 = VERTEX_POINT('',#4138);
#4138 = CARTESIAN_POINT('',(175.49,-101.8,0.));
#4139 = CIRCLE('',#4140,0.5);
#4140 = AXIS2_PLACEMENT_3D('',#4141,#4142,#4143);
#4141 = CARTESIAN_POINT('',(175.49,-101.3,0.));
#4142 = DIRECTION('',(-0.,0.,-1.));
#4143 = DIRECTION('',(-0.,-1.,0.));
#4144 = FACE_BOUND('',#4145,.F.);
#4145 = EDGE_LOOP('',(#4146));
#4146 = ORIENTED_EDGE('',*,*,#4147,.T.);
#4147 = EDGE_CURVE('',#4148,#4148,#4150,.T.);
#4148 = VERTEX_POINT('',#4149);
#4149 = CARTESIAN_POINT('',(189.99,-106.8,0.));
#4150 = CIRCLE('',#4151,0.5);
#4151 = AXIS2_PLACEMENT_3D('',#4152,#4153,#4154);
#4152 = CARTESIAN_POINT('',(189.99,-106.3,0.));
#4153 = DIRECTION('',(-0.,0.,-1.));
#4154 = DIRECTION('',(-0.,-1.,0.));
#4155 = FACE_BOUND('',#4156,.F.);
#4156 = EDGE_LOOP('',(#4157,#4168,#4176,#4185));
#4157 = ORIENTED_EDGE('',*,*,#4158,.T.);
#4158 = EDGE_CURVE('',#4159,#4161,#4163,.T.);
#4159 = VERTEX_POINT('',#4160);
#4160 = CARTESIAN_POINT('',(183.64,-97.45,0.));
#4161 = VERTEX_POINT('',#4162);
#4162 = CARTESIAN_POINT('',(183.64,-98.95,0.));
#4163 = CIRCLE('',#4164,0.75);
#4164 = AXIS2_PLACEMENT_3D('',#4165,#4166,#4167);
#4165 = CARTESIAN_POINT('',(183.64,-98.2,0.));
#4166 = DIRECTION('',(-0.,0.,-1.));
#4167 = DIRECTION('',(-0.,-1.,0.));
#4168 = ORIENTED_EDGE('',*,*,#4169,.T.);
#4169 = EDGE_CURVE('',#4161,#4170,#4172,.T.);
#4170 = VERTEX_POINT('',#4171);
#4171 = CARTESIAN_POINT('',(182.34,-98.95,0.));
#4172 = LINE('',#4173,#4174);
#4173 = CARTESIAN_POINT('',(91.17,-98.95,0.));
#4174 = VECTOR('',#4175,1.);
#4175 = DIRECTION('',(-1.,0.,0.));
#4176 = ORIENTED_EDGE('',*,*,#4177,.T.);
#4177 = EDGE_CURVE('',#4170,#4178,#4180,.T.);
#4178 = VERTEX_POINT('',#4179);
#4179 = CARTESIAN_POINT('',(182.34,-97.45,0.));
#4180 = CIRCLE('',#4181,0.75);
#4181 = AXIS2_PLACEMENT_3D('',#4182,#4183,#4184);
#4182 = CARTESIAN_POINT('',(182.34,-98.2,0.));
#4183 = DIRECTION('',(-0.,0.,-1.));
#4184 = DIRECTION('',(0.,1.,0.));
#4185 = ORIENTED_EDGE('',*,*,#4186,.T.);
#4186 = EDGE_CURVE('',#4178,#4159,#4187,.T.);
#4187 = LINE('',#4188,#4189);
#4188 = CARTESIAN_POINT('',(91.82,-97.45,0.));
#4189 = VECTOR('',#4190,1.);
#4190 = DIRECTION('',(1.,0.,-0.));
#4191 = FACE_BOUND('',#4192,.F.);
#4192 = EDGE_LOOP('',(#4193));
#4193 = ORIENTED_EDGE('',*,*,#4194,.T.);
#4194 = EDGE_CURVE('',#4195,#4195,#4197,.T.);
#4195 = VERTEX_POINT('',#4196);
#4196 = CARTESIAN_POINT('',(189.99,-101.8,0.));
#4197 = CIRCLE('',#4198,0.5);
#4198 = AXIS2_PLACEMENT_3D('',#4199,#4200,#4201);
#4199 = CARTESIAN_POINT('',(189.99,-101.3,0.));
#4200 = DIRECTION('',(-0.,0.,-1.));
#4201 = DIRECTION('',(-0.,-1.,0.));
#4202 = FACE_BOUND('',#4203,.F.);
#4203 = EDGE_LOOP('',(#4204));
#4204 = ORIENTED_EDGE('',*,*,#4205,.T.);
#4205 = EDGE_CURVE('',#4206,#4206,#4208,.T.);
#4206 = VERTEX_POINT('',#4207);
#4207 = CARTESIAN_POINT('',(168.63,-93.53,0.));
#4208 = CIRCLE('',#4209,0.85);
#4209 = AXIS2_PLACEMENT_3D('',#4210,#4211,#4212);
#4210 = CARTESIAN_POINT('',(168.63,-92.68,0.));
#4211 = DIRECTION('',(-0.,0.,-1.));
#4212 = DIRECTION('',(-0.,-1.,0.));
#4213 = FACE_BOUND('',#4214,.F.);
#4214 = EDGE_LOOP('',(#4215));
#4215 = ORIENTED_EDGE('',*,*,#4216,.T.);
#4216 = EDGE_CURVE('',#4217,#4217,#4219,.T.);
#4217 = VERTEX_POINT('',#4218);
#4218 = CARTESIAN_POINT('',(147.4,-80.8,0.));
#4219 = CIRCLE('',#4220,0.4);
#4220 = AXIS2_PLACEMENT_3D('',#4221,#4222,#4223);
#4221 = CARTESIAN_POINT('',(147.4,-80.4,0.));
#4222 = DIRECTION('',(-0.,0.,-1.));
#4223 = DIRECTION('',(-0.,-1.,0.));
#4224 = FACE_BOUND('',#4225,.F.);
#4225 = EDGE_LOOP('',(#4226));
#4226 = ORIENTED_EDGE('',*,*,#4227,.T.);
#4227 = EDGE_CURVE('',#4228,#4228,#4230,.T.);
#4228 = VERTEX_POINT('',#4229);
#4229 = CARTESIAN_POINT('',(159.98,-81.,0.));
#4230 = CIRCLE('',#4231,0.4);
#4231 = AXIS2_PLACEMENT_3D('',#4232,#4233,#4234);
#4232 = CARTESIAN_POINT('',(159.98,-80.6,0.));
#4233 = DIRECTION('',(-0.,0.,-1.));
#4234 = DIRECTION('',(-7.105427357601E-14,-1.,0.));
#4235 = FACE_BOUND('',#4236,.F.);
#4236 = EDGE_LOOP('',(#4237));
#4237 = ORIENTED_EDGE('',*,*,#4238,.T.);
#4238 = EDGE_CURVE('',#4239,#4239,#4241,.T.);
#4239 = VERTEX_POINT('',#4240);
#4240 = CARTESIAN_POINT('',(148.63,-69.2,0.));
#4241 = CIRCLE('',#4242,0.85);
#4242 = AXIS2_PLACEMENT_3D('',#4243,#4244,#4245);
#4243 = CARTESIAN_POINT('',(148.63,-68.35,0.));
#4244 = DIRECTION('',(-0.,0.,-1.));
#4245 = DIRECTION('',(-0.,-1.,0.));
#4246 = FACE_BOUND('',#4247,.F.);
#4247 = EDGE_LOOP('',(#4248));
#4248 = ORIENTED_EDGE('',*,*,#4249,.T.);
#4249 = EDGE_CURVE('',#4250,#4250,#4252,.T.);
#4250 = VERTEX_POINT('',#4251);
#4251 = CARTESIAN_POINT('',(146.09,-64.02,0.));
#4252 = CIRCLE('',#4253,0.75);
#4253 = AXIS2_PLACEMENT_3D('',#4254,#4255,#4256);
#4254 = CARTESIAN_POINT('',(146.09,-63.27,0.));
#4255 = DIRECTION('',(-0.,0.,-1.));
#4256 = DIRECTION('',(-0.,-1.,0.));
#4257 = FACE_BOUND('',#4258,.F.);
#4258 = EDGE_LOOP('',(#4259));
#4259 = ORIENTED_EDGE('',*,*,#4260,.T.);
#4260 = EDGE_CURVE('',#4261,#4261,#4263,.T.);
#4261 = VERTEX_POINT('',#4262);
#4262 = CARTESIAN_POINT('',(158.47,-69.2,0.));
#4263 = CIRCLE('',#4264,0.85);
#4264 = AXIS2_PLACEMENT_3D('',#4265,#4266,#4267);
#4265 = CARTESIAN_POINT('',(158.47,-68.35,0.));
#4266 = DIRECTION('',(-0.,0.,-1.));
#4267 = DIRECTION('',(-0.,-1.,0.));
#4268 = FACE_BOUND('',#4269,.F.);
#4269 = EDGE_LOOP('',(#4270,#4281,#4290,#4298,#4307,#4316,#4325,#4333,
    #4342,#4351,#4360,#4368,#4377,#4386,#4395,#4403));
#4270 = ORIENTED_EDGE('',*,*,#4271,.F.);
#4271 = EDGE_CURVE('',#4272,#4274,#4276,.T.);
#4272 = VERTEX_POINT('',#4273);
#4273 = CARTESIAN_POINT('',(162.543288,-71.934543,0.));
#4274 = VERTEX_POINT('',#4275);
#4275 = CARTESIAN_POINT('',(161.840515,-72.583122,0.));
#4276 = CIRCLE('',#4277,0.499999448976);
#4277 = AXIS2_PLACEMENT_3D('',#4278,#4279,#4280);
#4278 = CARTESIAN_POINT('',(162.29102909571,-72.36624300484,0.));
#4279 = DIRECTION('',(0.,0.,1.));
#4280 = DIRECTION('',(0.504518364574,0.863400961204,-0.));
#4281 = ORIENTED_EDGE('',*,*,#4282,.F.);
#4282 = EDGE_CURVE('',#4283,#4272,#4285,.T.);
#4283 = VERTEX_POINT('',#4284);
#4284 = CARTESIAN_POINT('',(162.795547,-72.002842,0.));
#4285 = CIRCLE('',#4286,0.500008729226);
#4286 = AXIS2_PLACEMENT_3D('',#4287,#4288,#4289);
#4287 = CARTESIAN_POINT('',(162.79554865685,-71.50283327077,0.));
#4288 = DIRECTION('',(0.,0.,-1.));
#4289 = DIRECTION('',(-3.313649260187E-06,-0.999999999995,-0.));
#4290 = ORIENTED_EDGE('',*,*,#4291,.F.);
#4291 = EDGE_CURVE('',#4292,#4283,#4294,.T.);
#4292 = VERTEX_POINT('',#4293);
#4293 = CARTESIAN_POINT('',(164.384451,-72.002842,0.));
#4294 = LINE('',#4295,#4296);
#4295 = CARTESIAN_POINT('',(164.384451,-72.002842,0.));
#4296 = VECTOR('',#4297,1.);
#4297 = DIRECTION('',(-1.,0.,0.));
#4298 = ORIENTED_EDGE('',*,*,#4299,.F.);
#4299 = EDGE_CURVE('',#4300,#4292,#4302,.T.);
#4300 = VERTEX_POINT('',#4301);
#4301 = CARTESIAN_POINT('',(164.636709,-71.934543,0.));
#4302 = CIRCLE('',#4303,0.500008729288);
#4303 = AXIS2_PLACEMENT_3D('',#4304,#4305,#4306);
#4304 = CARTESIAN_POINT('',(164.38444834312,-71.50283327071,0.));
#4305 = DIRECTION('',(0.,0.,-1.));
#4306 = DIRECTION('',(0.504512505685,-0.863404384751,0.));
#4307 = ORIENTED_EDGE('',*,*,#4308,.F.);
#4308 = EDGE_CURVE('',#4309,#4300,#4311,.T.);
#4309 = VERTEX_POINT('',#4310);
#4310 = CARTESIAN_POINT('',(165.339483,-72.583122,0.));
#4311 = CIRCLE('',#4312,0.500000669307);
#4312 = AXIS2_PLACEMENT_3D('',#4313,#4314,#4315);
#4313 = CARTESIAN_POINT('',(164.88896646449,-72.36624525956,0.));
#4314 = DIRECTION('',(0.,0.,1.));
#4315 = DIRECTION('',(0.901031864884,-0.433752900236,0.));
#4316 = ORIENTED_EDGE('',*,*,#4317,.F.);
#4317 = EDGE_CURVE('',#4318,#4309,#4320,.T.);
#4318 = VERTEX_POINT('',#4319);
#4319 = CARTESIAN_POINT('',(165.289998,-72.799999,0.));
#4320 = CIRCLE('',#4321,0.499989884978);
#4321 = AXIS2_PLACEMENT_3D('',#4322,#4323,#4324);
#4322 = CARTESIAN_POINT('',(165.78998788497,-72.79999807911,0.));
#4323 = DIRECTION('',(0.,0.,-1.));
#4324 = DIRECTION('',(-0.999999999998,-1.841808653046E-06,-0.));
#4325 = ORIENTED_EDGE('',*,*,#4326,.F.);
#4326 = EDGE_CURVE('',#4327,#4318,#4329,.T.);
#4327 = VERTEX_POINT('',#4328);
#4328 = CARTESIAN_POINT('',(165.289998,-74.205684,0.));
#4329 = LINE('',#4330,#4331);
#4330 = CARTESIAN_POINT('',(165.289998,-74.205684,0.));
#4331 = VECTOR('',#4332,1.);
#4332 = DIRECTION('',(0.,1.,0.));
#4333 = ORIENTED_EDGE('',*,*,#4334,.F.);
#4334 = EDGE_CURVE('',#4335,#4327,#4337,.T.);
#4335 = VERTEX_POINT('',#4336);
#4336 = CARTESIAN_POINT('',(165.339483,-74.422562,0.));
#4337 = CIRCLE('',#4338,0.499989885034);
#4338 = AXIS2_PLACEMENT_3D('',#4339,#4340,#4341);
#4339 = CARTESIAN_POINT('',(165.78998788503,-74.20568592086,0.));
#4340 = DIRECTION('',(0.,0.,-1.));
#4341 = DIRECTION('',(-0.901027997796,-0.43376093322,-0.));
#4342 = ORIENTED_EDGE('',*,*,#4343,.F.);
#4343 = EDGE_CURVE('',#4344,#4335,#4346,.T.);
#4344 = VERTEX_POINT('',#4345);
#4345 = CARTESIAN_POINT('',(164.63671,-75.071141,0.));
#4346 = CIRCLE('',#4347,0.499999729127);
#4347 = AXIS2_PLACEMENT_3D('',#4348,#4349,#4350);
#4348 = CARTESIAN_POINT('',(164.88896825432,-74.63944029088,0.));
#4349 = DIRECTION('',(0.,0.,1.));
#4350 = DIRECTION('',(-0.504516781969,-0.863401885979,0.));
#4351 = ORIENTED_EDGE('',*,*,#4352,.F.);
#4352 = EDGE_CURVE('',#4353,#4344,#4355,.T.);
#4353 = VERTEX_POINT('',#4354);
#4354 = CARTESIAN_POINT('',(164.384452,-75.002842,0.));
#4355 = CIRCLE('',#4356,0.500008729288);
#4356 = AXIS2_PLACEMENT_3D('',#4357,#4358,#4359);
#4357 = CARTESIAN_POINT('',(164.38444934312,-75.50285072928,0.));
#4358 = DIRECTION('',(0.,0.,-1.));
#4359 = DIRECTION('',(5.31366276793E-06,0.999999999986,0.));
#4360 = ORIENTED_EDGE('',*,*,#4361,.F.);
#4361 = EDGE_CURVE('',#4362,#4353,#4364,.T.);
#4362 = VERTEX_POINT('',#4363);
#4363 = CARTESIAN_POINT('',(162.795546,-75.002841,0.));
#4364 = LINE('',#4365,#4366);
#4365 = CARTESIAN_POINT('',(162.795546,-75.002841,0.));
#4366 = VECTOR('',#4367,1.);
#4367 = DIRECTION('',(1.,-6.29363850017E-07,0.));
#4368 = ORIENTED_EDGE('',*,*,#4369,.F.);
#4369 = EDGE_CURVE('',#4370,#4362,#4372,.T.);
#4370 = VERTEX_POINT('',#4371);
#4371 = CARTESIAN_POINT('',(162.543288,-75.07114,0.));
#4372 = CIRCLE('',#4373,0.500008729288);
#4373 = AXIS2_PLACEMENT_3D('',#4374,#4375,#4376);
#4374 = CARTESIAN_POINT('',(162.79554865687,-75.50284972928,0.));
#4375 = DIRECTION('',(0.,0.,-1.));
#4376 = DIRECTION('',(-0.504512505685,0.863404384751,0.));
#4377 = ORIENTED_EDGE('',*,*,#4378,.F.);
#4378 = EDGE_CURVE('',#4379,#4370,#4381,.T.);
#4379 = VERTEX_POINT('',#4380);
#4380 = CARTESIAN_POINT('',(161.840515,-74.422562,0.));
#4381 = CIRCLE('',#4382,0.499999422661);
#4382 = AXIS2_PLACEMENT_3D('',#4383,#4384,#4385);
#4383 = CARTESIAN_POINT('',(162.29102970448,-74.6394396699,0.));
#4384 = DIRECTION('',(0.,0.,1.));
#4385 = DIRECTION('',(-0.901030449374,0.433755840654,0.));
#4386 = ORIENTED_EDGE('',*,*,#4387,.F.);
#4387 = EDGE_CURVE('',#4388,#4379,#4390,.T.);
#4388 = VERTEX_POINT('',#4389);
#4389 = CARTESIAN_POINT('',(161.89,-74.205684,0.));
#4390 = CIRCLE('',#4391,0.499989885034);
#4391 = AXIS2_PLACEMENT_3D('',#4392,#4393,#4394);
#4392 = CARTESIAN_POINT('',(161.39001011497,-74.20568592086,0.));
#4393 = DIRECTION('',(0.,0.,-1.));
#4394 = DIRECTION('',(0.999999999993,3.841811733168E-06,0.));
#4395 = ORIENTED_EDGE('',*,*,#4396,.F.);
#4396 = EDGE_CURVE('',#4397,#4388,#4399,.T.);
#4397 = VERTEX_POINT('',#4398);
#4398 = CARTESIAN_POINT('',(161.89,-72.8,0.));
#4399 = LINE('',#4400,#4401);
#4400 = CARTESIAN_POINT('',(161.89,-72.8,0.));
#4401 = VECTOR('',#4402,1.);
#4402 = DIRECTION('',(0.,-1.,0.));
#4403 = ORIENTED_EDGE('',*,*,#4404,.F.);
#4404 = EDGE_CURVE('',#4274,#4397,#4405,.T.);
#4405 = CIRCLE('',#4406,0.499989885034);
#4406 = AXIS2_PLACEMENT_3D('',#4407,#4408,#4409);
#4407 = CARTESIAN_POINT('',(161.39001011497,-72.79999807913,0.));
#4408 = DIRECTION('',(0.,0.,-1.));
#4409 = DIRECTION('',(0.901027997796,0.43376093322,0.));
#4410 = FACE_BOUND('',#4411,.F.);
#4411 = EDGE_LOOP('',(#4412));
#4412 = ORIENTED_EDGE('',*,*,#4413,.T.);
#4413 = EDGE_CURVE('',#4414,#4414,#4416,.T.);
#4414 = VERTEX_POINT('',#4415);
#4415 = CARTESIAN_POINT('',(163.55,-70.35,0.));
#4416 = CIRCLE('',#4417,2.);
#4417 = AXIS2_PLACEMENT_3D('',#4418,#4419,#4420);
#4418 = CARTESIAN_POINT('',(163.55,-68.35,0.));
#4419 = DIRECTION('',(-0.,0.,-1.));
#4420 = DIRECTION('',(-0.,-1.,0.));
#4421 = FACE_BOUND('',#4422,.F.);
#4422 = EDGE_LOOP('',(#4423));
#4423 = ORIENTED_EDGE('',*,*,#4424,.T.);
#4424 = EDGE_CURVE('',#4425,#4425,#4427,.T.);
#4425 = VERTEX_POINT('',#4426);
#4426 = CARTESIAN_POINT('',(159.74,-66.56,0.));
#4427 = CIRCLE('',#4428,0.75);
#4428 = AXIS2_PLACEMENT_3D('',#4429,#4430,#4431);
#4429 = CARTESIAN_POINT('',(159.74,-65.81,0.));
#4430 = DIRECTION('',(-0.,0.,-1.));
#4431 = DIRECTION('',(-0.,-1.,0.));
#4432 = FACE_BOUND('',#4433,.F.);
#4433 = EDGE_LOOP('',(#4434));
#4434 = ORIENTED_EDGE('',*,*,#4435,.T.);
#4435 = EDGE_CURVE('',#4436,#4436,#4438,.T.);
#4436 = VERTEX_POINT('',#4437);
#4437 = CARTESIAN_POINT('',(166.09,-64.02,0.));
#4438 = CIRCLE('',#4439,0.75);
#4439 = AXIS2_PLACEMENT_3D('',#4440,#4441,#4442);
#4440 = CARTESIAN_POINT('',(166.09,-63.27,0.));
#4441 = DIRECTION('',(-0.,0.,-1.));
#4442 = DIRECTION('',(-0.,-1.,0.));
#4443 = FACE_BOUND('',#4444,.F.);
#4444 = EDGE_LOOP('',(#4445));
#4445 = ORIENTED_EDGE('',*,*,#4446,.T.);
#4446 = EDGE_CURVE('',#4447,#4447,#4449,.T.);
#4447 = VERTEX_POINT('',#4448);
#4448 = CARTESIAN_POINT('',(167.6,-81.,0.));
#4449 = CIRCLE('',#4450,0.4);
#4450 = AXIS2_PLACEMENT_3D('',#4451,#4452,#4453);
#4451 = CARTESIAN_POINT('',(167.6,-80.6,0.));
#4452 = DIRECTION('',(-0.,0.,-1.));
#4453 = DIRECTION('',(-0.,-1.,0.));
#4454 = FACE_BOUND('',#4455,.F.);
#4455 = EDGE_LOOP('',(#4456));
#4456 = ORIENTED_EDGE('',*,*,#4457,.T.);
#4457 = EDGE_CURVE('',#4458,#4458,#4460,.T.);
#4458 = VERTEX_POINT('',#4459);
#4459 = CARTESIAN_POINT('',(168.63,-69.2,0.));
#4460 = CIRCLE('',#4461,0.85);
#4461 = AXIS2_PLACEMENT_3D('',#4462,#4463,#4464);
#4462 = CARTESIAN_POINT('',(168.63,-68.35,0.));
#4463 = DIRECTION('',(-0.,0.,-1.));
#4464 = DIRECTION('',(-0.,-1.,0.));
#4465 = PLANE('',#4466);
#4466 = AXIS2_PLACEMENT_3D('',#4467,#4468,#4469);
#4467 = CARTESIAN_POINT('',(0.,0.,0.));
#4468 = DIRECTION('',(0.,0.,1.));
#4469 = DIRECTION('',(1.,0.,-0.));
#4470 = ADVANCED_FACE('',(#4471,#4482,#4493,#4504,#4646,#4657,#4668,
    #4679,#4690,#4701,#4712,#4723,#4734,#4745,#4887,#4898,#5040,#5051,
    #5062,#5073,#5084,#5095,#5106,#5117,#5128,#5270,#5281,#5292,#5303,
    #5314,#5325,#5336,#5347,#5358,#5369,#5511,#5522,#5664,#5675,#5686,
    #5697,#5708,#5719,#5730,#5741,#5752,#5894,#5905,#5916,#5927,#5938,
    #5949,#5960,#5971,#5982,#5993,#6004,#6015,#6026,#6037,#6048,#6059,
    #6070,#6081,#6092,#6103,#6114,#6125,#6136,#6147,#6158,#6300,#6311,
    #6322,#6333,#6344,#6355,#6366,#6377,#6388,#6424,#6435,#6446,#6588,
    #6599,#6610,#6621,#6632,#6643,#6654,#6665,#6676,#6687,#6829,#6840,
    #6982,#6993,#7004,#7015,#7026,#7037,#7048,#7059,#7070,#7081,#7092,
    #7234,#7245,#7256,#7267,#7278,#7289,#7300,#7311,#7322,#7464,#7475,
    #7486,#7497,#7639,#7650,#7661,#7672,#7683,#7694,#7705,#7847,#7858,
    #7869,#7880,#7891,#7902,#7913,#7924,#7935,#7946,#7957,#7993,#8004,
    #8015,#8026,#8037,#8048,#8059,#8070,#8212,#8223,#8234,#8245,#8256),
  #8267,.T.);
#4471 = FACE_BOUND('',#4472,.T.);
#4472 = EDGE_LOOP('',(#4473,#4474,#4475,#4481));
#4473 = ORIENTED_EDGE('',*,*,#580,.F.);
#4474 = ORIENTED_EDGE('',*,*,#620,.F.);
#4475 = ORIENTED_EDGE('',*,*,#4476,.F.);
#4476 = EDGE_CURVE('',#643,#613,#4477,.T.);
#4477 = LINE('',#4478,#4479);
#4478 = CARTESIAN_POINT('',(92.595549,-57.344453,1.51));
#4479 = VECTOR('',#4480,1.);
#4480 = DIRECTION('',(1.,0.,0.));
#4481 = ORIENTED_EDGE('',*,*,#642,.F.);
#4482 = FACE_BOUND('',#4483,.T.);
#4483 = EDGE_LOOP('',(#4484));
#4484 = ORIENTED_EDGE('',*,*,#4485,.T.);
#4485 = EDGE_CURVE('',#4486,#4486,#4488,.T.);
#4486 = VERTEX_POINT('',#4487);
#4487 = CARTESIAN_POINT('',(99.38,-154.6,1.51));
#4488 = CIRCLE('',#4489,0.4);
#4489 = AXIS2_PLACEMENT_3D('',#4490,#4491,#4492);
#4490 = CARTESIAN_POINT('',(99.38,-154.2,1.51));
#4491 = DIRECTION('',(-0.,0.,-1.));
#4492 = DIRECTION('',(-0.,-1.,0.));
#4493 = FACE_BOUND('',#4494,.T.);
#4494 = EDGE_LOOP('',(#4495));
#4495 = ORIENTED_EDGE('',*,*,#4496,.T.);
#4496 = EDGE_CURVE('',#4497,#4497,#4499,.T.);
#4497 = VERTEX_POINT('',#4498);
#4498 = CARTESIAN_POINT('',(107.,-154.6,1.51));
#4499 = CIRCLE('',#4500,0.4);
#4500 = AXIS2_PLACEMENT_3D('',#4501,#4502,#4503);
#4501 = CARTESIAN_POINT('',(107.,-154.2,1.51));
#4502 = DIRECTION('',(-0.,0.,-1.));
#4503 = DIRECTION('',(-0.,-1.,0.));
#4504 = FACE_BOUND('',#4505,.T.);
#4505 = EDGE_LOOP('',(#4506,#4517,#4526,#4534,#4543,#4552,#4561,#4569,
    #4578,#4587,#4596,#4604,#4613,#4622,#4631,#4639));
#4506 = ORIENTED_EDGE('',*,*,#4507,.F.);
#4507 = EDGE_CURVE('',#4508,#4510,#4512,.T.);
#4508 = VERTEX_POINT('',#4509);
#4509 = CARTESIAN_POINT('',(102.283288,-146.087343,1.51));
#4510 = VERTEX_POINT('',#4511);
#4511 = CARTESIAN_POINT('',(101.580515,-146.735922,1.51));
#4512 = CIRCLE('',#4513,0.499999448976);
#4513 = AXIS2_PLACEMENT_3D('',#4514,#4515,#4516);
#4514 = CARTESIAN_POINT('',(102.03102909571,-146.5190430048,1.51));
#4515 = DIRECTION('',(0.,0.,1.));
#4516 = DIRECTION('',(0.504518364574,0.863400961204,-0.));
#4517 = ORIENTED_EDGE('',*,*,#4518,.F.);
#4518 = EDGE_CURVE('',#4519,#4508,#4521,.T.);
#4519 = VERTEX_POINT('',#4520);
#4520 = CARTESIAN_POINT('',(102.535547,-146.155642,1.51));
#4521 = CIRCLE('',#4522,0.500008729227);
#4522 = AXIS2_PLACEMENT_3D('',#4523,#4524,#4525);
#4523 = CARTESIAN_POINT('',(102.53554865685,-145.6556332707,1.51));
#4524 = DIRECTION('',(0.,0.,-1.));
#4525 = DIRECTION('',(-3.313649544396E-06,-0.999999999995,-0.));
#4526 = ORIENTED_EDGE('',*,*,#4527,.F.);
#4527 = EDGE_CURVE('',#4528,#4519,#4530,.T.);
#4528 = VERTEX_POINT('',#4529);
#4529 = CARTESIAN_POINT('',(104.124451,-146.155642,1.51));
#4530 = LINE('',#4531,#4532);
#4531 = CARTESIAN_POINT('',(104.124451,-146.155642,1.51));
#4532 = VECTOR('',#4533,1.);
#4533 = DIRECTION('',(-1.,0.,0.));
#4534 = ORIENTED_EDGE('',*,*,#4535,.F.);
#4535 = EDGE_CURVE('',#4536,#4528,#4538,.T.);
#4536 = VERTEX_POINT('',#4537);
#4537 = CARTESIAN_POINT('',(104.376709,-146.087343,1.51));
#4538 = CIRCLE('',#4539,0.500008729289);
#4539 = AXIS2_PLACEMENT_3D('',#4540,#4541,#4542);
#4540 = CARTESIAN_POINT('',(104.12444834312,-145.6556332707,1.51));
#4541 = DIRECTION('',(0.,0.,-1.));
#4542 = DIRECTION('',(0.504512505685,-0.863404384751,0.));
#4543 = ORIENTED_EDGE('',*,*,#4544,.F.);
#4544 = EDGE_CURVE('',#4545,#4536,#4547,.T.);
#4545 = VERTEX_POINT('',#4546);
#4546 = CARTESIAN_POINT('',(105.079483,-146.735922,1.51));
#4547 = CIRCLE('',#4548,0.500000669307);
#4548 = AXIS2_PLACEMENT_3D('',#4549,#4550,#4551);
#4549 = CARTESIAN_POINT('',(104.62896646449,-146.5190452595,1.51));
#4550 = DIRECTION('',(0.,0.,1.));
#4551 = DIRECTION('',(0.901031864884,-0.433752900236,0.));
#4552 = ORIENTED_EDGE('',*,*,#4553,.F.);
#4553 = EDGE_CURVE('',#4554,#4545,#4556,.T.);
#4554 = VERTEX_POINT('',#4555);
#4555 = CARTESIAN_POINT('',(105.029998,-146.952799,1.51));
#4556 = CIRCLE('',#4557,0.499989884977);
#4557 = AXIS2_PLACEMENT_3D('',#4558,#4559,#4560);
#4558 = CARTESIAN_POINT('',(105.52998788497,-146.9527980791,1.51));
#4559 = DIRECTION('',(0.,0.,-1.));
#4560 = DIRECTION('',(-0.999999999998,-1.841808766735E-06,-0.));
#4561 = ORIENTED_EDGE('',*,*,#4562,.F.);
#4562 = EDGE_CURVE('',#4563,#4554,#4565,.T.);
#4563 = VERTEX_POINT('',#4564);
#4564 = CARTESIAN_POINT('',(105.029998,-148.358484,1.51));
#4565 = LINE('',#4566,#4567);
#4566 = CARTESIAN_POINT('',(105.029998,-148.358484,1.51));
#4567 = VECTOR('',#4568,1.);
#4568 = DIRECTION('',(0.,1.,0.));
#4569 = ORIENTED_EDGE('',*,*,#4570,.F.);
#4570 = EDGE_CURVE('',#4571,#4563,#4573,.T.);
#4571 = VERTEX_POINT('',#4572);
#4572 = CARTESIAN_POINT('',(105.079483,-148.575362,1.51));
#4573 = CIRCLE('',#4574,0.499989885034);
#4574 = AXIS2_PLACEMENT_3D('',#4575,#4576,#4577);
#4575 = CARTESIAN_POINT('',(105.52998788503,-148.3584859208,1.51));
#4576 = DIRECTION('',(0.,0.,-1.));
#4577 = DIRECTION('',(-0.901027997796,-0.43376093322,-0.));
#4578 = ORIENTED_EDGE('',*,*,#4579,.F.);
#4579 = EDGE_CURVE('',#4580,#4571,#4582,.T.);
#4580 = VERTEX_POINT('',#4581);
#4581 = CARTESIAN_POINT('',(104.37671,-149.223941,1.51));
#4582 = CIRCLE('',#4583,0.499999729127);
#4583 = AXIS2_PLACEMENT_3D('',#4584,#4585,#4586);
#4584 = CARTESIAN_POINT('',(104.62896825432,-148.7922402908,1.51));
#4585 = DIRECTION('',(0.,0.,1.));
#4586 = DIRECTION('',(-0.504516781969,-0.863401885979,0.));
#4587 = ORIENTED_EDGE('',*,*,#4588,.F.);
#4588 = EDGE_CURVE('',#4589,#4580,#4591,.T.);
#4589 = VERTEX_POINT('',#4590);
#4590 = CARTESIAN_POINT('',(104.124452,-149.155642,1.51));
#4591 = CIRCLE('',#4592,0.500008729289);
#4592 = AXIS2_PLACEMENT_3D('',#4593,#4594,#4595);
#4593 = CARTESIAN_POINT('',(104.12444934312,-149.6556507292,1.51));
#4594 = DIRECTION('',(0.,0.,-1.));
#4595 = DIRECTION('',(5.313662966874E-06,0.999999999986,0.));
#4596 = ORIENTED_EDGE('',*,*,#4597,.F.);
#4597 = EDGE_CURVE('',#4598,#4589,#4600,.T.);
#4598 = VERTEX_POINT('',#4599);
#4599 = CARTESIAN_POINT('',(102.535546,-149.155641,1.51));
#4600 = LINE('',#4601,#4602);
#4601 = CARTESIAN_POINT('',(102.535546,-149.155641,1.51));
#4602 = VECTOR('',#4603,1.);
#4603 = DIRECTION('',(1.,-6.29363850017E-07,0.));
#4604 = ORIENTED_EDGE('',*,*,#4605,.F.);
#4605 = EDGE_CURVE('',#4606,#4598,#4608,.T.);
#4606 = VERTEX_POINT('',#4607);
#4607 = CARTESIAN_POINT('',(102.283288,-149.22394,1.51));
#4608 = CIRCLE('',#4609,0.500008729289);
#4609 = AXIS2_PLACEMENT_3D('',#4610,#4611,#4612);
#4610 = CARTESIAN_POINT('',(102.53554865687,-149.6556497292,1.51));
#4611 = DIRECTION('',(0.,0.,-1.));
#4612 = DIRECTION('',(-0.504512505685,0.863404384751,0.));
#4613 = ORIENTED_EDGE('',*,*,#4614,.F.);
#4614 = EDGE_CURVE('',#4615,#4606,#4617,.T.);
#4615 = VERTEX_POINT('',#4616);
#4616 = CARTESIAN_POINT('',(101.580515,-148.575362,1.51));
#4617 = CIRCLE('',#4618,0.499999422661);
#4618 = AXIS2_PLACEMENT_3D('',#4619,#4620,#4621);
#4619 = CARTESIAN_POINT('',(102.03102970448,-148.7922396699,1.51));
#4620 = DIRECTION('',(0.,0.,1.));
#4621 = DIRECTION('',(-0.901030449374,0.433755840654,0.));
#4622 = ORIENTED_EDGE('',*,*,#4623,.F.);
#4623 = EDGE_CURVE('',#4624,#4615,#4626,.T.);
#4624 = VERTEX_POINT('',#4625);
#4625 = CARTESIAN_POINT('',(101.63,-148.358485,1.51));
#4626 = CIRCLE('',#4627,0.499989884977);
#4627 = AXIS2_PLACEMENT_3D('',#4628,#4629,#4630);
#4628 = CARTESIAN_POINT('',(101.13001011502,-148.3584859208,1.51));
#4629 = DIRECTION('',(0.,0.,-1.));
#4630 = DIRECTION('',(0.999999999998,1.841808766735E-06,0.));
#4631 = ORIENTED_EDGE('',*,*,#4632,.F.);
#4632 = EDGE_CURVE('',#4633,#4624,#4635,.T.);
#4633 = VERTEX_POINT('',#4634);
#4634 = CARTESIAN_POINT('',(101.63,-146.9528,1.51));
#4635 = LINE('',#4636,#4637);
#4636 = CARTESIAN_POINT('',(101.63,-146.9528,1.51));
#4637 = VECTOR('',#4638,1.);
#4638 = DIRECTION('',(0.,-1.,0.));
#4639 = ORIENTED_EDGE('',*,*,#4640,.F.);
#4640 = EDGE_CURVE('',#4510,#4633,#4641,.T.);
#4641 = CIRCLE('',#4642,0.499989885034);
#4642 = AXIS2_PLACEMENT_3D('',#4643,#4644,#4645);
#4643 = CARTESIAN_POINT('',(101.13001011496,-146.9527980791,1.51));
#4644 = DIRECTION('',(0.,0.,-1.));
#4645 = DIRECTION('',(0.901027997796,0.43376093322,0.));
#4646 = FACE_BOUND('',#4647,.T.);
#4647 = EDGE_LOOP('',(#4648));
#4648 = ORIENTED_EDGE('',*,*,#4649,.T.);
#4649 = EDGE_CURVE('',#4650,#4650,#4652,.T.);
#4650 = VERTEX_POINT('',#4651);
#4651 = CARTESIAN_POINT('',(119.98,-154.8,1.51));
#4652 = CIRCLE('',#4653,0.4);
#4653 = AXIS2_PLACEMENT_3D('',#4654,#4655,#4656);
#4654 = CARTESIAN_POINT('',(119.98,-154.4,1.51));
#4655 = DIRECTION('',(-0.,0.,-1.));
#4656 = DIRECTION('',(3.5527136788E-14,-1.,-0.));
#4657 = FACE_BOUND('',#4658,.T.);
#4658 = EDGE_LOOP('',(#4659));
#4659 = ORIENTED_EDGE('',*,*,#4660,.T.);
#4660 = EDGE_CURVE('',#4661,#4661,#4663,.T.);
#4661 = VERTEX_POINT('',#4662);
#4662 = CARTESIAN_POINT('',(98.31,-143.53,1.51));
#4663 = CIRCLE('',#4664,0.85);
#4664 = AXIS2_PLACEMENT_3D('',#4665,#4666,#4667);
#4665 = CARTESIAN_POINT('',(98.31,-142.68,1.51));
#4666 = DIRECTION('',(-0.,0.,-1.));
#4667 = DIRECTION('',(-0.,-1.,0.));
#4668 = FACE_BOUND('',#4669,.T.);
#4669 = EDGE_LOOP('',(#4670));
#4670 = ORIENTED_EDGE('',*,*,#4671,.T.);
#4671 = EDGE_CURVE('',#4672,#4672,#4674,.T.);
#4672 = VERTEX_POINT('',#4673);
#4673 = CARTESIAN_POINT('',(99.58,-140.89,1.51));
#4674 = CIRCLE('',#4675,0.75);
#4675 = AXIS2_PLACEMENT_3D('',#4676,#4677,#4678);
#4676 = CARTESIAN_POINT('',(99.58,-140.14,1.51));
#4677 = DIRECTION('',(-0.,0.,-1.));
#4678 = DIRECTION('',(-0.,-1.,0.));
#4679 = FACE_BOUND('',#4680,.T.);
#4680 = EDGE_LOOP('',(#4681));
#4681 = ORIENTED_EDGE('',*,*,#4682,.T.);
#4682 = EDGE_CURVE('',#4683,#4683,#4685,.T.);
#4683 = VERTEX_POINT('',#4684);
#4684 = CARTESIAN_POINT('',(103.39,-144.68,1.51));
#4685 = CIRCLE('',#4686,2.);
#4686 = AXIS2_PLACEMENT_3D('',#4687,#4688,#4689);
#4687 = CARTESIAN_POINT('',(103.39,-142.68,1.51));
#4688 = DIRECTION('',(-0.,0.,-1.));
#4689 = DIRECTION('',(-0.,-1.,0.));
#4690 = FACE_BOUND('',#4691,.T.);
#4691 = EDGE_LOOP('',(#4692));
#4692 = ORIENTED_EDGE('',*,*,#4693,.T.);
#4693 = EDGE_CURVE('',#4694,#4694,#4696,.T.);
#4694 = VERTEX_POINT('',#4695);
#4695 = CARTESIAN_POINT('',(108.47,-143.53,1.51));
#4696 = CIRCLE('',#4697,0.85);
#4697 = AXIS2_PLACEMENT_3D('',#4698,#4699,#4700);
#4698 = CARTESIAN_POINT('',(108.47,-142.68,1.51));
#4699 = DIRECTION('',(-0.,0.,-1.));
#4700 = DIRECTION('',(-0.,-1.,0.));
#4701 = FACE_BOUND('',#4702,.T.);
#4702 = EDGE_LOOP('',(#4703));
#4703 = ORIENTED_EDGE('',*,*,#4704,.T.);
#4704 = EDGE_CURVE('',#4705,#4705,#4707,.T.);
#4705 = VERTEX_POINT('',#4706);
#4706 = CARTESIAN_POINT('',(105.93,-138.35,1.51));
#4707 = CIRCLE('',#4708,0.75);
#4708 = AXIS2_PLACEMENT_3D('',#4709,#4710,#4711);
#4709 = CARTESIAN_POINT('',(105.93,-137.6,1.51));
#4710 = DIRECTION('',(-0.,0.,-1.));
#4711 = DIRECTION('',(-0.,-1.,0.));
#4712 = FACE_BOUND('',#4713,.T.);
#4713 = EDGE_LOOP('',(#4714));
#4714 = ORIENTED_EDGE('',*,*,#4715,.T.);
#4715 = EDGE_CURVE('',#4716,#4716,#4718,.T.);
#4716 = VERTEX_POINT('',#4717);
#4717 = CARTESIAN_POINT('',(118.47,-143.53,1.51));
#4718 = CIRCLE('',#4719,0.85);
#4719 = AXIS2_PLACEMENT_3D('',#4720,#4721,#4722);
#4720 = CARTESIAN_POINT('',(118.47,-142.68,1.51));
#4721 = DIRECTION('',(-0.,0.,-1.));
#4722 = DIRECTION('',(-0.,-1.,0.));
#4723 = FACE_BOUND('',#4724,.T.);
#4724 = EDGE_LOOP('',(#4725));
#4725 = ORIENTED_EDGE('',*,*,#4726,.T.);
#4726 = EDGE_CURVE('',#4727,#4727,#4729,.T.);
#4727 = VERTEX_POINT('',#4728);
#4728 = CARTESIAN_POINT('',(119.74,-140.89,1.51));
#4729 = CIRCLE('',#4730,0.75);
#4730 = AXIS2_PLACEMENT_3D('',#4731,#4732,#4733);
#4731 = CARTESIAN_POINT('',(119.74,-140.14,1.51));
#4732 = DIRECTION('',(-0.,0.,-1.));
#4733 = DIRECTION('',(-0.,-1.,0.));
#4734 = FACE_BOUND('',#4735,.T.);
#4735 = EDGE_LOOP('',(#4736));
#4736 = ORIENTED_EDGE('',*,*,#4737,.T.);
#4737 = EDGE_CURVE('',#4738,#4738,#4740,.T.);
#4738 = VERTEX_POINT('',#4739);
#4739 = CARTESIAN_POINT('',(127.6,-154.8,1.51));
#4740 = CIRCLE('',#4741,0.4);
#4741 = AXIS2_PLACEMENT_3D('',#4742,#4743,#4744);
#4742 = CARTESIAN_POINT('',(127.6,-154.4,1.51));
#4743 = DIRECTION('',(-0.,0.,-1.));
#4744 = DIRECTION('',(-0.,-1.,0.));
#4745 = FACE_BOUND('',#4746,.T.);
#4746 = EDGE_LOOP('',(#4747,#4758,#4767,#4775,#4784,#4793,#4802,#4810,
    #4819,#4828,#4837,#4845,#4854,#4863,#4872,#4880));
#4747 = ORIENTED_EDGE('',*,*,#4748,.F.);
#4748 = EDGE_CURVE('',#4749,#4751,#4753,.T.);
#4749 = VERTEX_POINT('',#4750);
#4750 = CARTESIAN_POINT('',(122.343288,-146.134543,1.51));
#4751 = VERTEX_POINT('',#4752);
#4752 = CARTESIAN_POINT('',(121.640515,-146.783122,1.51));
#4753 = CIRCLE('',#4754,0.499999448976);
#4754 = AXIS2_PLACEMENT_3D('',#4755,#4756,#4757);
#4755 = CARTESIAN_POINT('',(122.09102909571,-146.5662430048,1.51));
#4756 = DIRECTION('',(0.,0.,1.));
#4757 = DIRECTION('',(0.504518364574,0.863400961204,-0.));
#4758 = ORIENTED_EDGE('',*,*,#4759,.F.);
#4759 = EDGE_CURVE('',#4760,#4749,#4762,.T.);
#4760 = VERTEX_POINT('',#4761);
#4761 = CARTESIAN_POINT('',(122.595547,-146.202842,1.51));
#4762 = CIRCLE('',#4763,0.500008729226);
#4763 = AXIS2_PLACEMENT_3D('',#4764,#4765,#4766);
#4764 = CARTESIAN_POINT('',(122.59554865685,-145.7028332707,1.51));
#4765 = DIRECTION('',(0.,0.,-1.));
#4766 = DIRECTION('',(-3.313649515975E-06,-0.999999999995,-0.));
#4767 = ORIENTED_EDGE('',*,*,#4768,.F.);
#4768 = EDGE_CURVE('',#4769,#4760,#4771,.T.);
#4769 = VERTEX_POINT('',#4770);
#4770 = CARTESIAN_POINT('',(124.184451,-146.202842,1.51));
#4771 = LINE('',#4772,#4773);
#4772 = CARTESIAN_POINT('',(124.184451,-146.202842,1.51));
#4773 = VECTOR('',#4774,1.);
#4774 = DIRECTION('',(-1.,0.,0.));
#4775 = ORIENTED_EDGE('',*,*,#4776,.F.);
#4776 = EDGE_CURVE('',#4777,#4769,#4779,.T.);
#4777 = VERTEX_POINT('',#4778);
#4778 = CARTESIAN_POINT('',(124.436709,-146.134543,1.51));
#4779 = CIRCLE('',#4780,0.500008729288);
#4780 = AXIS2_PLACEMENT_3D('',#4781,#4782,#4783);
#4781 = CARTESIAN_POINT('',(124.18444834312,-145.7028332707,1.51));
#4782 = DIRECTION('',(0.,0.,-1.));
#4783 = DIRECTION('',(0.504512505685,-0.863404384751,0.));
#4784 = ORIENTED_EDGE('',*,*,#4785,.F.);
#4785 = EDGE_CURVE('',#4786,#4777,#4788,.T.);
#4786 = VERTEX_POINT('',#4787);
#4787 = CARTESIAN_POINT('',(125.139483,-146.783122,1.51));
#4788 = CIRCLE('',#4789,0.500000669307);
#4789 = AXIS2_PLACEMENT_3D('',#4790,#4791,#4792);
#4790 = CARTESIAN_POINT('',(124.68896646449,-146.5662452595,1.51));
#4791 = DIRECTION('',(0.,0.,1.));
#4792 = DIRECTION('',(0.901031864884,-0.433752900236,0.));
#4793 = ORIENTED_EDGE('',*,*,#4794,.F.);
#4794 = EDGE_CURVE('',#4795,#4786,#4797,.T.);
#4795 = VERTEX_POINT('',#4796);
#4796 = CARTESIAN_POINT('',(125.089998,-146.999999,1.51));
#4797 = CIRCLE('',#4798,0.499989884978);
#4798 = AXIS2_PLACEMENT_3D('',#4799,#4800,#4801);
#4799 = CARTESIAN_POINT('',(125.58998788497,-146.9999980791,1.51));
#4800 = DIRECTION('',(0.,0.,-1.));
#4801 = DIRECTION('',(-0.999999999998,-1.841808539356E-06,-0.));
#4802 = ORIENTED_EDGE('',*,*,#4803,.F.);
#4803 = EDGE_CURVE('',#4804,#4795,#4806,.T.);
#4804 = VERTEX_POINT('',#4805);
#4805 = CARTESIAN_POINT('',(125.089998,-148.405684,1.51));
#4806 = LINE('',#4807,#4808);
#4807 = CARTESIAN_POINT('',(125.089998,-148.405684,1.51));
#4808 = VECTOR('',#4809,1.);
#4809 = DIRECTION('',(0.,1.,0.));
#4810 = ORIENTED_EDGE('',*,*,#4811,.F.);
#4811 = EDGE_CURVE('',#4812,#4804,#4814,.T.);
#4812 = VERTEX_POINT('',#4813);
#4813 = CARTESIAN_POINT('',(125.139483,-148.622562,1.51));
#4814 = CIRCLE('',#4815,0.499989885034);
#4815 = AXIS2_PLACEMENT_3D('',#4816,#4817,#4818);
#4816 = CARTESIAN_POINT('',(125.58998788503,-148.4056859208,1.51));
#4817 = DIRECTION('',(0.,0.,-1.));
#4818 = DIRECTION('',(-0.901027997796,-0.43376093322,-0.));
#4819 = ORIENTED_EDGE('',*,*,#4820,.F.);
#4820 = EDGE_CURVE('',#4821,#4812,#4823,.T.);
#4821 = VERTEX_POINT('',#4822);
#4822 = CARTESIAN_POINT('',(124.43671,-149.271141,1.51));
#4823 = CIRCLE('',#4824,0.499999729127);
#4824 = AXIS2_PLACEMENT_3D('',#4825,#4826,#4827);
#4825 = CARTESIAN_POINT('',(124.68896825432,-148.8394402908,1.51));
#4826 = DIRECTION('',(0.,0.,1.));
#4827 = DIRECTION('',(-0.504516781969,-0.863401885979,0.));
#4828 = ORIENTED_EDGE('',*,*,#4829,.F.);
#4829 = EDGE_CURVE('',#4830,#4821,#4832,.T.);
#4830 = VERTEX_POINT('',#4831);
#4831 = CARTESIAN_POINT('',(124.184452,-149.202842,1.51));
#4832 = CIRCLE('',#4833,0.500008729288);
#4833 = AXIS2_PLACEMENT_3D('',#4834,#4835,#4836);
#4834 = CARTESIAN_POINT('',(124.18444934312,-149.7028507292,1.51));
#4835 = DIRECTION('',(0.,0.,-1.));
#4836 = DIRECTION('',(5.313662512143E-06,0.999999999986,0.));
#4837 = ORIENTED_EDGE('',*,*,#4838,.F.);
#4838 = EDGE_CURVE('',#4839,#4830,#4841,.T.);
#4839 = VERTEX_POINT('',#4840);
#4840 = CARTESIAN_POINT('',(122.595546,-149.202841,1.51));
#4841 = LINE('',#4842,#4843);
#4842 = CARTESIAN_POINT('',(122.595546,-149.202841,1.51));
#4843 = VECTOR('',#4844,1.);
#4844 = DIRECTION('',(1.,-6.29363850017E-07,0.));
#4845 = ORIENTED_EDGE('',*,*,#4846,.F.);
#4846 = EDGE_CURVE('',#4847,#4839,#4849,.T.);
#4847 = VERTEX_POINT('',#4848);
#4848 = CARTESIAN_POINT('',(122.343288,-149.27114,1.51));
#4849 = CIRCLE('',#4850,0.500008729288);
#4850 = AXIS2_PLACEMENT_3D('',#4851,#4852,#4853);
#4851 = CARTESIAN_POINT('',(122.59554865687,-149.7028497292,1.51));
#4852 = DIRECTION('',(0.,0.,-1.));
#4853 = DIRECTION('',(-0.504512505686,0.863404384751,0.));
#4854 = ORIENTED_EDGE('',*,*,#4855,.F.);
#4855 = EDGE_CURVE('',#4856,#4847,#4858,.T.);
#4856 = VERTEX_POINT('',#4857);
#4857 = CARTESIAN_POINT('',(121.640515,-148.622562,1.51));
#4858 = CIRCLE('',#4859,0.499999422661);
#4859 = AXIS2_PLACEMENT_3D('',#4860,#4861,#4862);
#4860 = CARTESIAN_POINT('',(122.09102970448,-148.8394396699,1.51));
#4861 = DIRECTION('',(0.,0.,1.));
#4862 = DIRECTION('',(-0.901030449374,0.433755840654,0.));
#4863 = ORIENTED_EDGE('',*,*,#4864,.F.);
#4864 = EDGE_CURVE('',#4865,#4856,#4867,.T.);
#4865 = VERTEX_POINT('',#4866);
#4866 = CARTESIAN_POINT('',(121.69,-148.405685,1.51));
#4867 = CIRCLE('',#4868,0.499989884977);
#4868 = AXIS2_PLACEMENT_3D('',#4869,#4870,#4871);
#4869 = CARTESIAN_POINT('',(121.19001011502,-148.4056859208,1.51));
#4870 = DIRECTION('',(0.,0.,-1.));
#4871 = DIRECTION('',(0.999999999998,1.841808653046E-06,0.));
#4872 = ORIENTED_EDGE('',*,*,#4873,.F.);
#4873 = EDGE_CURVE('',#4874,#4865,#4876,.T.);
#4874 = VERTEX_POINT('',#4875);
#4875 = CARTESIAN_POINT('',(121.69,-147.,1.51));
#4876 = LINE('',#4877,#4878);
#4877 = CARTESIAN_POINT('',(121.69,-147.,1.51));
#4878 = VECTOR('',#4879,1.);
#4879 = DIRECTION('',(0.,-1.,0.));
#4880 = ORIENTED_EDGE('',*,*,#4881,.F.);
#4881 = EDGE_CURVE('',#4751,#4874,#4882,.T.);
#4882 = CIRCLE('',#4883,0.499989885034);
#4883 = AXIS2_PLACEMENT_3D('',#4884,#4885,#4886);
#4884 = CARTESIAN_POINT('',(121.19001011496,-146.9999980791,1.51));
#4885 = DIRECTION('',(0.,0.,-1.));
#4886 = DIRECTION('',(0.901027997796,0.43376093322,0.));
#4887 = FACE_BOUND('',#4888,.T.);
#4888 = EDGE_LOOP('',(#4889));
#4889 = ORIENTED_EDGE('',*,*,#4890,.T.);
#4890 = EDGE_CURVE('',#4891,#4891,#4893,.T.);
#4891 = VERTEX_POINT('',#4892);
#4892 = CARTESIAN_POINT('',(139.78,-154.8,1.51));
#4893 = CIRCLE('',#4894,0.4);
#4894 = AXIS2_PLACEMENT_3D('',#4895,#4896,#4897);
#4895 = CARTESIAN_POINT('',(139.78,-154.4,1.51));
#4896 = DIRECTION('',(-0.,0.,-1.));
#4897 = DIRECTION('',(-0.,-1.,0.));
#4898 = FACE_BOUND('',#4899,.T.);
#4899 = EDGE_LOOP('',(#4900,#4911,#4920,#4928,#4937,#4946,#4955,#4963,
    #4972,#4981,#4990,#4998,#5007,#5016,#5025,#5033));
#4900 = ORIENTED_EDGE('',*,*,#4901,.F.);
#4901 = EDGE_CURVE('',#4902,#4904,#4906,.T.);
#4902 = VERTEX_POINT('',#4903);
#4903 = CARTESIAN_POINT('',(142.543288,-146.334543,1.51));
#4904 = VERTEX_POINT('',#4905);
#4905 = CARTESIAN_POINT('',(141.840515,-146.983122,1.51));
#4906 = CIRCLE('',#4907,0.499999448976);
#4907 = AXIS2_PLACEMENT_3D('',#4908,#4909,#4910);
#4908 = CARTESIAN_POINT('',(142.29102909571,-146.7662430048,1.51));
#4909 = DIRECTION('',(0.,0.,1.));
#4910 = DIRECTION('',(0.504518364574,0.863400961204,-0.));
#4911 = ORIENTED_EDGE('',*,*,#4912,.F.);
#4912 = EDGE_CURVE('',#4913,#4902,#4915,.T.);
#4913 = VERTEX_POINT('',#4914);
#4914 = CARTESIAN_POINT('',(142.795547,-146.402842,1.51));
#4915 = CIRCLE('',#4916,0.500008729226);
#4916 = AXIS2_PLACEMENT_3D('',#4917,#4918,#4919);
#4917 = CARTESIAN_POINT('',(142.79554865685,-145.9028332707,1.51));
#4918 = DIRECTION('',(0.,0.,-1.));
#4919 = DIRECTION('',(-3.31364903282E-06,-0.999999999995,-0.));
#4920 = ORIENTED_EDGE('',*,*,#4921,.F.);
#4921 = EDGE_CURVE('',#4922,#4913,#4924,.T.);
#4922 = VERTEX_POINT('',#4923);
#4923 = CARTESIAN_POINT('',(144.384451,-146.402842,1.51));
#4924 = LINE('',#4925,#4926);
#4925 = CARTESIAN_POINT('',(144.384451,-146.402842,1.51));
#4926 = VECTOR('',#4927,1.);
#4927 = DIRECTION('',(-1.,0.,0.));
#4928 = ORIENTED_EDGE('',*,*,#4929,.F.);
#4929 = EDGE_CURVE('',#4930,#4922,#4932,.T.);
#4930 = VERTEX_POINT('',#4931);
#4931 = CARTESIAN_POINT('',(144.636709,-146.334543,1.51));
#4932 = CIRCLE('',#4933,0.500008729288);
#4933 = AXIS2_PLACEMENT_3D('',#4934,#4935,#4936);
#4934 = CARTESIAN_POINT('',(144.38444834312,-145.9028332707,1.51));
#4935 = DIRECTION('',(0.,0.,-1.));
#4936 = DIRECTION('',(0.504512505686,-0.863404384751,0.));
#4937 = ORIENTED_EDGE('',*,*,#4938,.F.);
#4938 = EDGE_CURVE('',#4939,#4930,#4941,.T.);
#4939 = VERTEX_POINT('',#4940);
#4940 = CARTESIAN_POINT('',(145.339483,-146.983122,1.51));
#4941 = CIRCLE('',#4942,0.500000669307);
#4942 = AXIS2_PLACEMENT_3D('',#4943,#4944,#4945);
#4943 = CARTESIAN_POINT('',(144.88896646449,-146.7662452595,1.51));
#4944 = DIRECTION('',(0.,0.,1.));
#4945 = DIRECTION('',(0.901031864884,-0.433752900236,0.));
#4946 = ORIENTED_EDGE('',*,*,#4947,.F.);
#4947 = EDGE_CURVE('',#4948,#4939,#4950,.T.);
#4948 = VERTEX_POINT('',#4949);
#4949 = CARTESIAN_POINT('',(145.289998,-147.199999,1.51));
#4950 = CIRCLE('',#4951,0.499989884977);
#4951 = AXIS2_PLACEMENT_3D('',#4952,#4953,#4954);
#4952 = CARTESIAN_POINT('',(145.78998788497,-147.1999980791,1.51));
#4953 = DIRECTION('',(0.,0.,-1.));
#4954 = DIRECTION('',(-0.999999999998,-1.841808653046E-06,-0.));
#4955 = ORIENTED_EDGE('',*,*,#4956,.F.);
#4956 = EDGE_CURVE('',#4957,#4948,#4959,.T.);
#4957 = VERTEX_POINT('',#4958);
#4958 = CARTESIAN_POINT('',(145.289998,-148.605684,1.51));
#4959 = LINE('',#4960,#4961);
#4960 = CARTESIAN_POINT('',(145.289998,-148.605684,1.51));
#4961 = VECTOR('',#4962,1.);
#4962 = DIRECTION('',(0.,1.,0.));
#4963 = ORIENTED_EDGE('',*,*,#4964,.F.);
#4964 = EDGE_CURVE('',#4965,#4957,#4967,.T.);
#4965 = VERTEX_POINT('',#4966);
#4966 = CARTESIAN_POINT('',(145.339483,-148.822562,1.51));
#4967 = CIRCLE('',#4968,0.499989885034);
#4968 = AXIS2_PLACEMENT_3D('',#4969,#4970,#4971);
#4969 = CARTESIAN_POINT('',(145.78998788503,-148.6056859208,1.51));
#4970 = DIRECTION('',(0.,0.,-1.));
#4971 = DIRECTION('',(-0.901027997796,-0.43376093322,-0.));
#4972 = ORIENTED_EDGE('',*,*,#4973,.F.);
#4973 = EDGE_CURVE('',#4974,#4965,#4976,.T.);
#4974 = VERTEX_POINT('',#4975);
#4975 = CARTESIAN_POINT('',(144.63671,-149.471141,1.51));
#4976 = CIRCLE('',#4977,0.499999729127);
#4977 = AXIS2_PLACEMENT_3D('',#4978,#4979,#4980);
#4978 = CARTESIAN_POINT('',(144.88896825432,-149.0394402908,1.51));
#4979 = DIRECTION('',(0.,0.,1.));
#4980 = DIRECTION('',(-0.504516781969,-0.863401885979,0.));
#4981 = ORIENTED_EDGE('',*,*,#4982,.F.);
#4982 = EDGE_CURVE('',#4983,#4974,#4985,.T.);
#4983 = VERTEX_POINT('',#4984);
#4984 = CARTESIAN_POINT('',(144.384452,-149.402842,1.51));
#4985 = CIRCLE('',#4986,0.500008729289);
#4986 = AXIS2_PLACEMENT_3D('',#4987,#4988,#4989);
#4987 = CARTESIAN_POINT('',(144.38444934312,-149.9028507292,1.51));
#4988 = DIRECTION('',(0.,0.,-1.));
#4989 = DIRECTION('',(5.313662938454E-06,0.999999999986,0.));
#4990 = ORIENTED_EDGE('',*,*,#4991,.F.);
#4991 = EDGE_CURVE('',#4992,#4983,#4994,.T.);
#4992 = VERTEX_POINT('',#4993);
#4993 = CARTESIAN_POINT('',(142.795546,-149.402841,1.51));
#4994 = LINE('',#4995,#4996);
#4995 = CARTESIAN_POINT('',(142.795546,-149.402841,1.51));
#4996 = VECTOR('',#4997,1.);
#4997 = DIRECTION('',(1.,-6.29363850017E-07,0.));
#4998 = ORIENTED_EDGE('',*,*,#4999,.F.);
#4999 = EDGE_CURVE('',#5000,#4992,#5002,.T.);
#5000 = VERTEX_POINT('',#5001);
#5001 = CARTESIAN_POINT('',(142.543288,-149.47114,1.51));
#5002 = CIRCLE('',#5003,0.500008729288);
#5003 = AXIS2_PLACEMENT_3D('',#5004,#5005,#5006);
#5004 = CARTESIAN_POINT('',(142.79554865687,-149.9028497292,1.51));
#5005 = DIRECTION('',(0.,0.,-1.));
#5006 = DIRECTION('',(-0.504512505685,0.863404384751,0.));
#5007 = ORIENTED_EDGE('',*,*,#5008,.F.);
#5008 = EDGE_CURVE('',#5009,#5000,#5011,.T.);
#5009 = VERTEX_POINT('',#5010);
#5010 = CARTESIAN_POINT('',(141.840515,-148.822562,1.51));
#5011 = CIRCLE('',#5012,0.499999422661);
#5012 = AXIS2_PLACEMENT_3D('',#5013,#5014,#5015);
#5013 = CARTESIAN_POINT('',(142.29102970448,-149.0394396699,1.51));
#5014 = DIRECTION('',(0.,0.,1.));
#5015 = DIRECTION('',(-0.901030449374,0.433755840654,0.));
#5016 = ORIENTED_EDGE('',*,*,#5017,.F.);
#5017 = EDGE_CURVE('',#5018,#5009,#5020,.T.);
#5018 = VERTEX_POINT('',#5019);
#5019 = CARTESIAN_POINT('',(141.89,-148.605685,1.51));
#5020 = CIRCLE('',#5021,0.499989884977);
#5021 = AXIS2_PLACEMENT_3D('',#5022,#5023,#5024);
#5022 = CARTESIAN_POINT('',(141.39001011502,-148.6056859208,1.51));
#5023 = DIRECTION('',(0.,0.,-1.));
#5024 = DIRECTION('',(0.999999999998,1.841808994115E-06,0.));
#5025 = ORIENTED_EDGE('',*,*,#5026,.F.);
#5026 = EDGE_CURVE('',#5027,#5018,#5029,.T.);
#5027 = VERTEX_POINT('',#5028);
#5028 = CARTESIAN_POINT('',(141.89,-147.2,1.51));
#5029 = LINE('',#5030,#5031);
#5030 = CARTESIAN_POINT('',(141.89,-147.2,1.51));
#5031 = VECTOR('',#5032,1.);
#5032 = DIRECTION('',(0.,-1.,0.));
#5033 = ORIENTED_EDGE('',*,*,#5034,.F.);
#5034 = EDGE_CURVE('',#4904,#5027,#5035,.T.);
#5035 = CIRCLE('',#5036,0.499989885034);
#5036 = AXIS2_PLACEMENT_3D('',#5037,#5038,#5039);
#5037 = CARTESIAN_POINT('',(141.39001011497,-147.1999980791,1.51));
#5038 = DIRECTION('',(0.,0.,-1.));
#5039 = DIRECTION('',(0.901027997796,0.43376093322,0.));
#5040 = FACE_BOUND('',#5041,.T.);
#5041 = EDGE_LOOP('',(#5042));
#5042 = ORIENTED_EDGE('',*,*,#5043,.T.);
#5043 = EDGE_CURVE('',#5044,#5044,#5046,.T.);
#5044 = VERTEX_POINT('',#5045);
#5045 = CARTESIAN_POINT('',(123.55,-144.68,1.51));
#5046 = CIRCLE('',#5047,2.);
#5047 = AXIS2_PLACEMENT_3D('',#5048,#5049,#5050);
#5048 = CARTESIAN_POINT('',(123.55,-142.68,1.51));
#5049 = DIRECTION('',(-0.,0.,-1.));
#5050 = DIRECTION('',(-0.,-1.,0.));
#5051 = FACE_BOUND('',#5052,.T.);
#5052 = EDGE_LOOP('',(#5053));
#5053 = ORIENTED_EDGE('',*,*,#5054,.T.);
#5054 = EDGE_CURVE('',#5055,#5055,#5057,.T.);
#5055 = VERTEX_POINT('',#5056);
#5056 = CARTESIAN_POINT('',(126.09,-138.35,1.51));
#5057 = CIRCLE('',#5058,0.75);
#5058 = AXIS2_PLACEMENT_3D('',#5059,#5060,#5061);
#5059 = CARTESIAN_POINT('',(126.09,-137.6,1.51));
#5060 = DIRECTION('',(-0.,0.,-1.));
#5061 = DIRECTION('',(-0.,-1.,0.));
#5062 = FACE_BOUND('',#5063,.T.);
#5063 = EDGE_LOOP('',(#5064));
#5064 = ORIENTED_EDGE('',*,*,#5065,.T.);
#5065 = EDGE_CURVE('',#5066,#5066,#5068,.T.);
#5066 = VERTEX_POINT('',#5067);
#5067 = CARTESIAN_POINT('',(128.63,-143.53,1.51));
#5068 = CIRCLE('',#5069,0.85);
#5069 = AXIS2_PLACEMENT_3D('',#5070,#5071,#5072);
#5070 = CARTESIAN_POINT('',(128.63,-142.68,1.51));
#5071 = DIRECTION('',(-0.,0.,-1.));
#5072 = DIRECTION('',(-0.,-1.,0.));
#5073 = FACE_BOUND('',#5074,.T.);
#5074 = EDGE_LOOP('',(#5075));
#5075 = ORIENTED_EDGE('',*,*,#5076,.T.);
#5076 = EDGE_CURVE('',#5077,#5077,#5079,.T.);
#5077 = VERTEX_POINT('',#5078);
#5078 = CARTESIAN_POINT('',(138.47,-143.53,1.51));
#5079 = CIRCLE('',#5080,0.85);
#5080 = AXIS2_PLACEMENT_3D('',#5081,#5082,#5083);
#5081 = CARTESIAN_POINT('',(138.47,-142.68,1.51));
#5082 = DIRECTION('',(-0.,0.,-1.));
#5083 = DIRECTION('',(-0.,-1.,0.));
#5084 = FACE_BOUND('',#5085,.T.);
#5085 = EDGE_LOOP('',(#5086));
#5086 = ORIENTED_EDGE('',*,*,#5087,.T.);
#5087 = EDGE_CURVE('',#5088,#5088,#5090,.T.);
#5088 = VERTEX_POINT('',#5089);
#5089 = CARTESIAN_POINT('',(143.55,-144.68,1.51));
#5090 = CIRCLE('',#5091,2.);
#5091 = AXIS2_PLACEMENT_3D('',#5092,#5093,#5094);
#5092 = CARTESIAN_POINT('',(143.55,-142.68,1.51));
#5093 = DIRECTION('',(-0.,0.,-1.));
#5094 = DIRECTION('',(-0.,-1.,0.));
#5095 = FACE_BOUND('',#5096,.T.);
#5096 = EDGE_LOOP('',(#5097));
#5097 = ORIENTED_EDGE('',*,*,#5098,.T.);
#5098 = EDGE_CURVE('',#5099,#5099,#5101,.T.);
#5099 = VERTEX_POINT('',#5100);
#5100 = CARTESIAN_POINT('',(139.74,-140.89,1.51));
#5101 = CIRCLE('',#5102,0.75);
#5102 = AXIS2_PLACEMENT_3D('',#5103,#5104,#5105);
#5103 = CARTESIAN_POINT('',(139.74,-140.14,1.51));
#5104 = DIRECTION('',(-0.,0.,-1.));
#5105 = DIRECTION('',(-0.,-1.,0.));
#5106 = FACE_BOUND('',#5107,.T.);
#5107 = EDGE_LOOP('',(#5108));
#5108 = ORIENTED_EDGE('',*,*,#5109,.T.);
#5109 = EDGE_CURVE('',#5110,#5110,#5112,.T.);
#5110 = VERTEX_POINT('',#5111);
#5111 = CARTESIAN_POINT('',(99.18,-130.2,1.51));
#5112 = CIRCLE('',#5113,0.4);
#5113 = AXIS2_PLACEMENT_3D('',#5114,#5115,#5116);
#5114 = CARTESIAN_POINT('',(99.18,-129.8,1.51));
#5115 = DIRECTION('',(-0.,0.,-1.));
#5116 = DIRECTION('',(-0.,-1.,0.));
#5117 = FACE_BOUND('',#5118,.T.);
#5118 = EDGE_LOOP('',(#5119));
#5119 = ORIENTED_EDGE('',*,*,#5120,.T.);
#5120 = EDGE_CURVE('',#5121,#5121,#5123,.T.);
#5121 = VERTEX_POINT('',#5122);
#5122 = CARTESIAN_POINT('',(106.8,-130.2,1.51));
#5123 = CIRCLE('',#5124,0.4);
#5124 = AXIS2_PLACEMENT_3D('',#5125,#5126,#5127);
#5125 = CARTESIAN_POINT('',(106.8,-129.8,1.51));
#5126 = DIRECTION('',(-0.,0.,-1.));
#5127 = DIRECTION('',(-3.5527136788E-14,-1.,0.));
#5128 = FACE_BOUND('',#5129,.T.);
#5129 = EDGE_LOOP('',(#5130,#5141,#5150,#5158,#5167,#5176,#5185,#5193,
    #5202,#5211,#5220,#5228,#5237,#5246,#5255,#5263));
#5130 = ORIENTED_EDGE('',*,*,#5131,.F.);
#5131 = EDGE_CURVE('',#5132,#5134,#5136,.T.);
#5132 = VERTEX_POINT('',#5133);
#5133 = CARTESIAN_POINT('',(105.139483,-121.783122,1.51));
#5134 = VERTEX_POINT('',#5135);
#5135 = CARTESIAN_POINT('',(104.43671,-121.134545,1.51));
#5136 = CIRCLE('',#5137,0.499999092786);
#5137 = AXIS2_PLACEMENT_3D('',#5138,#5139,#5140);
#5138 = CARTESIAN_POINT('',(104.68896839101,-121.5662448922,1.51));
#5139 = DIRECTION('',(0.,0.,1.));
#5140 = DIRECTION('',(0.901030852831,-0.43375500256,0.));
#5141 = ORIENTED_EDGE('',*,*,#5142,.F.);
#5142 = EDGE_CURVE('',#5143,#5132,#5145,.T.);
#5143 = VERTEX_POINT('',#5144);
#5144 = CARTESIAN_POINT('',(105.089998,-122.,1.51));
#5145 = CIRCLE('',#5146,0.499989885034);
#5146 = AXIS2_PLACEMENT_3D('',#5147,#5148,#5149);
#5147 = CARTESIAN_POINT('',(105.58998788503,-121.9999980791,1.51));
#5148 = DIRECTION('',(0.,0.,-1.));
#5149 = DIRECTION('',(-0.999999999993,-3.841811392097E-06,-0.));
#5150 = ORIENTED_EDGE('',*,*,#5151,.F.);
#5151 = EDGE_CURVE('',#5152,#5143,#5154,.T.);
#5152 = VERTEX_POINT('',#5153);
#5153 = CARTESIAN_POINT('',(105.089998,-123.405684,1.51));
#5154 = LINE('',#5155,#5156);
#5155 = CARTESIAN_POINT('',(105.089998,-123.405684,1.51));
#5156 = VECTOR('',#5157,1.);
#5157 = DIRECTION('',(0.,1.,0.));
#5158 = ORIENTED_EDGE('',*,*,#5159,.F.);
#5159 = EDGE_CURVE('',#5160,#5152,#5162,.T.);
#5160 = VERTEX_POINT('',#5161);
#5161 = CARTESIAN_POINT('',(105.139483,-123.622562,1.51));
#5162 = CIRCLE('',#5163,0.499989885034);
#5163 = AXIS2_PLACEMENT_3D('',#5164,#5165,#5166);
#5164 = CARTESIAN_POINT('',(105.58998788503,-123.4056859208,1.51));
#5165 = DIRECTION('',(0.,0.,-1.));
#5166 = DIRECTION('',(-0.901027997796,-0.43376093322,-0.));
#5167 = ORIENTED_EDGE('',*,*,#5168,.F.);
#5168 = EDGE_CURVE('',#5169,#5160,#5171,.T.);
#5169 = VERTEX_POINT('',#5170);
#5170 = CARTESIAN_POINT('',(104.43671,-124.271141,1.51));
#5171 = CIRCLE('',#5172,0.499999729127);
#5172 = AXIS2_PLACEMENT_3D('',#5173,#5174,#5175);
#5173 = CARTESIAN_POINT('',(104.68896825432,-123.8394402908,1.51));
#5174 = DIRECTION('',(0.,0.,1.));
#5175 = DIRECTION('',(-0.504516781969,-0.863401885979,0.));
#5176 = ORIENTED_EDGE('',*,*,#5177,.F.);
#5177 = EDGE_CURVE('',#5178,#5169,#5180,.T.);
#5178 = VERTEX_POINT('',#5179);
#5179 = CARTESIAN_POINT('',(104.184451,-124.202841,1.51));
#5180 = CIRCLE('',#5181,0.50002311711);
#5181 = AXIS2_PLACEMENT_3D('',#5182,#5183,#5184);
#5182 = CARTESIAN_POINT('',(104.18444373621,-124.702864117,1.51));
#5183 = DIRECTION('',(0.,0.,-1.));
#5184 = DIRECTION('',(1.452689320398E-05,0.999999999894,0.));
#5185 = ORIENTED_EDGE('',*,*,#5186,.F.);
#5186 = EDGE_CURVE('',#5187,#5178,#5189,.T.);
#5187 = VERTEX_POINT('',#5188);
#5188 = CARTESIAN_POINT('',(102.595546,-124.202841,1.51));
#5189 = LINE('',#5190,#5191);
#5190 = CARTESIAN_POINT('',(102.595546,-124.202841,1.51));
#5191 = VECTOR('',#5192,1.);
#5192 = DIRECTION('',(1.,0.,0.));
#5193 = ORIENTED_EDGE('',*,*,#5194,.F.);
#5194 = EDGE_CURVE('',#5195,#5187,#5197,.T.);
#5195 = VERTEX_POINT('',#5196);
#5196 = CARTESIAN_POINT('',(102.343288,-124.27114,1.51));
#5197 = CIRCLE('',#5198,0.500008729288);
#5198 = AXIS2_PLACEMENT_3D('',#5199,#5200,#5201);
#5199 = CARTESIAN_POINT('',(102.59554865687,-124.7028497292,1.51));
#5200 = DIRECTION('',(0.,0.,-1.));
#5201 = DIRECTION('',(-0.504512505685,0.863404384751,0.));
#5202 = ORIENTED_EDGE('',*,*,#5203,.F.);
#5203 = EDGE_CURVE('',#5204,#5195,#5206,.T.);
#5204 = VERTEX_POINT('',#5205);
#5205 = CARTESIAN_POINT('',(101.640515,-123.622562,1.51));
#5206 = CIRCLE('',#5207,0.499999422661);
#5207 = AXIS2_PLACEMENT_3D('',#5208,#5209,#5210);
#5208 = CARTESIAN_POINT('',(102.09102970448,-123.8394396699,1.51));
#5209 = DIRECTION('',(0.,0.,1.));
#5210 = DIRECTION('',(-0.901030449374,0.433755840654,0.));
#5211 = ORIENTED_EDGE('',*,*,#5212,.F.);
#5212 = EDGE_CURVE('',#5213,#5204,#5215,.T.);
#5213 = VERTEX_POINT('',#5214);
#5214 = CARTESIAN_POINT('',(101.69,-123.405684,1.51));
#5215 = CIRCLE('',#5216,0.499989885034);
#5216 = AXIS2_PLACEMENT_3D('',#5217,#5218,#5219);
#5217 = CARTESIAN_POINT('',(101.19001011496,-123.4056859208,1.51));
#5218 = DIRECTION('',(0.,0.,-1.));
#5219 = DIRECTION('',(0.999999999993,3.841811392096E-06,0.));
#5220 = ORIENTED_EDGE('',*,*,#5221,.F.);
#5221 = EDGE_CURVE('',#5222,#5213,#5224,.T.);
#5222 = VERTEX_POINT('',#5223);
#5223 = CARTESIAN_POINT('',(101.69,-122.,1.51));
#5224 = LINE('',#5225,#5226);
#5225 = CARTESIAN_POINT('',(101.69,-122.,1.51));
#5226 = VECTOR('',#5227,1.);
#5227 = DIRECTION('',(0.,-1.,0.));
#5228 = ORIENTED_EDGE('',*,*,#5229,.F.);
#5229 = EDGE_CURVE('',#5230,#5222,#5232,.T.);
#5230 = VERTEX_POINT('',#5231);
#5231 = CARTESIAN_POINT('',(101.640515,-121.783123,1.51));
#5232 = CIRCLE('',#5233,0.49998122973);
#5233 = AXIS2_PLACEMENT_3D('',#5234,#5235,#5236);
#5234 = CARTESIAN_POINT('',(101.19001877027,-121.9999971042,1.51));
#5235 = DIRECTION('',(0.,0.,-1.));
#5236 = DIRECTION('',(0.901026284457,0.433764492229,0.));
#5237 = ORIENTED_EDGE('',*,*,#5238,.F.);
#5238 = EDGE_CURVE('',#5239,#5230,#5241,.T.);
#5239 = VERTEX_POINT('',#5240);
#5240 = CARTESIAN_POINT('',(102.343288,-121.134543,1.51));
#5241 = CIRCLE('',#5242,0.499999755443);
#5242 = AXIS2_PLACEMENT_3D('',#5243,#5244,#5245);
#5243 = CARTESIAN_POINT('',(102.0910291369,-121.5662433838,1.51));
#5244 = DIRECTION('',(0.,0.,1.));
#5245 = DIRECTION('',(0.504517972959,0.863401190039,-0.));
#5246 = ORIENTED_EDGE('',*,*,#5247,.F.);
#5247 = EDGE_CURVE('',#5248,#5239,#5250,.T.);
#5248 = VERTEX_POINT('',#5249);
#5249 = CARTESIAN_POINT('',(102.595547,-121.202842,1.51));
#5250 = CIRCLE('',#5251,0.500008729226);
#5251 = AXIS2_PLACEMENT_3D('',#5252,#5253,#5254);
#5252 = CARTESIAN_POINT('',(102.59554865685,-120.7028332707,1.51));
#5253 = DIRECTION('',(0.,0.,-1.));
#5254 = DIRECTION('',(-3.313649487555E-06,-0.999999999995,-0.));
#5255 = ORIENTED_EDGE('',*,*,#5256,.F.);
#5256 = EDGE_CURVE('',#5257,#5248,#5259,.T.);
#5257 = VERTEX_POINT('',#5258);
#5258 = CARTESIAN_POINT('',(104.184451,-121.202842,1.51));
#5259 = LINE('',#5260,#5261);
#5260 = CARTESIAN_POINT('',(104.184451,-121.202842,1.51));
#5261 = VECTOR('',#5262,1.);
#5262 = DIRECTION('',(-1.,0.,0.));
#5263 = ORIENTED_EDGE('',*,*,#5264,.F.);
#5264 = EDGE_CURVE('',#5134,#5257,#5265,.T.);
#5265 = CIRCLE('',#5266,0.500040834725);
#5266 = AXIS2_PLACEMENT_3D('',#5267,#5268,#5269);
#5267 = CARTESIAN_POINT('',(104.18444407362,-120.7028011653,1.51));
#5268 = DIRECTION('',(0.,0.,-1.));
#5269 = DIRECTION('',(0.50449065128,-0.86341715455,0.));
#5270 = FACE_BOUND('',#5271,.T.);
#5271 = EDGE_LOOP('',(#5272));
#5272 = ORIENTED_EDGE('',*,*,#5273,.T.);
#5273 = EDGE_CURVE('',#5274,#5274,#5276,.T.);
#5274 = VERTEX_POINT('',#5275);
#5275 = CARTESIAN_POINT('',(119.58,-130.2,1.51));
#5276 = CIRCLE('',#5277,0.4);
#5277 = AXIS2_PLACEMENT_3D('',#5278,#5279,#5280);
#5278 = CARTESIAN_POINT('',(119.58,-129.8,1.51));
#5279 = DIRECTION('',(-0.,0.,-1.));
#5280 = DIRECTION('',(-3.5527136788E-14,-1.,0.));
#5281 = FACE_BOUND('',#5282,.T.);
#5282 = EDGE_LOOP('',(#5283));
#5283 = ORIENTED_EDGE('',*,*,#5284,.T.);
#5284 = EDGE_CURVE('',#5285,#5285,#5287,.T.);
#5285 = VERTEX_POINT('',#5286);
#5286 = CARTESIAN_POINT('',(98.31,-118.53,1.51));
#5287 = CIRCLE('',#5288,0.85);
#5288 = AXIS2_PLACEMENT_3D('',#5289,#5290,#5291);
#5289 = CARTESIAN_POINT('',(98.31,-117.68,1.51));
#5290 = DIRECTION('',(-0.,0.,-1.));
#5291 = DIRECTION('',(-0.,-1.,0.));
#5292 = FACE_BOUND('',#5293,.T.);
#5293 = EDGE_LOOP('',(#5294));
#5294 = ORIENTED_EDGE('',*,*,#5295,.T.);
#5295 = EDGE_CURVE('',#5296,#5296,#5298,.T.);
#5296 = VERTEX_POINT('',#5297);
#5297 = CARTESIAN_POINT('',(99.58,-115.89,1.51));
#5298 = CIRCLE('',#5299,0.75);
#5299 = AXIS2_PLACEMENT_3D('',#5300,#5301,#5302);
#5300 = CARTESIAN_POINT('',(99.58,-115.14,1.51));
#5301 = DIRECTION('',(-0.,0.,-1.));
#5302 = DIRECTION('',(-0.,-1.,0.));
#5303 = FACE_BOUND('',#5304,.T.);
#5304 = EDGE_LOOP('',(#5305));
#5305 = ORIENTED_EDGE('',*,*,#5306,.T.);
#5306 = EDGE_CURVE('',#5307,#5307,#5309,.T.);
#5307 = VERTEX_POINT('',#5308);
#5308 = CARTESIAN_POINT('',(103.39,-119.68,1.51));
#5309 = CIRCLE('',#5310,2.);
#5310 = AXIS2_PLACEMENT_3D('',#5311,#5312,#5313);
#5311 = CARTESIAN_POINT('',(103.39,-117.68,1.51));
#5312 = DIRECTION('',(-0.,0.,-1.));
#5313 = DIRECTION('',(-0.,-1.,0.));
#5314 = FACE_BOUND('',#5315,.T.);
#5315 = EDGE_LOOP('',(#5316));
#5316 = ORIENTED_EDGE('',*,*,#5317,.T.);
#5317 = EDGE_CURVE('',#5318,#5318,#5320,.T.);
#5318 = VERTEX_POINT('',#5319);
#5319 = CARTESIAN_POINT('',(108.47,-118.53,1.51));
#5320 = CIRCLE('',#5321,0.85);
#5321 = AXIS2_PLACEMENT_3D('',#5322,#5323,#5324);
#5322 = CARTESIAN_POINT('',(108.47,-117.68,1.51));
#5323 = DIRECTION('',(-0.,0.,-1.));
#5324 = DIRECTION('',(-0.,-1.,0.));
#5325 = FACE_BOUND('',#5326,.T.);
#5326 = EDGE_LOOP('',(#5327));
#5327 = ORIENTED_EDGE('',*,*,#5328,.T.);
#5328 = EDGE_CURVE('',#5329,#5329,#5331,.T.);
#5329 = VERTEX_POINT('',#5330);
#5330 = CARTESIAN_POINT('',(105.93,-113.35,1.51));
#5331 = CIRCLE('',#5332,0.75);
#5332 = AXIS2_PLACEMENT_3D('',#5333,#5334,#5335);
#5333 = CARTESIAN_POINT('',(105.93,-112.6,1.51));
#5334 = DIRECTION('',(-0.,0.,-1.));
#5335 = DIRECTION('',(-0.,-1.,0.));
#5336 = FACE_BOUND('',#5337,.T.);
#5337 = EDGE_LOOP('',(#5338));
#5338 = ORIENTED_EDGE('',*,*,#5339,.T.);
#5339 = EDGE_CURVE('',#5340,#5340,#5342,.T.);
#5340 = VERTEX_POINT('',#5341);
#5341 = CARTESIAN_POINT('',(118.47,-118.53,1.51));
#5342 = CIRCLE('',#5343,0.85);
#5343 = AXIS2_PLACEMENT_3D('',#5344,#5345,#5346);
#5344 = CARTESIAN_POINT('',(118.47,-117.68,1.51));
#5345 = DIRECTION('',(-0.,0.,-1.));
#5346 = DIRECTION('',(-0.,-1.,0.));
#5347 = FACE_BOUND('',#5348,.T.);
#5348 = EDGE_LOOP('',(#5349));
#5349 = ORIENTED_EDGE('',*,*,#5350,.T.);
#5350 = EDGE_CURVE('',#5351,#5351,#5353,.T.);
#5351 = VERTEX_POINT('',#5352);
#5352 = CARTESIAN_POINT('',(119.74,-115.89,1.51));
#5353 = CIRCLE('',#5354,0.75);
#5354 = AXIS2_PLACEMENT_3D('',#5355,#5356,#5357);
#5355 = CARTESIAN_POINT('',(119.74,-115.14,1.51));
#5356 = DIRECTION('',(-0.,0.,-1.));
#5357 = DIRECTION('',(-0.,-1.,0.));
#5358 = FACE_BOUND('',#5359,.T.);
#5359 = EDGE_LOOP('',(#5360));
#5360 = ORIENTED_EDGE('',*,*,#5361,.T.);
#5361 = EDGE_CURVE('',#5362,#5362,#5364,.T.);
#5362 = VERTEX_POINT('',#5363);
#5363 = CARTESIAN_POINT('',(127.2,-130.2,1.51));
#5364 = CIRCLE('',#5365,0.4);
#5365 = AXIS2_PLACEMENT_3D('',#5366,#5367,#5368);
#5366 = CARTESIAN_POINT('',(127.2,-129.8,1.51));
#5367 = DIRECTION('',(-0.,0.,-1.));
#5368 = DIRECTION('',(3.5527136788E-14,-1.,-0.));
#5369 = FACE_BOUND('',#5370,.T.);
#5370 = EDGE_LOOP('',(#5371,#5382,#5391,#5399,#5408,#5417,#5426,#5434,
    #5443,#5452,#5461,#5469,#5478,#5487,#5496,#5504));
#5371 = ORIENTED_EDGE('',*,*,#5372,.F.);
#5372 = EDGE_CURVE('',#5373,#5375,#5377,.T.);
#5373 = VERTEX_POINT('',#5374);
#5374 = CARTESIAN_POINT('',(122.543288,-121.134543,1.51));
#5375 = VERTEX_POINT('',#5376);
#5376 = CARTESIAN_POINT('',(121.840515,-121.783122,1.51));
#5377 = CIRCLE('',#5378,0.499999448976);
#5378 = AXIS2_PLACEMENT_3D('',#5379,#5380,#5381);
#5379 = CARTESIAN_POINT('',(122.29102909571,-121.5662430048,1.51));
#5380 = DIRECTION('',(0.,0.,1.));
#5381 = DIRECTION('',(0.504518364574,0.863400961204,-0.));
#5382 = ORIENTED_EDGE('',*,*,#5383,.F.);
#5383 = EDGE_CURVE('',#5384,#5373,#5386,.T.);
#5384 = VERTEX_POINT('',#5385);
#5385 = CARTESIAN_POINT('',(122.795547,-121.202842,1.51));
#5386 = CIRCLE('',#5387,0.500008729226);
#5387 = AXIS2_PLACEMENT_3D('',#5388,#5389,#5390);
#5388 = CARTESIAN_POINT('',(122.79554865685,-120.7028332707,1.51));
#5389 = DIRECTION('',(0.,0.,-1.));
#5390 = DIRECTION('',(-3.313649430713E-06,-0.999999999995,-0.));
#5391 = ORIENTED_EDGE('',*,*,#5392,.F.);
#5392 = EDGE_CURVE('',#5393,#5384,#5395,.T.);
#5393 = VERTEX_POINT('',#5394);
#5394 = CARTESIAN_POINT('',(124.384451,-121.202842,1.51));
#5395 = LINE('',#5396,#5397);
#5396 = CARTESIAN_POINT('',(124.384451,-121.202842,1.51));
#5397 = VECTOR('',#5398,1.);
#5398 = DIRECTION('',(-1.,0.,0.));
#5399 = ORIENTED_EDGE('',*,*,#5400,.F.);
#5400 = EDGE_CURVE('',#5401,#5393,#5403,.T.);
#5401 = VERTEX_POINT('',#5402);
#5402 = CARTESIAN_POINT('',(124.636709,-121.134543,1.51));
#5403 = CIRCLE('',#5404,0.500008729288);
#5404 = AXIS2_PLACEMENT_3D('',#5405,#5406,#5407);
#5405 = CARTESIAN_POINT('',(124.38444834312,-120.7028332707,1.51));
#5406 = DIRECTION('',(0.,0.,-1.));
#5407 = DIRECTION('',(0.504512505685,-0.863404384751,0.));
#5408 = ORIENTED_EDGE('',*,*,#5409,.F.);
#5409 = EDGE_CURVE('',#5410,#5401,#5412,.T.);
#5410 = VERTEX_POINT('',#5411);
#5411 = CARTESIAN_POINT('',(125.339483,-121.783122,1.51));
#5412 = CIRCLE('',#5413,0.500000669307);
#5413 = AXIS2_PLACEMENT_3D('',#5414,#5415,#5416);
#5414 = CARTESIAN_POINT('',(124.88896646449,-121.5662452595,1.51));
#5415 = DIRECTION('',(0.,0.,1.));
#5416 = DIRECTION('',(0.901031864884,-0.433752900236,0.));
#5417 = ORIENTED_EDGE('',*,*,#5418,.F.);
#5418 = EDGE_CURVE('',#5419,#5410,#5421,.T.);
#5419 = VERTEX_POINT('',#5420);
#5420 = CARTESIAN_POINT('',(125.289998,-121.999999,1.51));
#5421 = CIRCLE('',#5422,0.499989884978);
#5422 = AXIS2_PLACEMENT_3D('',#5423,#5424,#5425);
#5423 = CARTESIAN_POINT('',(125.78998788497,-121.9999980791,1.51));
#5424 = DIRECTION('',(0.,0.,-1.));
#5425 = DIRECTION('',(-0.999999999998,-1.841808624623E-06,-0.));
#5426 = ORIENTED_EDGE('',*,*,#5427,.F.);
#5427 = EDGE_CURVE('',#5428,#5419,#5430,.T.);
#5428 = VERTEX_POINT('',#5429);
#5429 = CARTESIAN_POINT('',(125.289998,-123.405684,1.51));
#5430 = LINE('',#5431,#5432);
#5431 = CARTESIAN_POINT('',(125.289998,-123.405684,1.51));
#5432 = VECTOR('',#5433,1.);
#5433 = DIRECTION('',(0.,1.,0.));
#5434 = ORIENTED_EDGE('',*,*,#5435,.F.);
#5435 = EDGE_CURVE('',#5436,#5428,#5438,.T.);
#5436 = VERTEX_POINT('',#5437);
#5437 = CARTESIAN_POINT('',(125.339483,-123.622562,1.51));
#5438 = CIRCLE('',#5439,0.499989885034);
#5439 = AXIS2_PLACEMENT_3D('',#5440,#5441,#5442);
#5440 = CARTESIAN_POINT('',(125.78998788503,-123.4056859208,1.51));
#5441 = DIRECTION('',(0.,0.,-1.));
#5442 = DIRECTION('',(-0.901027997796,-0.43376093322,-0.));
#5443 = ORIENTED_EDGE('',*,*,#5444,.F.);
#5444 = EDGE_CURVE('',#5445,#5436,#5447,.T.);
#5445 = VERTEX_POINT('',#5446);
#5446 = CARTESIAN_POINT('',(124.63671,-124.271141,1.51));
#5447 = CIRCLE('',#5448,0.499999729127);
#5448 = AXIS2_PLACEMENT_3D('',#5449,#5450,#5451);
#5449 = CARTESIAN_POINT('',(124.88896825432,-123.8394402908,1.51));
#5450 = DIRECTION('',(0.,0.,1.));
#5451 = DIRECTION('',(-0.504516781969,-0.863401885979,0.));
#5452 = ORIENTED_EDGE('',*,*,#5453,.F.);
#5453 = EDGE_CURVE('',#5454,#5445,#5456,.T.);
#5454 = VERTEX_POINT('',#5455);
#5455 = CARTESIAN_POINT('',(124.384452,-124.202842,1.51));
#5456 = CIRCLE('',#5457,0.500008729288);
#5457 = AXIS2_PLACEMENT_3D('',#5458,#5459,#5460);
#5458 = CARTESIAN_POINT('',(124.38444934312,-124.7028507292,1.51));
#5459 = DIRECTION('',(0.,0.,-1.));
#5460 = DIRECTION('',(5.313662682668E-06,0.999999999986,0.));
#5461 = ORIENTED_EDGE('',*,*,#5462,.F.);
#5462 = EDGE_CURVE('',#5463,#5454,#5465,.T.);
#5463 = VERTEX_POINT('',#5464);
#5464 = CARTESIAN_POINT('',(122.795546,-124.202841,1.51));
#5465 = LINE('',#5466,#5467);
#5466 = CARTESIAN_POINT('',(122.795546,-124.202841,1.51));
#5467 = VECTOR('',#5468,1.);
#5468 = DIRECTION('',(1.,-6.29363850017E-07,0.));
#5469 = ORIENTED_EDGE('',*,*,#5470,.F.);
#5470 = EDGE_CURVE('',#5471,#5463,#5473,.T.);
#5471 = VERTEX_POINT('',#5472);
#5472 = CARTESIAN_POINT('',(122.543288,-124.27114,1.51));
#5473 = CIRCLE('',#5474,0.500008729288);
#5474 = AXIS2_PLACEMENT_3D('',#5475,#5476,#5477);
#5475 = CARTESIAN_POINT('',(122.79554865687,-124.7028497292,1.51));
#5476 = DIRECTION('',(0.,0.,-1.));
#5477 = DIRECTION('',(-0.504512505685,0.863404384751,0.));
#5478 = ORIENTED_EDGE('',*,*,#5479,.F.);
#5479 = EDGE_CURVE('',#5480,#5471,#5482,.T.);
#5480 = VERTEX_POINT('',#5481);
#5481 = CARTESIAN_POINT('',(121.840515,-123.622562,1.51));
#5482 = CIRCLE('',#5483,0.499999422661);
#5483 = AXIS2_PLACEMENT_3D('',#5484,#5485,#5486);
#5484 = CARTESIAN_POINT('',(122.29102970448,-123.8394396699,1.51));
#5485 = DIRECTION('',(0.,0.,1.));
#5486 = DIRECTION('',(-0.901030449374,0.433755840654,0.));
#5487 = ORIENTED_EDGE('',*,*,#5488,.F.);
#5488 = EDGE_CURVE('',#5489,#5480,#5491,.T.);
#5489 = VERTEX_POINT('',#5490);
#5490 = CARTESIAN_POINT('',(121.89,-123.405685,1.51));
#5491 = CIRCLE('',#5492,0.499989884978);
#5492 = AXIS2_PLACEMENT_3D('',#5493,#5494,#5495);
#5493 = CARTESIAN_POINT('',(121.39001011502,-123.4056859208,1.51));
#5494 = DIRECTION('',(0.,0.,-1.));
#5495 = DIRECTION('',(0.999999999998,1.841808567778E-06,0.));
#5496 = ORIENTED_EDGE('',*,*,#5497,.F.);
#5497 = EDGE_CURVE('',#5498,#5489,#5500,.T.);
#5498 = VERTEX_POINT('',#5499);
#5499 = CARTESIAN_POINT('',(121.89,-122.,1.51));
#5500 = LINE('',#5501,#5502);
#5501 = CARTESIAN_POINT('',(121.89,-122.,1.51));
#5502 = VECTOR('',#5503,1.);
#5503 = DIRECTION('',(0.,-1.,0.));
#5504 = ORIENTED_EDGE('',*,*,#5505,.F.);
#5505 = EDGE_CURVE('',#5375,#5498,#5506,.T.);
#5506 = CIRCLE('',#5507,0.499989885034);
#5507 = AXIS2_PLACEMENT_3D('',#5508,#5509,#5510);
#5508 = CARTESIAN_POINT('',(121.39001011496,-121.9999980791,1.51));
#5509 = DIRECTION('',(0.,0.,-1.));
#5510 = DIRECTION('',(0.901027997796,0.43376093322,0.));
#5511 = FACE_BOUND('',#5512,.T.);
#5512 = EDGE_LOOP('',(#5513));
#5513 = ORIENTED_EDGE('',*,*,#5514,.T.);
#5514 = EDGE_CURVE('',#5515,#5515,#5517,.T.);
#5515 = VERTEX_POINT('',#5516);
#5516 = CARTESIAN_POINT('',(138.97,-130.2,1.51));
#5517 = CIRCLE('',#5518,0.4);
#5518 = AXIS2_PLACEMENT_3D('',#5519,#5520,#5521);
#5519 = CARTESIAN_POINT('',(138.97,-129.8,1.51));
#5520 = DIRECTION('',(-0.,0.,-1.));
#5521 = DIRECTION('',(-0.,-1.,0.));
#5522 = FACE_BOUND('',#5523,.T.);
#5523 = EDGE_LOOP('',(#5524,#5535,#5544,#5552,#5561,#5570,#5579,#5587,
    #5596,#5605,#5614,#5622,#5631,#5640,#5649,#5657));
#5524 = ORIENTED_EDGE('',*,*,#5525,.F.);
#5525 = EDGE_CURVE('',#5526,#5528,#5530,.T.);
#5526 = VERTEX_POINT('',#5527);
#5527 = CARTESIAN_POINT('',(142.543288,-121.134543,1.51));
#5528 = VERTEX_POINT('',#5529);
#5529 = CARTESIAN_POINT('',(141.840515,-121.783122,1.51));
#5530 = CIRCLE('',#5531,0.499999448976);
#5531 = AXIS2_PLACEMENT_3D('',#5532,#5533,#5534);
#5532 = CARTESIAN_POINT('',(142.29102909571,-121.5662430048,1.51));
#5533 = DIRECTION('',(0.,0.,1.));
#5534 = DIRECTION('',(0.504518364574,0.863400961204,-0.));
#5535 = ORIENTED_EDGE('',*,*,#5536,.F.);
#5536 = EDGE_CURVE('',#5537,#5526,#5539,.T.);
#5537 = VERTEX_POINT('',#5538);
#5538 = CARTESIAN_POINT('',(142.795547,-121.202842,1.51));
#5539 = CIRCLE('',#5540,0.500008729226);
#5540 = AXIS2_PLACEMENT_3D('',#5541,#5542,#5543);
#5541 = CARTESIAN_POINT('',(142.79554865685,-120.7028332707,1.51));
#5542 = DIRECTION('',(0.,0.,-1.));
#5543 = DIRECTION('',(-3.313649430713E-06,-0.999999999995,-0.));
#5544 = ORIENTED_EDGE('',*,*,#5545,.F.);
#5545 = EDGE_CURVE('',#5546,#5537,#5548,.T.);
#5546 = VERTEX_POINT('',#5547);
#5547 = CARTESIAN_POINT('',(144.384451,-121.202842,1.51));
#5548 = LINE('',#5549,#5550);
#5549 = CARTESIAN_POINT('',(144.384451,-121.202842,1.51));
#5550 = VECTOR('',#5551,1.);
#5551 = DIRECTION('',(-1.,0.,0.));
#5552 = ORIENTED_EDGE('',*,*,#5553,.F.);
#5553 = EDGE_CURVE('',#5554,#5546,#5556,.T.);
#5554 = VERTEX_POINT('',#5555);
#5555 = CARTESIAN_POINT('',(144.636709,-121.134543,1.51));
#5556 = CIRCLE('',#5557,0.500008729288);
#5557 = AXIS2_PLACEMENT_3D('',#5558,#5559,#5560);
#5558 = CARTESIAN_POINT('',(144.38444834312,-120.7028332707,1.51));
#5559 = DIRECTION('',(0.,0.,-1.));
#5560 = DIRECTION('',(0.504512505685,-0.863404384751,0.));
#5561 = ORIENTED_EDGE('',*,*,#5562,.F.);
#5562 = EDGE_CURVE('',#5563,#5554,#5565,.T.);
#5563 = VERTEX_POINT('',#5564);
#5564 = CARTESIAN_POINT('',(145.339483,-121.783122,1.51));
#5565 = CIRCLE('',#5566,0.500000669307);
#5566 = AXIS2_PLACEMENT_3D('',#5567,#5568,#5569);
#5567 = CARTESIAN_POINT('',(144.88896646449,-121.5662452595,1.51));
#5568 = DIRECTION('',(0.,0.,1.));
#5569 = DIRECTION('',(0.901031864884,-0.433752900236,0.));
#5570 = ORIENTED_EDGE('',*,*,#5571,.F.);
#5571 = EDGE_CURVE('',#5572,#5563,#5574,.T.);
#5572 = VERTEX_POINT('',#5573);
#5573 = CARTESIAN_POINT('',(145.289998,-121.999999,1.51));
#5574 = CIRCLE('',#5575,0.499989884978);
#5575 = AXIS2_PLACEMENT_3D('',#5576,#5577,#5578);
#5576 = CARTESIAN_POINT('',(145.78998788497,-121.9999980791,1.51));
#5577 = DIRECTION('',(0.,0.,-1.));
#5578 = DIRECTION('',(-0.999999999998,-1.841808624623E-06,-0.));
#5579 = ORIENTED_EDGE('',*,*,#5580,.F.);
#5580 = EDGE_CURVE('',#5581,#5572,#5583,.T.);
#5581 = VERTEX_POINT('',#5582);
#5582 = CARTESIAN_POINT('',(145.289998,-123.405684,1.51));
#5583 = LINE('',#5584,#5585);
#5584 = CARTESIAN_POINT('',(145.289998,-123.405684,1.51));
#5585 = VECTOR('',#5586,1.);
#5586 = DIRECTION('',(0.,1.,0.));
#5587 = ORIENTED_EDGE('',*,*,#5588,.F.);
#5588 = EDGE_CURVE('',#5589,#5581,#5591,.T.);
#5589 = VERTEX_POINT('',#5590);
#5590 = CARTESIAN_POINT('',(145.339483,-123.622562,1.51));
#5591 = CIRCLE('',#5592,0.499989885034);
#5592 = AXIS2_PLACEMENT_3D('',#5593,#5594,#5595);
#5593 = CARTESIAN_POINT('',(145.78998788503,-123.4056859208,1.51));
#5594 = DIRECTION('',(0.,0.,-1.));
#5595 = DIRECTION('',(-0.901027997796,-0.43376093322,-0.));
#5596 = ORIENTED_EDGE('',*,*,#5597,.F.);
#5597 = EDGE_CURVE('',#5598,#5589,#5600,.T.);
#5598 = VERTEX_POINT('',#5599);
#5599 = CARTESIAN_POINT('',(144.63671,-124.271141,1.51));
#5600 = CIRCLE('',#5601,0.499999729127);
#5601 = AXIS2_PLACEMENT_3D('',#5602,#5603,#5604);
#5602 = CARTESIAN_POINT('',(144.88896825432,-123.8394402908,1.51));
#5603 = DIRECTION('',(0.,0.,1.));
#5604 = DIRECTION('',(-0.504516781969,-0.863401885979,0.));
#5605 = ORIENTED_EDGE('',*,*,#5606,.F.);
#5606 = EDGE_CURVE('',#5607,#5598,#5609,.T.);
#5607 = VERTEX_POINT('',#5608);
#5608 = CARTESIAN_POINT('',(144.384452,-124.202842,1.51));
#5609 = CIRCLE('',#5610,0.500008729288);
#5610 = AXIS2_PLACEMENT_3D('',#5611,#5612,#5613);
#5611 = CARTESIAN_POINT('',(144.38444934312,-124.7028507292,1.51));
#5612 = DIRECTION('',(0.,0.,-1.));
#5613 = DIRECTION('',(5.313662767931E-06,0.999999999986,0.));
#5614 = ORIENTED_EDGE('',*,*,#5615,.F.);
#5615 = EDGE_CURVE('',#5616,#5607,#5618,.T.);
#5616 = VERTEX_POINT('',#5617);
#5617 = CARTESIAN_POINT('',(142.795546,-124.202841,1.51));
#5618 = LINE('',#5619,#5620);
#5619 = CARTESIAN_POINT('',(142.795546,-124.202841,1.51));
#5620 = VECTOR('',#5621,1.);
#5621 = DIRECTION('',(1.,-6.29363850017E-07,0.));
#5622 = ORIENTED_EDGE('',*,*,#5623,.F.);
#5623 = EDGE_CURVE('',#5624,#5616,#5626,.T.);
#5624 = VERTEX_POINT('',#5625);
#5625 = CARTESIAN_POINT('',(142.543288,-124.27114,1.51));
#5626 = CIRCLE('',#5627,0.500008729288);
#5627 = AXIS2_PLACEMENT_3D('',#5628,#5629,#5630);
#5628 = CARTESIAN_POINT('',(142.79554865687,-124.7028497292,1.51));
#5629 = DIRECTION('',(0.,0.,-1.));
#5630 = DIRECTION('',(-0.504512505685,0.863404384751,0.));
#5631 = ORIENTED_EDGE('',*,*,#5632,.F.);
#5632 = EDGE_CURVE('',#5633,#5624,#5635,.T.);
#5633 = VERTEX_POINT('',#5634);
#5634 = CARTESIAN_POINT('',(141.840515,-123.622562,1.51));
#5635 = CIRCLE('',#5636,0.499999422661);
#5636 = AXIS2_PLACEMENT_3D('',#5637,#5638,#5639);
#5637 = CARTESIAN_POINT('',(142.29102970448,-123.8394396699,1.51));
#5638 = DIRECTION('',(0.,0.,1.));
#5639 = DIRECTION('',(-0.901030449374,0.433755840654,0.));
#5640 = ORIENTED_EDGE('',*,*,#5641,.F.);
#5641 = EDGE_CURVE('',#5642,#5633,#5644,.T.);
#5642 = VERTEX_POINT('',#5643);
#5643 = CARTESIAN_POINT('',(141.89,-123.405685,1.51));
#5644 = CIRCLE('',#5645,0.499989884977);
#5645 = AXIS2_PLACEMENT_3D('',#5646,#5647,#5648);
#5646 = CARTESIAN_POINT('',(141.39001011502,-123.4056859208,1.51));
#5647 = DIRECTION('',(0.,0.,-1.));
#5648 = DIRECTION('',(0.999999999998,1.841808965692E-06,0.));
#5649 = ORIENTED_EDGE('',*,*,#5650,.F.);
#5650 = EDGE_CURVE('',#5651,#5642,#5653,.T.);
#5651 = VERTEX_POINT('',#5652);
#5652 = CARTESIAN_POINT('',(141.89,-122.,1.51));
#5653 = LINE('',#5654,#5655);
#5654 = CARTESIAN_POINT('',(141.89,-122.,1.51));
#5655 = VECTOR('',#5656,1.);
#5656 = DIRECTION('',(0.,-1.,0.));
#5657 = ORIENTED_EDGE('',*,*,#5658,.F.);
#5658 = EDGE_CURVE('',#5528,#5651,#5659,.T.);
#5659 = CIRCLE('',#5660,0.499989885034);
#5660 = AXIS2_PLACEMENT_3D('',#5661,#5662,#5663);
#5661 = CARTESIAN_POINT('',(141.39001011497,-121.9999980791,1.51));
#5662 = DIRECTION('',(0.,0.,-1.));
#5663 = DIRECTION('',(0.901027997796,0.43376093322,0.));
#5664 = FACE_BOUND('',#5665,.T.);
#5665 = EDGE_LOOP('',(#5666));
#5666 = ORIENTED_EDGE('',*,*,#5667,.T.);
#5667 = EDGE_CURVE('',#5668,#5668,#5670,.T.);
#5668 = VERTEX_POINT('',#5669);
#5669 = CARTESIAN_POINT('',(123.55,-119.68,1.51));
#5670 = CIRCLE('',#5671,2.);
#5671 = AXIS2_PLACEMENT_3D('',#5672,#5673,#5674);
#5672 = CARTESIAN_POINT('',(123.55,-117.68,1.51));
#5673 = DIRECTION('',(-0.,0.,-1.));
#5674 = DIRECTION('',(-0.,-1.,0.));
#5675 = FACE_BOUND('',#5676,.T.);
#5676 = EDGE_LOOP('',(#5677));
#5677 = ORIENTED_EDGE('',*,*,#5678,.T.);
#5678 = EDGE_CURVE('',#5679,#5679,#5681,.T.);
#5679 = VERTEX_POINT('',#5680);
#5680 = CARTESIAN_POINT('',(128.63,-118.53,1.51));
#5681 = CIRCLE('',#5682,0.85);
#5682 = AXIS2_PLACEMENT_3D('',#5683,#5684,#5685);
#5683 = CARTESIAN_POINT('',(128.63,-117.68,1.51));
#5684 = DIRECTION('',(-0.,0.,-1.));
#5685 = DIRECTION('',(-0.,-1.,0.));
#5686 = FACE_BOUND('',#5687,.T.);
#5687 = EDGE_LOOP('',(#5688));
#5688 = ORIENTED_EDGE('',*,*,#5689,.T.);
#5689 = EDGE_CURVE('',#5690,#5690,#5692,.T.);
#5690 = VERTEX_POINT('',#5691);
#5691 = CARTESIAN_POINT('',(126.09,-113.35,1.51));
#5692 = CIRCLE('',#5693,0.75);
#5693 = AXIS2_PLACEMENT_3D('',#5694,#5695,#5696);
#5694 = CARTESIAN_POINT('',(126.09,-112.6,1.51));
#5695 = DIRECTION('',(-0.,0.,-1.));
#5696 = DIRECTION('',(-0.,-1.,0.));
#5697 = FACE_BOUND('',#5698,.T.);
#5698 = EDGE_LOOP('',(#5699));
#5699 = ORIENTED_EDGE('',*,*,#5700,.T.);
#5700 = EDGE_CURVE('',#5701,#5701,#5703,.T.);
#5701 = VERTEX_POINT('',#5702);
#5702 = CARTESIAN_POINT('',(138.47,-118.53,1.51));
#5703 = CIRCLE('',#5704,0.85);
#5704 = AXIS2_PLACEMENT_3D('',#5705,#5706,#5707);
#5705 = CARTESIAN_POINT('',(138.47,-117.68,1.51));
#5706 = DIRECTION('',(-0.,0.,-1.));
#5707 = DIRECTION('',(-0.,-1.,0.));
#5708 = FACE_BOUND('',#5709,.T.);
#5709 = EDGE_LOOP('',(#5710));
#5710 = ORIENTED_EDGE('',*,*,#5711,.T.);
#5711 = EDGE_CURVE('',#5712,#5712,#5714,.T.);
#5712 = VERTEX_POINT('',#5713);
#5713 = CARTESIAN_POINT('',(143.55,-119.68,1.51));
#5714 = CIRCLE('',#5715,2.);
#5715 = AXIS2_PLACEMENT_3D('',#5716,#5717,#5718);
#5716 = CARTESIAN_POINT('',(143.55,-117.68,1.51));
#5717 = DIRECTION('',(-0.,0.,-1.));
#5718 = DIRECTION('',(-0.,-1.,0.));
#5719 = FACE_BOUND('',#5720,.T.);
#5720 = EDGE_LOOP('',(#5721));
#5721 = ORIENTED_EDGE('',*,*,#5722,.T.);
#5722 = EDGE_CURVE('',#5723,#5723,#5725,.T.);
#5723 = VERTEX_POINT('',#5724);
#5724 = CARTESIAN_POINT('',(139.74,-115.89,1.51));
#5725 = CIRCLE('',#5726,0.75);
#5726 = AXIS2_PLACEMENT_3D('',#5727,#5728,#5729);
#5727 = CARTESIAN_POINT('',(139.74,-115.14,1.51));
#5728 = DIRECTION('',(-0.,0.,-1.));
#5729 = DIRECTION('',(-0.,-1.,0.));
#5730 = FACE_BOUND('',#5731,.T.);
#5731 = EDGE_LOOP('',(#5732));
#5732 = ORIENTED_EDGE('',*,*,#5733,.T.);
#5733 = EDGE_CURVE('',#5734,#5734,#5736,.T.);
#5734 = VERTEX_POINT('',#5735);
#5735 = CARTESIAN_POINT('',(147.4,-154.8,1.51));
#5736 = CIRCLE('',#5737,0.4);
#5737 = AXIS2_PLACEMENT_3D('',#5738,#5739,#5740);
#5738 = CARTESIAN_POINT('',(147.4,-154.4,1.51));
#5739 = DIRECTION('',(-0.,0.,-1.));
#5740 = DIRECTION('',(-0.,-1.,0.));
#5741 = FACE_BOUND('',#5742,.T.);
#5742 = EDGE_LOOP('',(#5743));
#5743 = ORIENTED_EDGE('',*,*,#5744,.T.);
#5744 = EDGE_CURVE('',#5745,#5745,#5747,.T.);
#5745 = VERTEX_POINT('',#5746);
#5746 = CARTESIAN_POINT('',(159.78,-154.6,1.51));
#5747 = CIRCLE('',#5748,0.4);
#5748 = AXIS2_PLACEMENT_3D('',#5749,#5750,#5751);
#5749 = CARTESIAN_POINT('',(159.78,-154.2,1.51));
#5750 = DIRECTION('',(-0.,0.,-1.));
#5751 = DIRECTION('',(-0.,-1.,0.));
#5752 = FACE_BOUND('',#5753,.T.);
#5753 = EDGE_LOOP('',(#5754,#5765,#5774,#5782,#5791,#5800,#5809,#5817,
    #5826,#5835,#5844,#5852,#5861,#5870,#5879,#5887));
#5754 = ORIENTED_EDGE('',*,*,#5755,.F.);
#5755 = EDGE_CURVE('',#5756,#5758,#5760,.T.);
#5756 = VERTEX_POINT('',#5757);
#5757 = CARTESIAN_POINT('',(162.343288,-146.134543,1.51));
#5758 = VERTEX_POINT('',#5759);
#5759 = CARTESIAN_POINT('',(161.640515,-146.783122,1.51));
#5760 = CIRCLE('',#5761,0.499999448976);
#5761 = AXIS2_PLACEMENT_3D('',#5762,#5763,#5764);
#5762 = CARTESIAN_POINT('',(162.09102909571,-146.5662430048,1.51));
#5763 = DIRECTION('',(0.,0.,1.));
#5764 = DIRECTION('',(0.504518364574,0.863400961204,-0.));
#5765 = ORIENTED_EDGE('',*,*,#5766,.F.);
#5766 = EDGE_CURVE('',#5767,#5756,#5769,.T.);
#5767 = VERTEX_POINT('',#5768);
#5768 = CARTESIAN_POINT('',(162.595547,-146.202842,1.51));
#5769 = CIRCLE('',#5770,0.500008729226);
#5770 = AXIS2_PLACEMENT_3D('',#5771,#5772,#5773);
#5771 = CARTESIAN_POINT('',(162.59554865685,-145.7028332707,1.51));
#5772 = DIRECTION('',(0.,0.,-1.));
#5773 = DIRECTION('',(-3.313649430712E-06,-0.999999999995,-0.));
#5774 = ORIENTED_EDGE('',*,*,#5775,.F.);
#5775 = EDGE_CURVE('',#5776,#5767,#5778,.T.);
#5776 = VERTEX_POINT('',#5777);
#5777 = CARTESIAN_POINT('',(164.184451,-146.202842,1.51));
#5778 = LINE('',#5779,#5780);
#5779 = CARTESIAN_POINT('',(164.184451,-146.202842,1.51));
#5780 = VECTOR('',#5781,1.);
#5781 = DIRECTION('',(-1.,0.,0.));
#5782 = ORIENTED_EDGE('',*,*,#5783,.F.);
#5783 = EDGE_CURVE('',#5784,#5776,#5786,.T.);
#5784 = VERTEX_POINT('',#5785);
#5785 = CARTESIAN_POINT('',(164.436709,-146.134543,1.51));
#5786 = CIRCLE('',#5787,0.500008729289);
#5787 = AXIS2_PLACEMENT_3D('',#5788,#5789,#5790);
#5788 = CARTESIAN_POINT('',(164.18444834312,-145.7028332707,1.51));
#5789 = DIRECTION('',(0.,0.,-1.));
#5790 = DIRECTION('',(0.504512505685,-0.863404384751,0.));
#5791 = ORIENTED_EDGE('',*,*,#5792,.F.);
#5792 = EDGE_CURVE('',#5793,#5784,#5795,.T.);
#5793 = VERTEX_POINT('',#5794);
#5794 = CARTESIAN_POINT('',(165.139483,-146.783122,1.51));
#5795 = CIRCLE('',#5796,0.500000669307);
#5796 = AXIS2_PLACEMENT_3D('',#5797,#5798,#5799);
#5797 = CARTESIAN_POINT('',(164.68896646449,-146.5662452595,1.51));
#5798 = DIRECTION('',(0.,0.,1.));
#5799 = DIRECTION('',(0.901031864884,-0.433752900236,0.));
#5800 = ORIENTED_EDGE('',*,*,#5801,.F.);
#5801 = EDGE_CURVE('',#5802,#5793,#5804,.T.);
#5802 = VERTEX_POINT('',#5803);
#5803 = CARTESIAN_POINT('',(165.089998,-146.999999,1.51));
#5804 = CIRCLE('',#5805,0.499989884978);
#5805 = AXIS2_PLACEMENT_3D('',#5806,#5807,#5808);
#5806 = CARTESIAN_POINT('',(165.58998788497,-146.9999980791,1.51));
#5807 = DIRECTION('',(0.,0.,-1.));
#5808 = DIRECTION('',(-0.999999999998,-1.841808539356E-06,-0.));
#5809 = ORIENTED_EDGE('',*,*,#5810,.F.);
#5810 = EDGE_CURVE('',#5811,#5802,#5813,.T.);
#5811 = VERTEX_POINT('',#5812);
#5812 = CARTESIAN_POINT('',(165.089998,-148.405684,1.51));
#5813 = LINE('',#5814,#5815);
#5814 = CARTESIAN_POINT('',(165.089998,-148.405684,1.51));
#5815 = VECTOR('',#5816,1.);
#5816 = DIRECTION('',(0.,1.,0.));
#5817 = ORIENTED_EDGE('',*,*,#5818,.F.);
#5818 = EDGE_CURVE('',#5819,#5811,#5821,.T.);
#5819 = VERTEX_POINT('',#5820);
#5820 = CARTESIAN_POINT('',(165.139483,-148.622562,1.51));
#5821 = CIRCLE('',#5822,0.499989885034);
#5822 = AXIS2_PLACEMENT_3D('',#5823,#5824,#5825);
#5823 = CARTESIAN_POINT('',(165.58998788503,-148.4056859208,1.51));
#5824 = DIRECTION('',(0.,0.,-1.));
#5825 = DIRECTION('',(-0.901027997796,-0.43376093322,-0.));
#5826 = ORIENTED_EDGE('',*,*,#5827,.F.);
#5827 = EDGE_CURVE('',#5828,#5819,#5830,.T.);
#5828 = VERTEX_POINT('',#5829);
#5829 = CARTESIAN_POINT('',(164.43671,-149.271141,1.51));
#5830 = CIRCLE('',#5831,0.499999729127);
#5831 = AXIS2_PLACEMENT_3D('',#5832,#5833,#5834);
#5832 = CARTESIAN_POINT('',(164.68896825432,-148.8394402908,1.51));
#5833 = DIRECTION('',(0.,0.,1.));
#5834 = DIRECTION('',(-0.504516781969,-0.863401885979,0.));
#5835 = ORIENTED_EDGE('',*,*,#5836,.F.);
#5836 = EDGE_CURVE('',#5837,#5828,#5839,.T.);
#5837 = VERTEX_POINT('',#5838);
#5838 = CARTESIAN_POINT('',(164.184452,-149.202842,1.51));
#5839 = CIRCLE('',#5840,0.500008729288);
#5840 = AXIS2_PLACEMENT_3D('',#5841,#5842,#5843);
#5841 = CARTESIAN_POINT('',(164.18444934312,-149.7028507292,1.51));
#5842 = DIRECTION('',(0.,0.,-1.));
#5843 = DIRECTION('',(5.313662540564E-06,0.999999999986,0.));
#5844 = ORIENTED_EDGE('',*,*,#5845,.F.);
#5845 = EDGE_CURVE('',#5846,#5837,#5848,.T.);
#5846 = VERTEX_POINT('',#5847);
#5847 = CARTESIAN_POINT('',(162.595546,-149.202841,1.51));
#5848 = LINE('',#5849,#5850);
#5849 = CARTESIAN_POINT('',(162.595546,-149.202841,1.51));
#5850 = VECTOR('',#5851,1.);
#5851 = DIRECTION('',(1.,-6.29363850017E-07,0.));
#5852 = ORIENTED_EDGE('',*,*,#5853,.F.);
#5853 = EDGE_CURVE('',#5854,#5846,#5856,.T.);
#5854 = VERTEX_POINT('',#5855);
#5855 = CARTESIAN_POINT('',(162.343288,-149.27114,1.51));
#5856 = CIRCLE('',#5857,0.500008729288);
#5857 = AXIS2_PLACEMENT_3D('',#5858,#5859,#5860);
#5858 = CARTESIAN_POINT('',(162.59554865687,-149.7028497292,1.51));
#5859 = DIRECTION('',(0.,0.,-1.));
#5860 = DIRECTION('',(-0.504512505686,0.863404384751,0.));
#5861 = ORIENTED_EDGE('',*,*,#5862,.F.);
#5862 = EDGE_CURVE('',#5863,#5854,#5865,.T.);
#5863 = VERTEX_POINT('',#5864);
#5864 = CARTESIAN_POINT('',(161.640515,-148.622562,1.51));
#5865 = CIRCLE('',#5866,0.499999422661);
#5866 = AXIS2_PLACEMENT_3D('',#5867,#5868,#5869);
#5867 = CARTESIAN_POINT('',(162.09102970448,-148.8394396699,1.51));
#5868 = DIRECTION('',(0.,0.,1.));
#5869 = DIRECTION('',(-0.901030449374,0.433755840654,0.));
#5870 = ORIENTED_EDGE('',*,*,#5871,.F.);
#5871 = EDGE_CURVE('',#5872,#5863,#5874,.T.);
#5872 = VERTEX_POINT('',#5873);
#5873 = CARTESIAN_POINT('',(161.69,-148.405685,1.51));
#5874 = CIRCLE('',#5875,0.499989884977);
#5875 = AXIS2_PLACEMENT_3D('',#5876,#5877,#5878);
#5876 = CARTESIAN_POINT('',(161.19001011502,-148.4056859208,1.51));
#5877 = DIRECTION('',(0.,0.,-1.));
#5878 = DIRECTION('',(0.999999999998,1.841808653046E-06,0.));
#5879 = ORIENTED_EDGE('',*,*,#5880,.F.);
#5880 = EDGE_CURVE('',#5881,#5872,#5883,.T.);
#5881 = VERTEX_POINT('',#5882);
#5882 = CARTESIAN_POINT('',(161.69,-147.,1.51));
#5883 = LINE('',#5884,#5885);
#5884 = CARTESIAN_POINT('',(161.69,-147.,1.51));
#5885 = VECTOR('',#5886,1.);
#5886 = DIRECTION('',(0.,-1.,0.));
#5887 = ORIENTED_EDGE('',*,*,#5888,.F.);
#5888 = EDGE_CURVE('',#5758,#5881,#5889,.T.);
#5889 = CIRCLE('',#5890,0.499989885034);
#5890 = AXIS2_PLACEMENT_3D('',#5891,#5892,#5893);
#5891 = CARTESIAN_POINT('',(161.19001011496,-146.9999980791,1.51));
#5892 = DIRECTION('',(0.,0.,-1.));
#5893 = DIRECTION('',(0.901027997796,0.43376093322,0.));
#5894 = FACE_BOUND('',#5895,.T.);
#5895 = EDGE_LOOP('',(#5896));
#5896 = ORIENTED_EDGE('',*,*,#5897,.T.);
#5897 = EDGE_CURVE('',#5898,#5898,#5900,.T.);
#5898 = VERTEX_POINT('',#5899);
#5899 = CARTESIAN_POINT('',(148.63,-143.53,1.51));
#5900 = CIRCLE('',#5901,0.85);
#5901 = AXIS2_PLACEMENT_3D('',#5902,#5903,#5904);
#5902 = CARTESIAN_POINT('',(148.63,-142.68,1.51));
#5903 = DIRECTION('',(-0.,0.,-1.));
#5904 = DIRECTION('',(-0.,-1.,0.));
#5905 = FACE_BOUND('',#5906,.T.);
#5906 = EDGE_LOOP('',(#5907));
#5907 = ORIENTED_EDGE('',*,*,#5908,.T.);
#5908 = EDGE_CURVE('',#5909,#5909,#5911,.T.);
#5909 = VERTEX_POINT('',#5910);
#5910 = CARTESIAN_POINT('',(146.09,-138.35,1.51));
#5911 = CIRCLE('',#5912,0.75);
#5912 = AXIS2_PLACEMENT_3D('',#5913,#5914,#5915);
#5913 = CARTESIAN_POINT('',(146.09,-137.6,1.51));
#5914 = DIRECTION('',(-0.,0.,-1.));
#5915 = DIRECTION('',(-0.,-1.,0.));
#5916 = FACE_BOUND('',#5917,.T.);
#5917 = EDGE_LOOP('',(#5918));
#5918 = ORIENTED_EDGE('',*,*,#5919,.T.);
#5919 = EDGE_CURVE('',#5920,#5920,#5922,.T.);
#5920 = VERTEX_POINT('',#5921);
#5921 = CARTESIAN_POINT('',(158.47,-143.53,1.51));
#5922 = CIRCLE('',#5923,0.85);
#5923 = AXIS2_PLACEMENT_3D('',#5924,#5925,#5926);
#5924 = CARTESIAN_POINT('',(158.47,-142.68,1.51));
#5925 = DIRECTION('',(-0.,0.,-1.));
#5926 = DIRECTION('',(-0.,-1.,0.));
#5927 = FACE_BOUND('',#5928,.T.);
#5928 = EDGE_LOOP('',(#5929));
#5929 = ORIENTED_EDGE('',*,*,#5930,.T.);
#5930 = EDGE_CURVE('',#5931,#5931,#5933,.T.);
#5931 = VERTEX_POINT('',#5932);
#5932 = CARTESIAN_POINT('',(159.74,-140.89,1.51));
#5933 = CIRCLE('',#5934,0.75);
#5934 = AXIS2_PLACEMENT_3D('',#5935,#5936,#5937);
#5935 = CARTESIAN_POINT('',(159.74,-140.14,1.51));
#5936 = DIRECTION('',(-0.,0.,-1.));
#5937 = DIRECTION('',(-0.,-1.,0.));
#5938 = FACE_BOUND('',#5939,.T.);
#5939 = EDGE_LOOP('',(#5940));
#5940 = ORIENTED_EDGE('',*,*,#5941,.T.);
#5941 = EDGE_CURVE('',#5942,#5942,#5944,.T.);
#5942 = VERTEX_POINT('',#5943);
#5943 = CARTESIAN_POINT('',(163.55,-144.68,1.51));
#5944 = CIRCLE('',#5945,2.);
#5945 = AXIS2_PLACEMENT_3D('',#5946,#5947,#5948);
#5946 = CARTESIAN_POINT('',(163.55,-142.68,1.51));
#5947 = DIRECTION('',(-0.,0.,-1.));
#5948 = DIRECTION('',(-0.,-1.,0.));
#5949 = FACE_BOUND('',#5950,.T.);
#5950 = EDGE_LOOP('',(#5951));
#5951 = ORIENTED_EDGE('',*,*,#5952,.T.);
#5952 = EDGE_CURVE('',#5953,#5953,#5955,.T.);
#5953 = VERTEX_POINT('',#5954);
#5954 = CARTESIAN_POINT('',(166.09,-138.35,1.51));
#5955 = CIRCLE('',#5956,0.75);
#5956 = AXIS2_PLACEMENT_3D('',#5957,#5958,#5959);
#5957 = CARTESIAN_POINT('',(166.09,-137.6,1.51));
#5958 = DIRECTION('',(-0.,0.,-1.));
#5959 = DIRECTION('',(-0.,-1.,0.));
#5960 = FACE_BOUND('',#5961,.T.);
#5961 = EDGE_LOOP('',(#5962));
#5962 = ORIENTED_EDGE('',*,*,#5963,.T.);
#5963 = EDGE_CURVE('',#5964,#5964,#5966,.T.);
#5964 = VERTEX_POINT('',#5965);
#5965 = CARTESIAN_POINT('',(167.4,-154.6,1.51));
#5966 = CIRCLE('',#5967,0.4);
#5967 = AXIS2_PLACEMENT_3D('',#5968,#5969,#5970);
#5968 = CARTESIAN_POINT('',(167.4,-154.2,1.51));
#5969 = DIRECTION('',(-0.,0.,-1.));
#5970 = DIRECTION('',(-0.,-1.,0.));
#5971 = FACE_BOUND('',#5972,.T.);
#5972 = EDGE_LOOP('',(#5973));
#5973 = ORIENTED_EDGE('',*,*,#5974,.T.);
#5974 = EDGE_CURVE('',#5975,#5975,#5977,.T.);
#5975 = VERTEX_POINT('',#5976);
#5976 = CARTESIAN_POINT('',(173.34,-154.408,1.51));
#5977 = CIRCLE('',#5978,0.5);
#5978 = AXIS2_PLACEMENT_3D('',#5979,#5980,#5981);
#5979 = CARTESIAN_POINT('',(173.34,-153.908,1.51));
#5980 = DIRECTION('',(-0.,0.,-1.));
#5981 = DIRECTION('',(-0.,-1.,0.));
#5982 = FACE_BOUND('',#5983,.T.);
#5983 = EDGE_LOOP('',(#5984));
#5984 = ORIENTED_EDGE('',*,*,#5985,.T.);
#5985 = EDGE_CURVE('',#5986,#5986,#5988,.T.);
#5986 = VERTEX_POINT('',#5987);
#5987 = CARTESIAN_POINT('',(173.34,-151.868,1.51));
#5988 = CIRCLE('',#5989,0.5);
#5989 = AXIS2_PLACEMENT_3D('',#5990,#5991,#5992);
#5990 = CARTESIAN_POINT('',(173.34,-151.368,1.51));
#5991 = DIRECTION('',(-0.,0.,-1.));
#5992 = DIRECTION('',(-0.,-1.,0.));
#5993 = FACE_BOUND('',#5994,.T.);
#5994 = EDGE_LOOP('',(#5995));
#5995 = ORIENTED_EDGE('',*,*,#5996,.T.);
#5996 = EDGE_CURVE('',#5997,#5997,#5999,.T.);
#5997 = VERTEX_POINT('',#5998);
#5998 = CARTESIAN_POINT('',(173.34,-149.328,1.51));
#5999 = CIRCLE('',#6000,0.5);
#6000 = AXIS2_PLACEMENT_3D('',#6001,#6002,#6003);
#6001 = CARTESIAN_POINT('',(173.34,-148.828,1.51));
#6002 = DIRECTION('',(-0.,0.,-1.));
#6003 = DIRECTION('',(-0.,-1.,0.));
#6004 = FACE_BOUND('',#6005,.T.);
#6005 = EDGE_LOOP('',(#6006));
#6006 = ORIENTED_EDGE('',*,*,#6007,.T.);
#6007 = EDGE_CURVE('',#6008,#6008,#6010,.T.);
#6008 = VERTEX_POINT('',#6009);
#6009 = CARTESIAN_POINT('',(173.34,-146.788,1.51));
#6010 = CIRCLE('',#6011,0.5);
#6011 = AXIS2_PLACEMENT_3D('',#6012,#6013,#6014);
#6012 = CARTESIAN_POINT('',(173.34,-146.288,1.51));
#6013 = DIRECTION('',(-0.,0.,-1.));
#6014 = DIRECTION('',(-0.,-1.,0.));
#6015 = FACE_BOUND('',#6016,.T.);
#6016 = EDGE_LOOP('',(#6017));
#6017 = ORIENTED_EDGE('',*,*,#6018,.T.);
#6018 = EDGE_CURVE('',#6019,#6019,#6021,.T.);
#6019 = VERTEX_POINT('',#6020);
#6020 = CARTESIAN_POINT('',(173.34,-144.248,1.51));
#6021 = CIRCLE('',#6022,0.5);
#6022 = AXIS2_PLACEMENT_3D('',#6023,#6024,#6025);
#6023 = CARTESIAN_POINT('',(173.34,-143.748,1.51));
#6024 = DIRECTION('',(-0.,0.,-1.));
#6025 = DIRECTION('',(-0.,-1.,0.));
#6026 = FACE_BOUND('',#6027,.T.);
#6027 = EDGE_LOOP('',(#6028));
#6028 = ORIENTED_EDGE('',*,*,#6029,.T.);
#6029 = EDGE_CURVE('',#6030,#6030,#6032,.T.);
#6030 = VERTEX_POINT('',#6031);
#6031 = CARTESIAN_POINT('',(188.59,-154.408,1.51));
#6032 = CIRCLE('',#6033,0.5);
#6033 = AXIS2_PLACEMENT_3D('',#6034,#6035,#6036);
#6034 = CARTESIAN_POINT('',(188.59,-153.908,1.51));
#6035 = DIRECTION('',(-0.,0.,-1.));
#6036 = DIRECTION('',(-0.,-1.,0.));
#6037 = FACE_BOUND('',#6038,.T.);
#6038 = EDGE_LOOP('',(#6039));
#6039 = ORIENTED_EDGE('',*,*,#6040,.T.);
#6040 = EDGE_CURVE('',#6041,#6041,#6043,.T.);
#6041 = VERTEX_POINT('',#6042);
#6042 = CARTESIAN_POINT('',(188.59,-151.868,1.51));
#6043 = CIRCLE('',#6044,0.5);
#6044 = AXIS2_PLACEMENT_3D('',#6045,#6046,#6047);
#6045 = CARTESIAN_POINT('',(188.59,-151.368,1.51));
#6046 = DIRECTION('',(-0.,0.,-1.));
#6047 = DIRECTION('',(-0.,-1.,0.));
#6048 = FACE_BOUND('',#6049,.T.);
#6049 = EDGE_LOOP('',(#6050));
#6050 = ORIENTED_EDGE('',*,*,#6051,.T.);
#6051 = EDGE_CURVE('',#6052,#6052,#6054,.T.);
#6052 = VERTEX_POINT('',#6053);
#6053 = CARTESIAN_POINT('',(188.59,-149.328,1.51));
#6054 = CIRCLE('',#6055,0.5);
#6055 = AXIS2_PLACEMENT_3D('',#6056,#6057,#6058);
#6056 = CARTESIAN_POINT('',(188.59,-148.828,1.51));
#6057 = DIRECTION('',(-0.,0.,-1.));
#6058 = DIRECTION('',(-0.,-1.,0.));
#6059 = FACE_BOUND('',#6060,.T.);
#6060 = EDGE_LOOP('',(#6061));
#6061 = ORIENTED_EDGE('',*,*,#6062,.T.);
#6062 = EDGE_CURVE('',#6063,#6063,#6065,.T.);
#6063 = VERTEX_POINT('',#6064);
#6064 = CARTESIAN_POINT('',(188.59,-146.788,1.51));
#6065 = CIRCLE('',#6066,0.5);
#6066 = AXIS2_PLACEMENT_3D('',#6067,#6068,#6069);
#6067 = CARTESIAN_POINT('',(188.59,-146.288,1.51));
#6068 = DIRECTION('',(-0.,0.,-1.));
#6069 = DIRECTION('',(-0.,-1.,0.));
#6070 = FACE_BOUND('',#6071,.T.);
#6071 = EDGE_LOOP('',(#6072));
#6072 = ORIENTED_EDGE('',*,*,#6073,.T.);
#6073 = EDGE_CURVE('',#6074,#6074,#6076,.T.);
#6074 = VERTEX_POINT('',#6075);
#6075 = CARTESIAN_POINT('',(188.59,-144.248,1.51));
#6076 = CIRCLE('',#6077,0.5);
#6077 = AXIS2_PLACEMENT_3D('',#6078,#6079,#6080);
#6078 = CARTESIAN_POINT('',(188.59,-143.748,1.51));
#6079 = DIRECTION('',(-0.,0.,-1.));
#6080 = DIRECTION('',(-0.,-1.,0.));
#6081 = FACE_BOUND('',#6082,.T.);
#6082 = EDGE_LOOP('',(#6083));
#6083 = ORIENTED_EDGE('',*,*,#6084,.T.);
#6084 = EDGE_CURVE('',#6085,#6085,#6087,.T.);
#6085 = VERTEX_POINT('',#6086);
#6086 = CARTESIAN_POINT('',(168.63,-143.53,1.51));
#6087 = CIRCLE('',#6088,0.85);
#6088 = AXIS2_PLACEMENT_3D('',#6089,#6090,#6091);
#6089 = CARTESIAN_POINT('',(168.63,-142.68,1.51));
#6090 = DIRECTION('',(-0.,0.,-1.));
#6091 = DIRECTION('',(-0.,-1.,0.));
#6092 = FACE_BOUND('',#6093,.T.);
#6093 = EDGE_LOOP('',(#6094));
#6094 = ORIENTED_EDGE('',*,*,#6095,.T.);
#6095 = EDGE_CURVE('',#6096,#6096,#6098,.T.);
#6096 = VERTEX_POINT('',#6097);
#6097 = CARTESIAN_POINT('',(173.34,-141.708,1.51));
#6098 = CIRCLE('',#6099,0.5);
#6099 = AXIS2_PLACEMENT_3D('',#6100,#6101,#6102);
#6100 = CARTESIAN_POINT('',(173.34,-141.208,1.51));
#6101 = DIRECTION('',(-0.,0.,-1.));
#6102 = DIRECTION('',(-0.,-1.,0.));
#6103 = FACE_BOUND('',#6104,.T.);
#6104 = EDGE_LOOP('',(#6105));
#6105 = ORIENTED_EDGE('',*,*,#6106,.T.);
#6106 = EDGE_CURVE('',#6107,#6107,#6109,.T.);
#6107 = VERTEX_POINT('',#6108);
#6108 = CARTESIAN_POINT('',(173.34,-139.168,1.51));
#6109 = CIRCLE('',#6110,0.5);
#6110 = AXIS2_PLACEMENT_3D('',#6111,#6112,#6113);
#6111 = CARTESIAN_POINT('',(173.34,-138.668,1.51));
#6112 = DIRECTION('',(-0.,0.,-1.));
#6113 = DIRECTION('',(-0.,-1.,0.));
#6114 = FACE_BOUND('',#6115,.T.);
#6115 = EDGE_LOOP('',(#6116));
#6116 = ORIENTED_EDGE('',*,*,#6117,.T.);
#6117 = EDGE_CURVE('',#6118,#6118,#6120,.T.);
#6118 = VERTEX_POINT('',#6119);
#6119 = CARTESIAN_POINT('',(188.59,-141.708,1.51));
#6120 = CIRCLE('',#6121,0.5);
#6121 = AXIS2_PLACEMENT_3D('',#6122,#6123,#6124);
#6122 = CARTESIAN_POINT('',(188.59,-141.208,1.51));
#6123 = DIRECTION('',(-0.,0.,-1.));
#6124 = DIRECTION('',(-0.,-1.,0.));
#6125 = FACE_BOUND('',#6126,.T.);
#6126 = EDGE_LOOP('',(#6127));
#6127 = ORIENTED_EDGE('',*,*,#6128,.T.);
#6128 = EDGE_CURVE('',#6129,#6129,#6131,.T.);
#6129 = VERTEX_POINT('',#6130);
#6130 = CARTESIAN_POINT('',(188.59,-139.168,1.51));
#6131 = CIRCLE('',#6132,0.5);
#6132 = AXIS2_PLACEMENT_3D('',#6133,#6134,#6135);
#6133 = CARTESIAN_POINT('',(188.59,-138.668,1.51));
#6134 = DIRECTION('',(-0.,0.,-1.));
#6135 = DIRECTION('',(-0.,-1.,0.));
#6136 = FACE_BOUND('',#6137,.T.);
#6137 = EDGE_LOOP('',(#6138));
#6138 = ORIENTED_EDGE('',*,*,#6139,.T.);
#6139 = EDGE_CURVE('',#6140,#6140,#6142,.T.);
#6140 = VERTEX_POINT('',#6141);
#6141 = CARTESIAN_POINT('',(146.59,-130.2,1.51));
#6142 = CIRCLE('',#6143,0.4);
#6143 = AXIS2_PLACEMENT_3D('',#6144,#6145,#6146);
#6144 = CARTESIAN_POINT('',(146.59,-129.8,1.51));
#6145 = DIRECTION('',(-0.,0.,-1.));
#6146 = DIRECTION('',(-0.,-1.,0.));
#6147 = FACE_BOUND('',#6148,.T.);
#6148 = EDGE_LOOP('',(#6149));
#6149 = ORIENTED_EDGE('',*,*,#6150,.T.);
#6150 = EDGE_CURVE('',#6151,#6151,#6153,.T.);
#6151 = VERTEX_POINT('',#6152);
#6152 = CARTESIAN_POINT('',(159.98,-130.2,1.51));
#6153 = CIRCLE('',#6154,0.4);
#6154 = AXIS2_PLACEMENT_3D('',#6155,#6156,#6157);
#6155 = CARTESIAN_POINT('',(159.98,-129.8,1.51));
#6156 = DIRECTION('',(-0.,0.,-1.));
#6157 = DIRECTION('',(-7.105427357601E-14,-1.,0.));
#6158 = FACE_BOUND('',#6159,.T.);
#6159 = EDGE_LOOP('',(#6160,#6171,#6180,#6188,#6197,#6206,#6215,#6223,
    #6232,#6241,#6250,#6258,#6267,#6276,#6285,#6293));
#6160 = ORIENTED_EDGE('',*,*,#6161,.F.);
#6161 = EDGE_CURVE('',#6162,#6164,#6166,.T.);
#6162 = VERTEX_POINT('',#6163);
#6163 = CARTESIAN_POINT('',(165.339483,-121.583122,1.51));
#6164 = VERTEX_POINT('',#6165);
#6165 = CARTESIAN_POINT('',(164.63671,-120.934545,1.51));
#6166 = CIRCLE('',#6167,0.499999092786);
#6167 = AXIS2_PLACEMENT_3D('',#6168,#6169,#6170);
#6168 = CARTESIAN_POINT('',(164.88896839101,-121.3662448922,1.51));
#6169 = DIRECTION('',(0.,0.,1.));
#6170 = DIRECTION('',(0.901030852831,-0.43375500256,0.));
#6171 = ORIENTED_EDGE('',*,*,#6172,.F.);
#6172 = EDGE_CURVE('',#6173,#6162,#6175,.T.);
#6173 = VERTEX_POINT('',#6174);
#6174 = CARTESIAN_POINT('',(165.289998,-121.8,1.51));
#6175 = CIRCLE('',#6176,0.499989885034);
#6176 = AXIS2_PLACEMENT_3D('',#6177,#6178,#6179);
#6177 = CARTESIAN_POINT('',(165.78998788503,-121.7999980791,1.51));
#6178 = DIRECTION('',(0.,0.,-1.));
#6179 = DIRECTION('',(-0.999999999993,-3.841811448942E-06,-0.));
#6180 = ORIENTED_EDGE('',*,*,#6181,.F.);
#6181 = EDGE_CURVE('',#6182,#6173,#6184,.T.);
#6182 = VERTEX_POINT('',#6183);
#6183 = CARTESIAN_POINT('',(165.289998,-123.205684,1.51));
#6184 = LINE('',#6185,#6186);
#6185 = CARTESIAN_POINT('',(165.289998,-123.205684,1.51));
#6186 = VECTOR('',#6187,1.);
#6187 = DIRECTION('',(0.,1.,0.));
#6188 = ORIENTED_EDGE('',*,*,#6189,.F.);
#6189 = EDGE_CURVE('',#6190,#6182,#6192,.T.);
#6190 = VERTEX_POINT('',#6191);
#6191 = CARTESIAN_POINT('',(165.339483,-123.422562,1.51));
#6192 = CIRCLE('',#6193,0.499989885034);
#6193 = AXIS2_PLACEMENT_3D('',#6194,#6195,#6196);
#6194 = CARTESIAN_POINT('',(165.78998788503,-123.2056859208,1.51));
#6195 = DIRECTION('',(0.,0.,-1.));
#6196 = DIRECTION('',(-0.901027997796,-0.43376093322,-0.));
#6197 = ORIENTED_EDGE('',*,*,#6198,.F.);
#6198 = EDGE_CURVE('',#6199,#6190,#6201,.T.);
#6199 = VERTEX_POINT('',#6200);
#6200 = CARTESIAN_POINT('',(164.63671,-124.071141,1.51));
#6201 = CIRCLE('',#6202,0.499999729127);
#6202 = AXIS2_PLACEMENT_3D('',#6203,#6204,#6205);
#6203 = CARTESIAN_POINT('',(164.88896825432,-123.6394402908,1.51));
#6204 = DIRECTION('',(0.,0.,1.));
#6205 = DIRECTION('',(-0.504516781969,-0.863401885979,0.));
#6206 = ORIENTED_EDGE('',*,*,#6207,.F.);
#6207 = EDGE_CURVE('',#6208,#6199,#6210,.T.);
#6208 = VERTEX_POINT('',#6209);
#6209 = CARTESIAN_POINT('',(164.384452,-124.002842,1.51));
#6210 = CIRCLE('',#6211,0.500008729288);
#6211 = AXIS2_PLACEMENT_3D('',#6212,#6213,#6214);
#6212 = CARTESIAN_POINT('',(164.38444934312,-124.5028507292,1.51));
#6213 = DIRECTION('',(0.,0.,-1.));
#6214 = DIRECTION('',(5.31366276793E-06,0.999999999986,0.));
#6215 = ORIENTED_EDGE('',*,*,#6216,.F.);
#6216 = EDGE_CURVE('',#6217,#6208,#6219,.T.);
#6217 = VERTEX_POINT('',#6218);
#6218 = CARTESIAN_POINT('',(162.795546,-124.002841,1.51));
#6219 = LINE('',#6220,#6221);
#6220 = CARTESIAN_POINT('',(162.795546,-124.002841,1.51));
#6221 = VECTOR('',#6222,1.);
#6222 = DIRECTION('',(1.,-6.29363850017E-07,0.));
#6223 = ORIENTED_EDGE('',*,*,#6224,.F.);
#6224 = EDGE_CURVE('',#6225,#6217,#6227,.T.);
#6225 = VERTEX_POINT('',#6226);
#6226 = CARTESIAN_POINT('',(162.543288,-124.07114,1.51));
#6227 = CIRCLE('',#6228,0.500008729288);
#6228 = AXIS2_PLACEMENT_3D('',#6229,#6230,#6231);
#6229 = CARTESIAN_POINT('',(162.79554865687,-124.5028497292,1.51));
#6230 = DIRECTION('',(0.,0.,-1.));
#6231 = DIRECTION('',(-0.504512505685,0.863404384751,0.));
#6232 = ORIENTED_EDGE('',*,*,#6233,.F.);
#6233 = EDGE_CURVE('',#6234,#6225,#6236,.T.);
#6234 = VERTEX_POINT('',#6235);
#6235 = CARTESIAN_POINT('',(161.840515,-123.422562,1.51));
#6236 = CIRCLE('',#6237,0.499999422661);
#6237 = AXIS2_PLACEMENT_3D('',#6238,#6239,#6240);
#6238 = CARTESIAN_POINT('',(162.29102970448,-123.6394396699,1.51));
#6239 = DIRECTION('',(0.,0.,1.));
#6240 = DIRECTION('',(-0.901030449374,0.433755840654,0.));
#6241 = ORIENTED_EDGE('',*,*,#6242,.F.);
#6242 = EDGE_CURVE('',#6243,#6234,#6245,.T.);
#6243 = VERTEX_POINT('',#6244);
#6244 = CARTESIAN_POINT('',(161.89,-123.205684,1.51));
#6245 = CIRCLE('',#6246,0.499989885034);
#6246 = AXIS2_PLACEMENT_3D('',#6247,#6248,#6249);
#6247 = CARTESIAN_POINT('',(161.39001011497,-123.2056859208,1.51));
#6248 = DIRECTION('',(0.,0.,-1.));
#6249 = DIRECTION('',(0.999999999993,3.841811733168E-06,0.));
#6250 = ORIENTED_EDGE('',*,*,#6251,.F.);
#6251 = EDGE_CURVE('',#6252,#6243,#6254,.T.);
#6252 = VERTEX_POINT('',#6253);
#6253 = CARTESIAN_POINT('',(161.89,-121.8,1.51));
#6254 = LINE('',#6255,#6256);
#6255 = CARTESIAN_POINT('',(161.89,-121.8,1.51));
#6256 = VECTOR('',#6257,1.);
#6257 = DIRECTION('',(0.,-1.,0.));
#6258 = ORIENTED_EDGE('',*,*,#6259,.F.);
#6259 = EDGE_CURVE('',#6260,#6252,#6262,.T.);
#6260 = VERTEX_POINT('',#6261);
#6261 = CARTESIAN_POINT('',(161.840515,-121.583123,1.51));
#6262 = CIRCLE('',#6263,0.49998122973);
#6263 = AXIS2_PLACEMENT_3D('',#6264,#6265,#6266);
#6264 = CARTESIAN_POINT('',(161.39001877027,-121.7999971042,1.51));
#6265 = DIRECTION('',(0.,0.,-1.));
#6266 = DIRECTION('',(0.901026284456,0.433764492229,0.));
#6267 = ORIENTED_EDGE('',*,*,#6268,.F.);
#6268 = EDGE_CURVE('',#6269,#6260,#6271,.T.);
#6269 = VERTEX_POINT('',#6270);
#6270 = CARTESIAN_POINT('',(162.543288,-120.934543,1.51));
#6271 = CIRCLE('',#6272,0.499999755443);
#6272 = AXIS2_PLACEMENT_3D('',#6273,#6274,#6275);
#6273 = CARTESIAN_POINT('',(162.2910291369,-121.3662433838,1.51));
#6274 = DIRECTION('',(0.,0.,1.));
#6275 = DIRECTION('',(0.504517972959,0.863401190039,-0.));
#6276 = ORIENTED_EDGE('',*,*,#6277,.F.);
#6277 = EDGE_CURVE('',#6278,#6269,#6280,.T.);
#6278 = VERTEX_POINT('',#6279);
#6279 = CARTESIAN_POINT('',(162.795547,-121.002842,1.51));
#6280 = CIRCLE('',#6281,0.500008729226);
#6281 = AXIS2_PLACEMENT_3D('',#6282,#6283,#6284);
#6282 = CARTESIAN_POINT('',(162.79554865685,-120.5028332707,1.51));
#6283 = DIRECTION('',(0.,0.,-1.));
#6284 = DIRECTION('',(-3.313649260187E-06,-0.999999999995,-0.));
#6285 = ORIENTED_EDGE('',*,*,#6286,.F.);
#6286 = EDGE_CURVE('',#6287,#6278,#6289,.T.);
#6287 = VERTEX_POINT('',#6288);
#6288 = CARTESIAN_POINT('',(164.384451,-121.002842,1.51));
#6289 = LINE('',#6290,#6291);
#6290 = CARTESIAN_POINT('',(164.384451,-121.002842,1.51));
#6291 = VECTOR('',#6292,1.);
#6292 = DIRECTION('',(-1.,0.,0.));
#6293 = ORIENTED_EDGE('',*,*,#6294,.F.);
#6294 = EDGE_CURVE('',#6164,#6287,#6295,.T.);
#6295 = CIRCLE('',#6296,0.500040834725);
#6296 = AXIS2_PLACEMENT_3D('',#6297,#6298,#6299);
#6297 = CARTESIAN_POINT('',(164.38444407362,-120.5028011653,1.51));
#6298 = DIRECTION('',(0.,0.,-1.));
#6299 = DIRECTION('',(0.50449065128,-0.86341715455,0.));
#6300 = FACE_BOUND('',#6301,.T.);
#6301 = EDGE_LOOP('',(#6302));
#6302 = ORIENTED_EDGE('',*,*,#6303,.T.);
#6303 = EDGE_CURVE('',#6304,#6304,#6306,.T.);
#6304 = VERTEX_POINT('',#6305);
#6305 = CARTESIAN_POINT('',(148.63,-118.53,1.51));
#6306 = CIRCLE('',#6307,0.85);
#6307 = AXIS2_PLACEMENT_3D('',#6308,#6309,#6310);
#6308 = CARTESIAN_POINT('',(148.63,-117.68,1.51));
#6309 = DIRECTION('',(-0.,0.,-1.));
#6310 = DIRECTION('',(-0.,-1.,0.));
#6311 = FACE_BOUND('',#6312,.T.);
#6312 = EDGE_LOOP('',(#6313));
#6313 = ORIENTED_EDGE('',*,*,#6314,.T.);
#6314 = EDGE_CURVE('',#6315,#6315,#6317,.T.);
#6315 = VERTEX_POINT('',#6316);
#6316 = CARTESIAN_POINT('',(146.09,-113.35,1.51));
#6317 = CIRCLE('',#6318,0.75);
#6318 = AXIS2_PLACEMENT_3D('',#6319,#6320,#6321);
#6319 = CARTESIAN_POINT('',(146.09,-112.6,1.51));
#6320 = DIRECTION('',(-0.,0.,-1.));
#6321 = DIRECTION('',(-0.,-1.,0.));
#6322 = FACE_BOUND('',#6323,.T.);
#6323 = EDGE_LOOP('',(#6324));
#6324 = ORIENTED_EDGE('',*,*,#6325,.T.);
#6325 = EDGE_CURVE('',#6326,#6326,#6328,.T.);
#6326 = VERTEX_POINT('',#6327);
#6327 = CARTESIAN_POINT('',(158.47,-118.53,1.51));
#6328 = CIRCLE('',#6329,0.85);
#6329 = AXIS2_PLACEMENT_3D('',#6330,#6331,#6332);
#6330 = CARTESIAN_POINT('',(158.47,-117.68,1.51));
#6331 = DIRECTION('',(-0.,0.,-1.));
#6332 = DIRECTION('',(-0.,-1.,0.));
#6333 = FACE_BOUND('',#6334,.T.);
#6334 = EDGE_LOOP('',(#6335));
#6335 = ORIENTED_EDGE('',*,*,#6336,.T.);
#6336 = EDGE_CURVE('',#6337,#6337,#6339,.T.);
#6337 = VERTEX_POINT('',#6338);
#6338 = CARTESIAN_POINT('',(159.74,-115.89,1.51));
#6339 = CIRCLE('',#6340,0.75);
#6340 = AXIS2_PLACEMENT_3D('',#6341,#6342,#6343);
#6341 = CARTESIAN_POINT('',(159.74,-115.14,1.51));
#6342 = DIRECTION('',(-0.,0.,-1.));
#6343 = DIRECTION('',(-0.,-1.,0.));
#6344 = FACE_BOUND('',#6345,.T.);
#6345 = EDGE_LOOP('',(#6346));
#6346 = ORIENTED_EDGE('',*,*,#6347,.T.);
#6347 = EDGE_CURVE('',#6348,#6348,#6350,.T.);
#6348 = VERTEX_POINT('',#6349);
#6349 = CARTESIAN_POINT('',(163.55,-119.68,1.51));
#6350 = CIRCLE('',#6351,2.);
#6351 = AXIS2_PLACEMENT_3D('',#6352,#6353,#6354);
#6352 = CARTESIAN_POINT('',(163.55,-117.68,1.51));
#6353 = DIRECTION('',(-0.,0.,-1.));
#6354 = DIRECTION('',(-0.,-1.,0.));
#6355 = FACE_BOUND('',#6356,.T.);
#6356 = EDGE_LOOP('',(#6357));
#6357 = ORIENTED_EDGE('',*,*,#6358,.T.);
#6358 = EDGE_CURVE('',#6359,#6359,#6361,.T.);
#6359 = VERTEX_POINT('',#6360);
#6360 = CARTESIAN_POINT('',(166.09,-113.35,1.51));
#6361 = CIRCLE('',#6362,0.75);
#6362 = AXIS2_PLACEMENT_3D('',#6363,#6364,#6365);
#6363 = CARTESIAN_POINT('',(166.09,-112.6,1.51));
#6364 = DIRECTION('',(-0.,0.,-1.));
#6365 = DIRECTION('',(-0.,-1.,0.));
#6366 = FACE_BOUND('',#6367,.T.);
#6367 = EDGE_LOOP('',(#6368));
#6368 = ORIENTED_EDGE('',*,*,#6369,.T.);
#6369 = EDGE_CURVE('',#6370,#6370,#6372,.T.);
#6370 = VERTEX_POINT('',#6371);
#6371 = CARTESIAN_POINT('',(167.6,-130.2,1.51));
#6372 = CIRCLE('',#6373,0.4);
#6373 = AXIS2_PLACEMENT_3D('',#6374,#6375,#6376);
#6374 = CARTESIAN_POINT('',(167.6,-129.8,1.51));
#6375 = DIRECTION('',(-0.,0.,-1.));
#6376 = DIRECTION('',(-0.,-1.,0.));
#6377 = FACE_BOUND('',#6378,.T.);
#6378 = EDGE_LOOP('',(#6379));
#6379 = ORIENTED_EDGE('',*,*,#6380,.T.);
#6380 = EDGE_CURVE('',#6381,#6381,#6383,.T.);
#6381 = VERTEX_POINT('',#6382);
#6382 = CARTESIAN_POINT('',(168.63,-118.53,1.51));
#6383 = CIRCLE('',#6384,0.85);
#6384 = AXIS2_PLACEMENT_3D('',#6385,#6386,#6387);
#6385 = CARTESIAN_POINT('',(168.63,-117.68,1.51));
#6386 = DIRECTION('',(-0.,0.,-1.));
#6387 = DIRECTION('',(-0.,-1.,0.));
#6388 = FACE_BOUND('',#6389,.T.);
#6389 = EDGE_LOOP('',(#6390,#6401,#6409,#6418));
#6390 = ORIENTED_EDGE('',*,*,#6391,.T.);
#6391 = EDGE_CURVE('',#6392,#6394,#6396,.T.);
#6392 = VERTEX_POINT('',#6393);
#6393 = CARTESIAN_POINT('',(183.64,-108.65,1.51));
#6394 = VERTEX_POINT('',#6395);
#6395 = CARTESIAN_POINT('',(183.64,-110.15,1.51));
#6396 = CIRCLE('',#6397,0.75);
#6397 = AXIS2_PLACEMENT_3D('',#6398,#6399,#6400);
#6398 = CARTESIAN_POINT('',(183.64,-109.4,1.51));
#6399 = DIRECTION('',(-0.,0.,-1.));
#6400 = DIRECTION('',(-0.,-1.,0.));
#6401 = ORIENTED_EDGE('',*,*,#6402,.T.);
#6402 = EDGE_CURVE('',#6394,#6403,#6405,.T.);
#6403 = VERTEX_POINT('',#6404);
#6404 = CARTESIAN_POINT('',(182.34,-110.15,1.51));
#6405 = LINE('',#6406,#6407);
#6406 = CARTESIAN_POINT('',(91.17,-110.15,1.51));
#6407 = VECTOR('',#6408,1.);
#6408 = DIRECTION('',(-1.,0.,0.));
#6409 = ORIENTED_EDGE('',*,*,#6410,.T.);
#6410 = EDGE_CURVE('',#6403,#6411,#6413,.T.);
#6411 = VERTEX_POINT('',#6412);
#6412 = CARTESIAN_POINT('',(182.34,-108.65,1.51));
#6413 = CIRCLE('',#6414,0.75);
#6414 = AXIS2_PLACEMENT_3D('',#6415,#6416,#6417);
#6415 = CARTESIAN_POINT('',(182.34,-109.4,1.51));
#6416 = DIRECTION('',(-0.,0.,-1.));
#6417 = DIRECTION('',(0.,1.,0.));
#6418 = ORIENTED_EDGE('',*,*,#6419,.T.);
#6419 = EDGE_CURVE('',#6411,#6392,#6420,.T.);
#6420 = LINE('',#6421,#6422);
#6421 = CARTESIAN_POINT('',(91.82,-108.65,1.51));
#6422 = VECTOR('',#6423,1.);
#6423 = DIRECTION('',(1.,0.,-0.));
#6424 = FACE_BOUND('',#6425,.T.);
#6425 = EDGE_LOOP('',(#6426));
#6426 = ORIENTED_EDGE('',*,*,#6427,.T.);
#6427 = EDGE_CURVE('',#6428,#6428,#6430,.T.);
#6428 = VERTEX_POINT('',#6429);
#6429 = CARTESIAN_POINT('',(99.59,-105.4,1.51));
#6430 = CIRCLE('',#6431,0.4);
#6431 = AXIS2_PLACEMENT_3D('',#6432,#6433,#6434);
#6432 = CARTESIAN_POINT('',(99.59,-105.,1.51));
#6433 = DIRECTION('',(-0.,0.,-1.));
#6434 = DIRECTION('',(-0.,-1.,0.));
#6435 = FACE_BOUND('',#6436,.T.);
#6436 = EDGE_LOOP('',(#6437));
#6437 = ORIENTED_EDGE('',*,*,#6438,.T.);
#6438 = EDGE_CURVE('',#6439,#6439,#6441,.T.);
#6439 = VERTEX_POINT('',#6440);
#6440 = CARTESIAN_POINT('',(107.21,-105.4,1.51));
#6441 = CIRCLE('',#6442,0.4);
#6442 = AXIS2_PLACEMENT_3D('',#6443,#6444,#6445);
#6443 = CARTESIAN_POINT('',(107.21,-105.,1.51));
#6444 = DIRECTION('',(-0.,0.,-1.));
#6445 = DIRECTION('',(-3.552713678801E-14,-1.,0.));
#6446 = FACE_BOUND('',#6447,.T.);
#6447 = EDGE_LOOP('',(#6448,#6459,#6468,#6476,#6485,#6494,#6503,#6511,
    #6520,#6529,#6538,#6546,#6555,#6564,#6573,#6581));
#6448 = ORIENTED_EDGE('',*,*,#6449,.F.);
#6449 = EDGE_CURVE('',#6450,#6452,#6454,.T.);
#6450 = VERTEX_POINT('',#6451);
#6451 = CARTESIAN_POINT('',(105.279483,-96.935922,1.51));
#6452 = VERTEX_POINT('',#6453);
#6453 = CARTESIAN_POINT('',(104.57671,-96.287345,1.51));
#6454 = CIRCLE('',#6455,0.499999092786);
#6455 = AXIS2_PLACEMENT_3D('',#6456,#6457,#6458);
#6456 = CARTESIAN_POINT('',(104.82896839101,-96.71904489222,1.51));
#6457 = DIRECTION('',(0.,0.,1.));
#6458 = DIRECTION('',(0.901030852831,-0.43375500256,0.));
#6459 = ORIENTED_EDGE('',*,*,#6460,.F.);
#6460 = EDGE_CURVE('',#6461,#6450,#6463,.T.);
#6461 = VERTEX_POINT('',#6462);
#6462 = CARTESIAN_POINT('',(105.229998,-97.1528,1.51));
#6463 = CIRCLE('',#6464,0.499989885034);
#6464 = AXIS2_PLACEMENT_3D('',#6465,#6466,#6467);
#6465 = CARTESIAN_POINT('',(105.72998788503,-97.15279807913,1.51));
#6466 = DIRECTION('',(0.,0.,-1.));
#6467 = DIRECTION('',(-0.999999999993,-3.841811448942E-06,-0.));
#6468 = ORIENTED_EDGE('',*,*,#6469,.F.);
#6469 = EDGE_CURVE('',#6470,#6461,#6472,.T.);
#6470 = VERTEX_POINT('',#6471);
#6471 = CARTESIAN_POINT('',(105.229998,-98.558484,1.51));
#6472 = LINE('',#6473,#6474);
#6473 = CARTESIAN_POINT('',(105.229998,-98.558484,1.51));
#6474 = VECTOR('',#6475,1.);
#6475 = DIRECTION('',(0.,1.,0.));
#6476 = ORIENTED_EDGE('',*,*,#6477,.F.);
#6477 = EDGE_CURVE('',#6478,#6470,#6480,.T.);
#6478 = VERTEX_POINT('',#6479);
#6479 = CARTESIAN_POINT('',(105.279483,-98.775362,1.51));
#6480 = CIRCLE('',#6481,0.499989885034);
#6481 = AXIS2_PLACEMENT_3D('',#6482,#6483,#6484);
#6482 = CARTESIAN_POINT('',(105.72998788503,-98.55848592086,1.51));
#6483 = DIRECTION('',(0.,0.,-1.));
#6484 = DIRECTION('',(-0.901027997796,-0.43376093322,-0.));
#6485 = ORIENTED_EDGE('',*,*,#6486,.F.);
#6486 = EDGE_CURVE('',#6487,#6478,#6489,.T.);
#6487 = VERTEX_POINT('',#6488);
#6488 = CARTESIAN_POINT('',(104.57671,-99.423941,1.51));
#6489 = CIRCLE('',#6490,0.499999729127);
#6490 = AXIS2_PLACEMENT_3D('',#6491,#6492,#6493);
#6491 = CARTESIAN_POINT('',(104.82896825432,-98.99224029088,1.51));
#6492 = DIRECTION('',(0.,0.,1.));
#6493 = DIRECTION('',(-0.504516781969,-0.863401885979,0.));
#6494 = ORIENTED_EDGE('',*,*,#6495,.F.);
#6495 = EDGE_CURVE('',#6496,#6487,#6498,.T.);
#6496 = VERTEX_POINT('',#6497);
#6497 = CARTESIAN_POINT('',(104.324452,-99.355642,1.51));
#6498 = CIRCLE('',#6499,0.500008729288);
#6499 = AXIS2_PLACEMENT_3D('',#6500,#6501,#6502);
#6500 = CARTESIAN_POINT('',(104.32444934312,-99.85565072928,1.51));
#6501 = DIRECTION('',(0.,0.,-1.));
#6502 = DIRECTION('',(5.313662739509E-06,0.999999999986,0.));
#6503 = ORIENTED_EDGE('',*,*,#6504,.F.);
#6504 = EDGE_CURVE('',#6505,#6496,#6507,.T.);
#6505 = VERTEX_POINT('',#6506);
#6506 = CARTESIAN_POINT('',(102.735546,-99.355641,1.51));
#6507 = LINE('',#6508,#6509);
#6508 = CARTESIAN_POINT('',(102.735546,-99.355641,1.51));
#6509 = VECTOR('',#6510,1.);
#6510 = DIRECTION('',(1.,-6.29363850017E-07,0.));
#6511 = ORIENTED_EDGE('',*,*,#6512,.F.);
#6512 = EDGE_CURVE('',#6513,#6505,#6515,.T.);
#6513 = VERTEX_POINT('',#6514);
#6514 = CARTESIAN_POINT('',(102.483288,-99.42394,1.51));
#6515 = CIRCLE('',#6516,0.500008729288);
#6516 = AXIS2_PLACEMENT_3D('',#6517,#6518,#6519);
#6517 = CARTESIAN_POINT('',(102.73554865687,-99.85564972928,1.51));
#6518 = DIRECTION('',(0.,0.,-1.));
#6519 = DIRECTION('',(-0.504512505685,0.863404384751,0.));
#6520 = ORIENTED_EDGE('',*,*,#6521,.F.);
#6521 = EDGE_CURVE('',#6522,#6513,#6524,.T.);
#6522 = VERTEX_POINT('',#6523);
#6523 = CARTESIAN_POINT('',(101.780515,-98.775362,1.51));
#6524 = CIRCLE('',#6525,0.499999422661);
#6525 = AXIS2_PLACEMENT_3D('',#6526,#6527,#6528);
#6526 = CARTESIAN_POINT('',(102.23102970448,-98.9922396699,1.51));
#6527 = DIRECTION('',(0.,0.,1.));
#6528 = DIRECTION('',(-0.901030449374,0.433755840654,0.));
#6529 = ORIENTED_EDGE('',*,*,#6530,.F.);
#6530 = EDGE_CURVE('',#6531,#6522,#6533,.T.);
#6531 = VERTEX_POINT('',#6532);
#6532 = CARTESIAN_POINT('',(101.83,-98.558484,1.51));
#6533 = CIRCLE('',#6534,0.499989885034);
#6534 = AXIS2_PLACEMENT_3D('',#6535,#6536,#6537);
#6535 = CARTESIAN_POINT('',(101.33001011496,-98.55848592086,1.51));
#6536 = DIRECTION('',(0.,0.,-1.));
#6537 = DIRECTION('',(0.999999999993,3.841811363674E-06,0.));
#6538 = ORIENTED_EDGE('',*,*,#6539,.F.);
#6539 = EDGE_CURVE('',#6540,#6531,#6542,.T.);
#6540 = VERTEX_POINT('',#6541);
#6541 = CARTESIAN_POINT('',(101.83,-97.1528,1.51));
#6542 = LINE('',#6543,#6544);
#6543 = CARTESIAN_POINT('',(101.83,-97.1528,1.51));
#6544 = VECTOR('',#6545,1.);
#6545 = DIRECTION('',(0.,-1.,0.));
#6546 = ORIENTED_EDGE('',*,*,#6547,.F.);
#6547 = EDGE_CURVE('',#6548,#6540,#6550,.T.);
#6548 = VERTEX_POINT('',#6549);
#6549 = CARTESIAN_POINT('',(101.780515,-96.935923,1.51));
#6550 = CIRCLE('',#6551,0.49998122973);
#6551 = AXIS2_PLACEMENT_3D('',#6552,#6553,#6554);
#6552 = CARTESIAN_POINT('',(101.33001877027,-97.15279710423,1.51));
#6553 = DIRECTION('',(0.,0.,-1.));
#6554 = DIRECTION('',(0.901026284457,0.433764492229,0.));
#6555 = ORIENTED_EDGE('',*,*,#6556,.F.);
#6556 = EDGE_CURVE('',#6557,#6548,#6559,.T.);
#6557 = VERTEX_POINT('',#6558);
#6558 = CARTESIAN_POINT('',(102.483288,-96.287343,1.51));
#6559 = CIRCLE('',#6560,0.499999755443);
#6560 = AXIS2_PLACEMENT_3D('',#6561,#6562,#6563);
#6561 = CARTESIAN_POINT('',(102.2310291369,-96.71904338386,1.51));
#6562 = DIRECTION('',(0.,0.,1.));
#6563 = DIRECTION('',(0.50451797296,0.863401190039,-0.));
#6564 = ORIENTED_EDGE('',*,*,#6565,.F.);
#6565 = EDGE_CURVE('',#6566,#6557,#6568,.T.);
#6566 = VERTEX_POINT('',#6567);
#6567 = CARTESIAN_POINT('',(102.735547,-96.355642,1.51));
#6568 = CIRCLE('',#6569,0.500008729226);
#6569 = AXIS2_PLACEMENT_3D('',#6570,#6571,#6572);
#6570 = CARTESIAN_POINT('',(102.73554865685,-95.85563327077,1.51));
#6571 = DIRECTION('',(0.,0.,-1.));
#6572 = DIRECTION('',(-3.313649288608E-06,-0.999999999995,-0.));
#6573 = ORIENTED_EDGE('',*,*,#6574,.F.);
#6574 = EDGE_CURVE('',#6575,#6566,#6577,.T.);
#6575 = VERTEX_POINT('',#6576);
#6576 = CARTESIAN_POINT('',(104.324451,-96.355642,1.51));
#6577 = LINE('',#6578,#6579);
#6578 = CARTESIAN_POINT('',(104.324451,-96.355642,1.51));
#6579 = VECTOR('',#6580,1.);
#6580 = DIRECTION('',(-1.,0.,0.));
#6581 = ORIENTED_EDGE('',*,*,#6582,.F.);
#6582 = EDGE_CURVE('',#6452,#6575,#6583,.T.);
#6583 = CIRCLE('',#6584,0.500040834725);
#6584 = AXIS2_PLACEMENT_3D('',#6585,#6586,#6587);
#6585 = CARTESIAN_POINT('',(104.32444407362,-95.85560116532,1.51));
#6586 = DIRECTION('',(0.,0.,-1.));
#6587 = DIRECTION('',(0.50449065128,-0.86341715455,0.));
#6588 = FACE_BOUND('',#6589,.T.);
#6589 = EDGE_LOOP('',(#6590));
#6590 = ORIENTED_EDGE('',*,*,#6591,.T.);
#6591 = EDGE_CURVE('',#6592,#6592,#6594,.T.);
#6592 = VERTEX_POINT('',#6593);
#6593 = CARTESIAN_POINT('',(119.98,-105.4,1.51));
#6594 = CIRCLE('',#6595,0.4);
#6595 = AXIS2_PLACEMENT_3D('',#6596,#6597,#6598);
#6596 = CARTESIAN_POINT('',(119.98,-105.,1.51));
#6597 = DIRECTION('',(-0.,0.,-1.));
#6598 = DIRECTION('',(3.5527136788E-14,-1.,-0.));
#6599 = FACE_BOUND('',#6600,.T.);
#6600 = EDGE_LOOP('',(#6601));
#6601 = ORIENTED_EDGE('',*,*,#6602,.T.);
#6602 = EDGE_CURVE('',#6603,#6603,#6605,.T.);
#6603 = VERTEX_POINT('',#6604);
#6604 = CARTESIAN_POINT('',(98.43,-93.53,1.51));
#6605 = CIRCLE('',#6606,0.85);
#6606 = AXIS2_PLACEMENT_3D('',#6607,#6608,#6609);
#6607 = CARTESIAN_POINT('',(98.43,-92.68,1.51));
#6608 = DIRECTION('',(-0.,0.,-1.));
#6609 = DIRECTION('',(-0.,-1.,0.));
#6610 = FACE_BOUND('',#6611,.T.);
#6611 = EDGE_LOOP('',(#6612));
#6612 = ORIENTED_EDGE('',*,*,#6613,.T.);
#6613 = EDGE_CURVE('',#6614,#6614,#6616,.T.);
#6614 = VERTEX_POINT('',#6615);
#6615 = CARTESIAN_POINT('',(103.51,-94.68,1.51));
#6616 = CIRCLE('',#6617,2.);
#6617 = AXIS2_PLACEMENT_3D('',#6618,#6619,#6620);
#6618 = CARTESIAN_POINT('',(103.51,-92.68,1.51));
#6619 = DIRECTION('',(-0.,0.,-1.));
#6620 = DIRECTION('',(-0.,-1.,0.));
#6621 = FACE_BOUND('',#6622,.T.);
#6622 = EDGE_LOOP('',(#6623));
#6623 = ORIENTED_EDGE('',*,*,#6624,.T.);
#6624 = EDGE_CURVE('',#6625,#6625,#6627,.T.);
#6625 = VERTEX_POINT('',#6626);
#6626 = CARTESIAN_POINT('',(108.59,-93.53,1.51));
#6627 = CIRCLE('',#6628,0.85);
#6628 = AXIS2_PLACEMENT_3D('',#6629,#6630,#6631);
#6629 = CARTESIAN_POINT('',(108.59,-92.68,1.51));
#6630 = DIRECTION('',(-0.,0.,-1.));
#6631 = DIRECTION('',(-0.,-1.,0.));
#6632 = FACE_BOUND('',#6633,.T.);
#6633 = EDGE_LOOP('',(#6634));
#6634 = ORIENTED_EDGE('',*,*,#6635,.T.);
#6635 = EDGE_CURVE('',#6636,#6636,#6638,.T.);
#6636 = VERTEX_POINT('',#6637);
#6637 = CARTESIAN_POINT('',(99.7,-90.89,1.51));
#6638 = CIRCLE('',#6639,0.75);
#6639 = AXIS2_PLACEMENT_3D('',#6640,#6641,#6642);
#6640 = CARTESIAN_POINT('',(99.7,-90.14,1.51));
#6641 = DIRECTION('',(-0.,0.,-1.));
#6642 = DIRECTION('',(-0.,-1.,0.));
#6643 = FACE_BOUND('',#6644,.T.);
#6644 = EDGE_LOOP('',(#6645));
#6645 = ORIENTED_EDGE('',*,*,#6646,.T.);
#6646 = EDGE_CURVE('',#6647,#6647,#6649,.T.);
#6647 = VERTEX_POINT('',#6648);
#6648 = CARTESIAN_POINT('',(106.05,-88.35,1.51));
#6649 = CIRCLE('',#6650,0.75);
#6650 = AXIS2_PLACEMENT_3D('',#6651,#6652,#6653);
#6651 = CARTESIAN_POINT('',(106.05,-87.6,1.51));
#6652 = DIRECTION('',(-0.,0.,-1.));
#6653 = DIRECTION('',(-0.,-1.,0.));
#6654 = FACE_BOUND('',#6655,.T.);
#6655 = EDGE_LOOP('',(#6656));
#6656 = ORIENTED_EDGE('',*,*,#6657,.T.);
#6657 = EDGE_CURVE('',#6658,#6658,#6660,.T.);
#6658 = VERTEX_POINT('',#6659);
#6659 = CARTESIAN_POINT('',(118.47,-93.53,1.51));
#6660 = CIRCLE('',#6661,0.85);
#6661 = AXIS2_PLACEMENT_3D('',#6662,#6663,#6664);
#6662 = CARTESIAN_POINT('',(118.47,-92.68,1.51));
#6663 = DIRECTION('',(-0.,0.,-1.));
#6664 = DIRECTION('',(-0.,-1.,0.));
#6665 = FACE_BOUND('',#6666,.T.);
#6666 = EDGE_LOOP('',(#6667));
#6667 = ORIENTED_EDGE('',*,*,#6668,.T.);
#6668 = EDGE_CURVE('',#6669,#6669,#6671,.T.);
#6669 = VERTEX_POINT('',#6670);
#6670 = CARTESIAN_POINT('',(119.74,-90.89,1.51));
#6671 = CIRCLE('',#6672,0.75);
#6672 = AXIS2_PLACEMENT_3D('',#6673,#6674,#6675);
#6673 = CARTESIAN_POINT('',(119.74,-90.14,1.51));
#6674 = DIRECTION('',(-0.,0.,-1.));
#6675 = DIRECTION('',(-0.,-1.,0.));
#6676 = FACE_BOUND('',#6677,.T.);
#6677 = EDGE_LOOP('',(#6678));
#6678 = ORIENTED_EDGE('',*,*,#6679,.T.);
#6679 = EDGE_CURVE('',#6680,#6680,#6682,.T.);
#6680 = VERTEX_POINT('',#6681);
#6681 = CARTESIAN_POINT('',(127.6,-105.4,1.51));
#6682 = CIRCLE('',#6683,0.4);
#6683 = AXIS2_PLACEMENT_3D('',#6684,#6685,#6686);
#6684 = CARTESIAN_POINT('',(127.6,-105.,1.51));
#6685 = DIRECTION('',(-0.,0.,-1.));
#6686 = DIRECTION('',(-0.,-1.,0.));
#6687 = FACE_BOUND('',#6688,.T.);
#6688 = EDGE_LOOP('',(#6689,#6700,#6709,#6717,#6726,#6735,#6744,#6752,
    #6761,#6770,#6779,#6787,#6796,#6805,#6814,#6822));
#6689 = ORIENTED_EDGE('',*,*,#6690,.F.);
#6690 = EDGE_CURVE('',#6691,#6693,#6695,.T.);
#6691 = VERTEX_POINT('',#6692);
#6692 = CARTESIAN_POINT('',(122.543288,-96.187343,1.51));
#6693 = VERTEX_POINT('',#6694);
#6694 = CARTESIAN_POINT('',(121.840515,-96.835922,1.51));
#6695 = CIRCLE('',#6696,0.499999448976);
#6696 = AXIS2_PLACEMENT_3D('',#6697,#6698,#6699);
#6697 = CARTESIAN_POINT('',(122.29102909571,-96.61904300484,1.51));
#6698 = DIRECTION('',(0.,0.,1.));
#6699 = DIRECTION('',(0.504518364574,0.863400961204,-0.));
#6700 = ORIENTED_EDGE('',*,*,#6701,.F.);
#6701 = EDGE_CURVE('',#6702,#6691,#6704,.T.);
#6702 = VERTEX_POINT('',#6703);
#6703 = CARTESIAN_POINT('',(122.795547,-96.255642,1.51));
#6704 = CIRCLE('',#6705,0.500008729226);
#6705 = AXIS2_PLACEMENT_3D('',#6706,#6707,#6708);
#6706 = CARTESIAN_POINT('',(122.79554865685,-95.75563327077,1.51));
#6707 = DIRECTION('',(0.,0.,-1.));
#6708 = DIRECTION('',(-3.313649260187E-06,-0.999999999995,-0.));
#6709 = ORIENTED_EDGE('',*,*,#6710,.F.);
#6710 = EDGE_CURVE('',#6711,#6702,#6713,.T.);
#6711 = VERTEX_POINT('',#6712);
#6712 = CARTESIAN_POINT('',(124.384451,-96.255642,1.51));
#6713 = LINE('',#6714,#6715);
#6714 = CARTESIAN_POINT('',(124.384451,-96.255642,1.51));
#6715 = VECTOR('',#6716,1.);
#6716 = DIRECTION('',(-1.,0.,0.));
#6717 = ORIENTED_EDGE('',*,*,#6718,.F.);
#6718 = EDGE_CURVE('',#6719,#6711,#6721,.T.);
#6719 = VERTEX_POINT('',#6720);
#6720 = CARTESIAN_POINT('',(124.636709,-96.187343,1.51));
#6721 = CIRCLE('',#6722,0.500008729288);
#6722 = AXIS2_PLACEMENT_3D('',#6723,#6724,#6725);
#6723 = CARTESIAN_POINT('',(124.38444834312,-95.75563327071,1.51));
#6724 = DIRECTION('',(0.,0.,-1.));
#6725 = DIRECTION('',(0.504512505685,-0.863404384751,0.));
#6726 = ORIENTED_EDGE('',*,*,#6727,.F.);
#6727 = EDGE_CURVE('',#6728,#6719,#6730,.T.);
#6728 = VERTEX_POINT('',#6729);
#6729 = CARTESIAN_POINT('',(125.339483,-96.835922,1.51));
#6730 = CIRCLE('',#6731,0.500000669307);
#6731 = AXIS2_PLACEMENT_3D('',#6732,#6733,#6734);
#6732 = CARTESIAN_POINT('',(124.88896646449,-96.61904525956,1.51));
#6733 = DIRECTION('',(0.,0.,1.));
#6734 = DIRECTION('',(0.901031864884,-0.433752900236,0.));
#6735 = ORIENTED_EDGE('',*,*,#6736,.F.);
#6736 = EDGE_CURVE('',#6737,#6728,#6739,.T.);
#6737 = VERTEX_POINT('',#6738);
#6738 = CARTESIAN_POINT('',(125.289998,-97.052799,1.51));
#6739 = CIRCLE('',#6740,0.499989884978);
#6740 = AXIS2_PLACEMENT_3D('',#6741,#6742,#6743);
#6741 = CARTESIAN_POINT('',(125.78998788497,-97.05279807911,1.51));
#6742 = DIRECTION('',(0.,0.,-1.));
#6743 = DIRECTION('',(-0.999999999998,-1.841808567778E-06,-0.));
#6744 = ORIENTED_EDGE('',*,*,#6745,.F.);
#6745 = EDGE_CURVE('',#6746,#6737,#6748,.T.);
#6746 = VERTEX_POINT('',#6747);
#6747 = CARTESIAN_POINT('',(125.289998,-98.458484,1.51));
#6748 = LINE('',#6749,#6750);
#6749 = CARTESIAN_POINT('',(125.289998,-98.458484,1.51));
#6750 = VECTOR('',#6751,1.);
#6751 = DIRECTION('',(0.,1.,0.));
#6752 = ORIENTED_EDGE('',*,*,#6753,.F.);
#6753 = EDGE_CURVE('',#6754,#6746,#6756,.T.);
#6754 = VERTEX_POINT('',#6755);
#6755 = CARTESIAN_POINT('',(125.339483,-98.675362,1.51));
#6756 = CIRCLE('',#6757,0.499989885034);
#6757 = AXIS2_PLACEMENT_3D('',#6758,#6759,#6760);
#6758 = CARTESIAN_POINT('',(125.78998788503,-98.45848592086,1.51));
#6759 = DIRECTION('',(0.,0.,-1.));
#6760 = DIRECTION('',(-0.901027997796,-0.43376093322,-0.));
#6761 = ORIENTED_EDGE('',*,*,#6762,.F.);
#6762 = EDGE_CURVE('',#6763,#6754,#6765,.T.);
#6763 = VERTEX_POINT('',#6764);
#6764 = CARTESIAN_POINT('',(124.63671,-99.323941,1.51));
#6765 = CIRCLE('',#6766,0.499999729127);
#6766 = AXIS2_PLACEMENT_3D('',#6767,#6768,#6769);
#6767 = CARTESIAN_POINT('',(124.88896825432,-98.89224029088,1.51));
#6768 = DIRECTION('',(0.,0.,1.));
#6769 = DIRECTION('',(-0.504516781969,-0.863401885979,0.));
#6770 = ORIENTED_EDGE('',*,*,#6771,.F.);
#6771 = EDGE_CURVE('',#6772,#6763,#6774,.T.);
#6772 = VERTEX_POINT('',#6773);
#6773 = CARTESIAN_POINT('',(124.384452,-99.255642,1.51));
#6774 = CIRCLE('',#6775,0.500008729288);
#6775 = AXIS2_PLACEMENT_3D('',#6776,#6777,#6778);
#6776 = CARTESIAN_POINT('',(124.38444934312,-99.75565072928,1.51));
#6777 = DIRECTION('',(0.,0.,-1.));
#6778 = DIRECTION('',(5.313662853193E-06,0.999999999986,0.));
#6779 = ORIENTED_EDGE('',*,*,#6780,.F.);
#6780 = EDGE_CURVE('',#6781,#6772,#6783,.T.);
#6781 = VERTEX_POINT('',#6782);
#6782 = CARTESIAN_POINT('',(122.795546,-99.255641,1.51));
#6783 = LINE('',#6784,#6785);
#6784 = CARTESIAN_POINT('',(122.795546,-99.255641,1.51));
#6785 = VECTOR('',#6786,1.);
#6786 = DIRECTION('',(1.,-6.29363850017E-07,0.));
#6787 = ORIENTED_EDGE('',*,*,#6788,.F.);
#6788 = EDGE_CURVE('',#6789,#6781,#6791,.T.);
#6789 = VERTEX_POINT('',#6790);
#6790 = CARTESIAN_POINT('',(122.543288,-99.32394,1.51));
#6791 = CIRCLE('',#6792,0.500008729288);
#6792 = AXIS2_PLACEMENT_3D('',#6793,#6794,#6795);
#6793 = CARTESIAN_POINT('',(122.79554865687,-99.75564972928,1.51));
#6794 = DIRECTION('',(0.,0.,-1.));
#6795 = DIRECTION('',(-0.504512505685,0.863404384751,0.));
#6796 = ORIENTED_EDGE('',*,*,#6797,.F.);
#6797 = EDGE_CURVE('',#6798,#6789,#6800,.T.);
#6798 = VERTEX_POINT('',#6799);
#6799 = CARTESIAN_POINT('',(121.840515,-98.675362,1.51));
#6800 = CIRCLE('',#6801,0.499999422661);
#6801 = AXIS2_PLACEMENT_3D('',#6802,#6803,#6804);
#6802 = CARTESIAN_POINT('',(122.29102970448,-98.8922396699,1.51));
#6803 = DIRECTION('',(0.,0.,1.));
#6804 = DIRECTION('',(-0.901030449374,0.433755840654,0.));
#6805 = ORIENTED_EDGE('',*,*,#6806,.F.);
#6806 = EDGE_CURVE('',#6807,#6798,#6809,.T.);
#6807 = VERTEX_POINT('',#6808);
#6808 = CARTESIAN_POINT('',(121.89,-98.458485,1.51));
#6809 = CIRCLE('',#6810,0.499989884978);
#6810 = AXIS2_PLACEMENT_3D('',#6811,#6812,#6813);
#6811 = CARTESIAN_POINT('',(121.39001011502,-98.45848592088,1.51));
#6812 = DIRECTION('',(0.,0.,-1.));
#6813 = DIRECTION('',(0.999999999998,1.841808596201E-06,0.));
#6814 = ORIENTED_EDGE('',*,*,#6815,.F.);
#6815 = EDGE_CURVE('',#6816,#6807,#6818,.T.);
#6816 = VERTEX_POINT('',#6817);
#6817 = CARTESIAN_POINT('',(121.89,-97.0528,1.51));
#6818 = LINE('',#6819,#6820);
#6819 = CARTESIAN_POINT('',(121.89,-97.0528,1.51));
#6820 = VECTOR('',#6821,1.);
#6821 = DIRECTION('',(0.,-1.,0.));
#6822 = ORIENTED_EDGE('',*,*,#6823,.F.);
#6823 = EDGE_CURVE('',#6693,#6816,#6824,.T.);
#6824 = CIRCLE('',#6825,0.499989885034);
#6825 = AXIS2_PLACEMENT_3D('',#6826,#6827,#6828);
#6826 = CARTESIAN_POINT('',(121.39001011496,-97.05279807913,1.51));
#6827 = DIRECTION('',(0.,0.,-1.));
#6828 = DIRECTION('',(0.901027997796,0.43376093322,0.));
#6829 = FACE_BOUND('',#6830,.T.);
#6830 = EDGE_LOOP('',(#6831));
#6831 = ORIENTED_EDGE('',*,*,#6832,.T.);
#6832 = EDGE_CURVE('',#6833,#6833,#6835,.T.);
#6833 = VERTEX_POINT('',#6834);
#6834 = CARTESIAN_POINT('',(139.78,-105.4,1.51));
#6835 = CIRCLE('',#6836,0.4);
#6836 = AXIS2_PLACEMENT_3D('',#6837,#6838,#6839);
#6837 = CARTESIAN_POINT('',(139.78,-105.,1.51));
#6838 = DIRECTION('',(-0.,0.,-1.));
#6839 = DIRECTION('',(-0.,-1.,0.));
#6840 = FACE_BOUND('',#6841,.T.);
#6841 = EDGE_LOOP('',(#6842,#6853,#6862,#6870,#6879,#6888,#6897,#6905,
    #6914,#6923,#6932,#6940,#6949,#6958,#6967,#6975));
#6842 = ORIENTED_EDGE('',*,*,#6843,.F.);
#6843 = EDGE_CURVE('',#6844,#6846,#6848,.T.);
#6844 = VERTEX_POINT('',#6845);
#6845 = CARTESIAN_POINT('',(145.339483,-96.783122,1.51));
#6846 = VERTEX_POINT('',#6847);
#6847 = CARTESIAN_POINT('',(144.63671,-96.134545,1.51));
#6848 = CIRCLE('',#6849,0.499999092786);
#6849 = AXIS2_PLACEMENT_3D('',#6850,#6851,#6852);
#6850 = CARTESIAN_POINT('',(144.88896839101,-96.56624489222,1.51));
#6851 = DIRECTION('',(0.,0.,1.));
#6852 = DIRECTION('',(0.901030852831,-0.43375500256,0.));
#6853 = ORIENTED_EDGE('',*,*,#6854,.F.);
#6854 = EDGE_CURVE('',#6855,#6844,#6857,.T.);
#6855 = VERTEX_POINT('',#6856);
#6856 = CARTESIAN_POINT('',(145.289998,-97.,1.51));
#6857 = CIRCLE('',#6858,0.499989885034);
#6858 = AXIS2_PLACEMENT_3D('',#6859,#6860,#6861);
#6859 = CARTESIAN_POINT('',(145.78998788503,-96.99999807913,1.51));
#6860 = DIRECTION('',(0.,0.,-1.));
#6861 = DIRECTION('',(-0.999999999993,-3.841811392097E-06,-0.));
#6862 = ORIENTED_EDGE('',*,*,#6863,.F.);
#6863 = EDGE_CURVE('',#6864,#6855,#6866,.T.);
#6864 = VERTEX_POINT('',#6865);
#6865 = CARTESIAN_POINT('',(145.289998,-98.405684,1.51));
#6866 = LINE('',#6867,#6868);
#6867 = CARTESIAN_POINT('',(145.289998,-98.405684,1.51));
#6868 = VECTOR('',#6869,1.);
#6869 = DIRECTION('',(0.,1.,0.));
#6870 = ORIENTED_EDGE('',*,*,#6871,.F.);
#6871 = EDGE_CURVE('',#6872,#6864,#6874,.T.);
#6872 = VERTEX_POINT('',#6873);
#6873 = CARTESIAN_POINT('',(145.339483,-98.622562,1.51));
#6874 = CIRCLE('',#6875,0.499989885034);
#6875 = AXIS2_PLACEMENT_3D('',#6876,#6877,#6878);
#6876 = CARTESIAN_POINT('',(145.78998788503,-98.40568592086,1.51));
#6877 = DIRECTION('',(0.,0.,-1.));
#6878 = DIRECTION('',(-0.901027997796,-0.43376093322,-0.));
#6879 = ORIENTED_EDGE('',*,*,#6880,.F.);
#6880 = EDGE_CURVE('',#6881,#6872,#6883,.T.);
#6881 = VERTEX_POINT('',#6882);
#6882 = CARTESIAN_POINT('',(144.63671,-99.271141,1.51));
#6883 = CIRCLE('',#6884,0.499999729127);
#6884 = AXIS2_PLACEMENT_3D('',#6885,#6886,#6887);
#6885 = CARTESIAN_POINT('',(144.88896825432,-98.83944029088,1.51));
#6886 = DIRECTION('',(0.,0.,1.));
#6887 = DIRECTION('',(-0.504516781969,-0.863401885979,0.));
#6888 = ORIENTED_EDGE('',*,*,#6889,.F.);
#6889 = EDGE_CURVE('',#6890,#6881,#6892,.T.);
#6890 = VERTEX_POINT('',#6891);
#6891 = CARTESIAN_POINT('',(144.384451,-99.202841,1.51));
#6892 = CIRCLE('',#6893,0.50002311711);
#6893 = AXIS2_PLACEMENT_3D('',#6894,#6895,#6896);
#6894 = CARTESIAN_POINT('',(144.38444373621,-99.70286411705,1.51));
#6895 = DIRECTION('',(0.,0.,-1.));
#6896 = DIRECTION('',(1.45268932324E-05,0.999999999894,0.));
#6897 = ORIENTED_EDGE('',*,*,#6898,.F.);
#6898 = EDGE_CURVE('',#6899,#6890,#6901,.T.);
#6899 = VERTEX_POINT('',#6900);
#6900 = CARTESIAN_POINT('',(142.795546,-99.202841,1.51));
#6901 = LINE('',#6902,#6903);
#6902 = CARTESIAN_POINT('',(142.795546,-99.202841,1.51));
#6903 = VECTOR('',#6904,1.);
#6904 = DIRECTION('',(1.,0.,0.));
#6905 = ORIENTED_EDGE('',*,*,#6906,.F.);
#6906 = EDGE_CURVE('',#6907,#6899,#6909,.T.);
#6907 = VERTEX_POINT('',#6908);
#6908 = CARTESIAN_POINT('',(142.543288,-99.27114,1.51));
#6909 = CIRCLE('',#6910,0.500008729288);
#6910 = AXIS2_PLACEMENT_3D('',#6911,#6912,#6913);
#6911 = CARTESIAN_POINT('',(142.79554865687,-99.70284972928,1.51));
#6912 = DIRECTION('',(0.,0.,-1.));
#6913 = DIRECTION('',(-0.504512505685,0.863404384751,0.));
#6914 = ORIENTED_EDGE('',*,*,#6915,.F.);
#6915 = EDGE_CURVE('',#6916,#6907,#6918,.T.);
#6916 = VERTEX_POINT('',#6917);
#6917 = CARTESIAN_POINT('',(141.840515,-98.622562,1.51));
#6918 = CIRCLE('',#6919,0.499999422661);
#6919 = AXIS2_PLACEMENT_3D('',#6920,#6921,#6922);
#6920 = CARTESIAN_POINT('',(142.29102970448,-98.8394396699,1.51));
#6921 = DIRECTION('',(0.,0.,1.));
#6922 = DIRECTION('',(-0.901030449374,0.433755840654,0.));
#6923 = ORIENTED_EDGE('',*,*,#6924,.F.);
#6924 = EDGE_CURVE('',#6925,#6916,#6927,.T.);
#6925 = VERTEX_POINT('',#6926);
#6926 = CARTESIAN_POINT('',(141.89,-98.405684,1.51));
#6927 = CIRCLE('',#6928,0.499989885034);
#6928 = AXIS2_PLACEMENT_3D('',#6929,#6930,#6931);
#6929 = CARTESIAN_POINT('',(141.39001011497,-98.40568592086,1.51));
#6930 = DIRECTION('',(0.,0.,-1.));
#6931 = DIRECTION('',(0.999999999993,3.84181176159E-06,0.));
#6932 = ORIENTED_EDGE('',*,*,#6933,.F.);
#6933 = EDGE_CURVE('',#6934,#6925,#6936,.T.);
#6934 = VERTEX_POINT('',#6935);
#6935 = CARTESIAN_POINT('',(141.89,-97.,1.51));
#6936 = LINE('',#6937,#6938);
#6937 = CARTESIAN_POINT('',(141.89,-97.,1.51));
#6938 = VECTOR('',#6939,1.);
#6939 = DIRECTION('',(0.,-1.,0.));
#6940 = ORIENTED_EDGE('',*,*,#6941,.F.);
#6941 = EDGE_CURVE('',#6942,#6934,#6944,.T.);
#6942 = VERTEX_POINT('',#6943);
#6943 = CARTESIAN_POINT('',(141.840515,-96.783123,1.51));
#6944 = CIRCLE('',#6945,0.49998122973);
#6945 = AXIS2_PLACEMENT_3D('',#6946,#6947,#6948);
#6946 = CARTESIAN_POINT('',(141.39001877027,-96.99999710423,1.51));
#6947 = DIRECTION('',(0.,0.,-1.));
#6948 = DIRECTION('',(0.901026284456,0.433764492229,0.));
#6949 = ORIENTED_EDGE('',*,*,#6950,.F.);
#6950 = EDGE_CURVE('',#6951,#6942,#6953,.T.);
#6951 = VERTEX_POINT('',#6952);
#6952 = CARTESIAN_POINT('',(142.543288,-96.134543,1.51));
#6953 = CIRCLE('',#6954,0.499999755443);
#6954 = AXIS2_PLACEMENT_3D('',#6955,#6956,#6957);
#6955 = CARTESIAN_POINT('',(142.2910291369,-96.56624338386,1.51));
#6956 = DIRECTION('',(0.,0.,1.));
#6957 = DIRECTION('',(0.504517972959,0.863401190039,-0.));
#6958 = ORIENTED_EDGE('',*,*,#6959,.F.);
#6959 = EDGE_CURVE('',#6960,#6951,#6962,.T.);
#6960 = VERTEX_POINT('',#6961);
#6961 = CARTESIAN_POINT('',(142.795547,-96.202842,1.51));
#6962 = CIRCLE('',#6963,0.500008729226);
#6963 = AXIS2_PLACEMENT_3D('',#6964,#6965,#6966);
#6964 = CARTESIAN_POINT('',(142.79554865685,-95.70283327077,1.51));
#6965 = DIRECTION('',(0.,0.,-1.));
#6966 = DIRECTION('',(-3.313649430713E-06,-0.999999999995,-0.));
#6967 = ORIENTED_EDGE('',*,*,#6968,.F.);
#6968 = EDGE_CURVE('',#6969,#6960,#6971,.T.);
#6969 = VERTEX_POINT('',#6970);
#6970 = CARTESIAN_POINT('',(144.384451,-96.202842,1.51));
#6971 = LINE('',#6972,#6973);
#6972 = CARTESIAN_POINT('',(144.384451,-96.202842,1.51));
#6973 = VECTOR('',#6974,1.);
#6974 = DIRECTION('',(-1.,0.,0.));
#6975 = ORIENTED_EDGE('',*,*,#6976,.F.);
#6976 = EDGE_CURVE('',#6846,#6969,#6977,.T.);
#6977 = CIRCLE('',#6978,0.500040834725);
#6978 = AXIS2_PLACEMENT_3D('',#6979,#6980,#6981);
#6979 = CARTESIAN_POINT('',(144.38444407362,-95.70280116532,1.51));
#6980 = DIRECTION('',(0.,0.,-1.));
#6981 = DIRECTION('',(0.50449065128,-0.86341715455,0.));
#6982 = FACE_BOUND('',#6983,.T.);
#6983 = EDGE_LOOP('',(#6984));
#6984 = ORIENTED_EDGE('',*,*,#6985,.T.);
#6985 = EDGE_CURVE('',#6986,#6986,#6988,.T.);
#6986 = VERTEX_POINT('',#6987);
#6987 = CARTESIAN_POINT('',(123.55,-94.68,1.51));
#6988 = CIRCLE('',#6989,2.);
#6989 = AXIS2_PLACEMENT_3D('',#6990,#6991,#6992);
#6990 = CARTESIAN_POINT('',(123.55,-92.68,1.51));
#6991 = DIRECTION('',(-0.,0.,-1.));
#6992 = DIRECTION('',(-0.,-1.,0.));
#6993 = FACE_BOUND('',#6994,.T.);
#6994 = EDGE_LOOP('',(#6995));
#6995 = ORIENTED_EDGE('',*,*,#6996,.T.);
#6996 = EDGE_CURVE('',#6997,#6997,#6999,.T.);
#6997 = VERTEX_POINT('',#6998);
#6998 = CARTESIAN_POINT('',(128.63,-93.53,1.51));
#6999 = CIRCLE('',#7000,0.85);
#7000 = AXIS2_PLACEMENT_3D('',#7001,#7002,#7003);
#7001 = CARTESIAN_POINT('',(128.63,-92.68,1.51));
#7002 = DIRECTION('',(-0.,0.,-1.));
#7003 = DIRECTION('',(-0.,-1.,0.));
#7004 = FACE_BOUND('',#7005,.T.);
#7005 = EDGE_LOOP('',(#7006));
#7006 = ORIENTED_EDGE('',*,*,#7007,.T.);
#7007 = EDGE_CURVE('',#7008,#7008,#7010,.T.);
#7008 = VERTEX_POINT('',#7009);
#7009 = CARTESIAN_POINT('',(126.09,-88.35,1.51));
#7010 = CIRCLE('',#7011,0.75);
#7011 = AXIS2_PLACEMENT_3D('',#7012,#7013,#7014);
#7012 = CARTESIAN_POINT('',(126.09,-87.6,1.51));
#7013 = DIRECTION('',(-0.,0.,-1.));
#7014 = DIRECTION('',(-0.,-1.,0.));
#7015 = FACE_BOUND('',#7016,.T.);
#7016 = EDGE_LOOP('',(#7017));
#7017 = ORIENTED_EDGE('',*,*,#7018,.T.);
#7018 = EDGE_CURVE('',#7019,#7019,#7021,.T.);
#7019 = VERTEX_POINT('',#7020);
#7020 = CARTESIAN_POINT('',(138.47,-93.53,1.51));
#7021 = CIRCLE('',#7022,0.85);
#7022 = AXIS2_PLACEMENT_3D('',#7023,#7024,#7025);
#7023 = CARTESIAN_POINT('',(138.47,-92.68,1.51));
#7024 = DIRECTION('',(-0.,0.,-1.));
#7025 = DIRECTION('',(-0.,-1.,0.));
#7026 = FACE_BOUND('',#7027,.T.);
#7027 = EDGE_LOOP('',(#7028));
#7028 = ORIENTED_EDGE('',*,*,#7029,.T.);
#7029 = EDGE_CURVE('',#7030,#7030,#7032,.T.);
#7030 = VERTEX_POINT('',#7031);
#7031 = CARTESIAN_POINT('',(143.55,-94.68,1.51));
#7032 = CIRCLE('',#7033,2.);
#7033 = AXIS2_PLACEMENT_3D('',#7034,#7035,#7036);
#7034 = CARTESIAN_POINT('',(143.55,-92.68,1.51));
#7035 = DIRECTION('',(-0.,0.,-1.));
#7036 = DIRECTION('',(-0.,-1.,0.));
#7037 = FACE_BOUND('',#7038,.T.);
#7038 = EDGE_LOOP('',(#7039));
#7039 = ORIENTED_EDGE('',*,*,#7040,.T.);
#7040 = EDGE_CURVE('',#7041,#7041,#7043,.T.);
#7041 = VERTEX_POINT('',#7042);
#7042 = CARTESIAN_POINT('',(139.74,-90.89,1.51));
#7043 = CIRCLE('',#7044,0.75);
#7044 = AXIS2_PLACEMENT_3D('',#7045,#7046,#7047);
#7045 = CARTESIAN_POINT('',(139.74,-90.14,1.51));
#7046 = DIRECTION('',(-0.,0.,-1.));
#7047 = DIRECTION('',(-0.,-1.,0.));
#7048 = FACE_BOUND('',#7049,.T.);
#7049 = EDGE_LOOP('',(#7050));
#7050 = ORIENTED_EDGE('',*,*,#7051,.T.);
#7051 = EDGE_CURVE('',#7052,#7052,#7054,.T.);
#7052 = VERTEX_POINT('',#7053);
#7053 = CARTESIAN_POINT('',(99.37,-81.,1.51));
#7054 = CIRCLE('',#7055,0.4);
#7055 = AXIS2_PLACEMENT_3D('',#7056,#7057,#7058);
#7056 = CARTESIAN_POINT('',(99.37,-80.6,1.51));
#7057 = DIRECTION('',(-0.,0.,-1.));
#7058 = DIRECTION('',(-0.,-1.,0.));
#7059 = FACE_BOUND('',#7060,.T.);
#7060 = EDGE_LOOP('',(#7061));
#7061 = ORIENTED_EDGE('',*,*,#7062,.T.);
#7062 = EDGE_CURVE('',#7063,#7063,#7065,.T.);
#7063 = VERTEX_POINT('',#7064);
#7064 = CARTESIAN_POINT('',(106.99,-81.,1.51));
#7065 = CIRCLE('',#7066,0.4);
#7066 = AXIS2_PLACEMENT_3D('',#7067,#7068,#7069);
#7067 = CARTESIAN_POINT('',(106.99,-80.6,1.51));
#7068 = DIRECTION('',(-0.,0.,-1.));
#7069 = DIRECTION('',(-3.552713678801E-14,-1.,0.));
#7070 = FACE_BOUND('',#7071,.T.);
#7071 = EDGE_LOOP('',(#7072));
#7072 = ORIENTED_EDGE('',*,*,#7073,.T.);
#7073 = EDGE_CURVE('',#7074,#7074,#7076,.T.);
#7074 = VERTEX_POINT('',#7075);
#7075 = CARTESIAN_POINT('',(119.98,-81.,1.51));
#7076 = CIRCLE('',#7077,0.4);
#7077 = AXIS2_PLACEMENT_3D('',#7078,#7079,#7080);
#7078 = CARTESIAN_POINT('',(119.98,-80.6,1.51));
#7079 = DIRECTION('',(-0.,0.,-1.));
#7080 = DIRECTION('',(3.5527136788E-14,-1.,-0.));
#7081 = FACE_BOUND('',#7082,.T.);
#7082 = EDGE_LOOP('',(#7083));
#7083 = ORIENTED_EDGE('',*,*,#7084,.T.);
#7084 = EDGE_CURVE('',#7085,#7085,#7087,.T.);
#7085 = VERTEX_POINT('',#7086);
#7086 = CARTESIAN_POINT('',(98.31,-69.2,1.51));
#7087 = CIRCLE('',#7088,0.85);
#7088 = AXIS2_PLACEMENT_3D('',#7089,#7090,#7091);
#7089 = CARTESIAN_POINT('',(98.31,-68.35,1.51));
#7090 = DIRECTION('',(-0.,0.,-1.));
#7091 = DIRECTION('',(-0.,-1.,0.));
#7092 = FACE_BOUND('',#7093,.T.);
#7093 = EDGE_LOOP('',(#7094,#7105,#7114,#7122,#7131,#7140,#7149,#7157,
    #7166,#7175,#7184,#7192,#7201,#7210,#7219,#7227));
#7094 = ORIENTED_EDGE('',*,*,#7095,.F.);
#7095 = EDGE_CURVE('',#7096,#7098,#7100,.T.);
#7096 = VERTEX_POINT('',#7097);
#7097 = CARTESIAN_POINT('',(102.383288,-71.804543,1.51));
#7098 = VERTEX_POINT('',#7099);
#7099 = CARTESIAN_POINT('',(101.680515,-72.453122,1.51));
#7100 = CIRCLE('',#7101,0.499999448976);
#7101 = AXIS2_PLACEMENT_3D('',#7102,#7103,#7104);
#7102 = CARTESIAN_POINT('',(102.13102909571,-72.23624300484,1.51));
#7103 = DIRECTION('',(0.,0.,1.));
#7104 = DIRECTION('',(0.504518364574,0.863400961204,-0.));
#7105 = ORIENTED_EDGE('',*,*,#7106,.F.);
#7106 = EDGE_CURVE('',#7107,#7096,#7109,.T.);
#7107 = VERTEX_POINT('',#7108);
#7108 = CARTESIAN_POINT('',(102.635547,-71.872842,1.51));
#7109 = CIRCLE('',#7110,0.500008729226);
#7110 = AXIS2_PLACEMENT_3D('',#7111,#7112,#7113);
#7111 = CARTESIAN_POINT('',(102.63554865685,-71.37283327077,1.51));
#7112 = DIRECTION('',(0.,0.,-1.));
#7113 = DIRECTION('',(-3.313649430713E-06,-0.999999999995,-0.));
#7114 = ORIENTED_EDGE('',*,*,#7115,.F.);
#7115 = EDGE_CURVE('',#7116,#7107,#7118,.T.);
#7116 = VERTEX_POINT('',#7117);
#7117 = CARTESIAN_POINT('',(104.224451,-71.872842,1.51));
#7118 = LINE('',#7119,#7120);
#7119 = CARTESIAN_POINT('',(104.224451,-71.872842,1.51));
#7120 = VECTOR('',#7121,1.);
#7121 = DIRECTION('',(-1.,0.,0.));
#7122 = ORIENTED_EDGE('',*,*,#7123,.F.);
#7123 = EDGE_CURVE('',#7124,#7116,#7126,.T.);
#7124 = VERTEX_POINT('',#7125);
#7125 = CARTESIAN_POINT('',(104.476709,-71.804543,1.51));
#7126 = CIRCLE('',#7127,0.500008729288);
#7127 = AXIS2_PLACEMENT_3D('',#7128,#7129,#7130);
#7128 = CARTESIAN_POINT('',(104.22444834312,-71.37283327071,1.51));
#7129 = DIRECTION('',(0.,0.,-1.));
#7130 = DIRECTION('',(0.504512505685,-0.863404384751,0.));
#7131 = ORIENTED_EDGE('',*,*,#7132,.F.);
#7132 = EDGE_CURVE('',#7133,#7124,#7135,.T.);
#7133 = VERTEX_POINT('',#7134);
#7134 = CARTESIAN_POINT('',(105.179483,-72.453122,1.51));
#7135 = CIRCLE('',#7136,0.500000669307);
#7136 = AXIS2_PLACEMENT_3D('',#7137,#7138,#7139);
#7137 = CARTESIAN_POINT('',(104.72896646449,-72.23624525956,1.51));
#7138 = DIRECTION('',(0.,0.,1.));
#7139 = DIRECTION('',(0.901031864884,-0.433752900236,0.));
#7140 = ORIENTED_EDGE('',*,*,#7141,.F.);
#7141 = EDGE_CURVE('',#7142,#7133,#7144,.T.);
#7142 = VERTEX_POINT('',#7143);
#7143 = CARTESIAN_POINT('',(105.129998,-72.669999,1.51));
#7144 = CIRCLE('',#7145,0.499989884978);
#7145 = AXIS2_PLACEMENT_3D('',#7146,#7147,#7148);
#7146 = CARTESIAN_POINT('',(105.62998788497,-72.66999807911,1.51));
#7147 = DIRECTION('',(0.,0.,-1.));
#7148 = DIRECTION('',(-0.999999999998,-1.841808624623E-06,-0.));
#7149 = ORIENTED_EDGE('',*,*,#7150,.F.);
#7150 = EDGE_CURVE('',#7151,#7142,#7153,.T.);
#7151 = VERTEX_POINT('',#7152);
#7152 = CARTESIAN_POINT('',(105.129998,-74.075684,1.51));
#7153 = LINE('',#7154,#7155);
#7154 = CARTESIAN_POINT('',(105.129998,-74.075684,1.51));
#7155 = VECTOR('',#7156,1.);
#7156 = DIRECTION('',(0.,1.,0.));
#7157 = ORIENTED_EDGE('',*,*,#7158,.F.);
#7158 = EDGE_CURVE('',#7159,#7151,#7161,.T.);
#7159 = VERTEX_POINT('',#7160);
#7160 = CARTESIAN_POINT('',(105.179483,-74.292562,1.51));
#7161 = CIRCLE('',#7162,0.499989885034);
#7162 = AXIS2_PLACEMENT_3D('',#7163,#7164,#7165);
#7163 = CARTESIAN_POINT('',(105.62998788503,-74.07568592086,1.51));
#7164 = DIRECTION('',(0.,0.,-1.));
#7165 = DIRECTION('',(-0.901027997796,-0.43376093322,-0.));
#7166 = ORIENTED_EDGE('',*,*,#7167,.F.);
#7167 = EDGE_CURVE('',#7168,#7159,#7170,.T.);
#7168 = VERTEX_POINT('',#7169);
#7169 = CARTESIAN_POINT('',(104.47671,-74.941141,1.51));
#7170 = CIRCLE('',#7171,0.499999729127);
#7171 = AXIS2_PLACEMENT_3D('',#7172,#7173,#7174);
#7172 = CARTESIAN_POINT('',(104.72896825432,-74.50944029088,1.51));
#7173 = DIRECTION('',(0.,0.,1.));
#7174 = DIRECTION('',(-0.504516781969,-0.863401885979,0.));
#7175 = ORIENTED_EDGE('',*,*,#7176,.F.);
#7176 = EDGE_CURVE('',#7177,#7168,#7179,.T.);
#7177 = VERTEX_POINT('',#7178);
#7178 = CARTESIAN_POINT('',(104.224452,-74.872842,1.51));
#7179 = CIRCLE('',#7180,0.500008729288);
#7180 = AXIS2_PLACEMENT_3D('',#7181,#7182,#7183);
#7181 = CARTESIAN_POINT('',(104.22444934312,-75.37285072928,1.51));
#7182 = DIRECTION('',(0.,0.,-1.));
#7183 = DIRECTION('',(5.31366276793E-06,0.999999999986,0.));
#7184 = ORIENTED_EDGE('',*,*,#7185,.F.);
#7185 = EDGE_CURVE('',#7186,#7177,#7188,.T.);
#7186 = VERTEX_POINT('',#7187);
#7187 = CARTESIAN_POINT('',(102.635546,-74.872841,1.51));
#7188 = LINE('',#7189,#7190);
#7189 = CARTESIAN_POINT('',(102.635546,-74.872841,1.51));
#7190 = VECTOR('',#7191,1.);
#7191 = DIRECTION('',(1.,-6.293638589608E-07,0.));
#7192 = ORIENTED_EDGE('',*,*,#7193,.F.);
#7193 = EDGE_CURVE('',#7194,#7186,#7196,.T.);
#7194 = VERTEX_POINT('',#7195);
#7195 = CARTESIAN_POINT('',(102.383288,-74.94114,1.51));
#7196 = CIRCLE('',#7197,0.500008729288);
#7197 = AXIS2_PLACEMENT_3D('',#7198,#7199,#7200);
#7198 = CARTESIAN_POINT('',(102.63554865687,-75.37284972928,1.51));
#7199 = DIRECTION('',(0.,0.,-1.));
#7200 = DIRECTION('',(-0.504512505685,0.863404384751,0.));
#7201 = ORIENTED_EDGE('',*,*,#7202,.F.);
#7202 = EDGE_CURVE('',#7203,#7194,#7205,.T.);
#7203 = VERTEX_POINT('',#7204);
#7204 = CARTESIAN_POINT('',(101.680515,-74.292562,1.51));
#7205 = CIRCLE('',#7206,0.499999422661);
#7206 = AXIS2_PLACEMENT_3D('',#7207,#7208,#7209);
#7207 = CARTESIAN_POINT('',(102.13102970448,-74.5094396699,1.51));
#7208 = DIRECTION('',(0.,0.,1.));
#7209 = DIRECTION('',(-0.901030449374,0.433755840654,0.));
#7210 = ORIENTED_EDGE('',*,*,#7211,.F.);
#7211 = EDGE_CURVE('',#7212,#7203,#7214,.T.);
#7212 = VERTEX_POINT('',#7213);
#7213 = CARTESIAN_POINT('',(101.73,-74.075684,1.51));
#7214 = CIRCLE('',#7215,0.499989885034);
#7215 = AXIS2_PLACEMENT_3D('',#7216,#7217,#7218);
#7216 = CARTESIAN_POINT('',(101.23001011496,-74.07568592086,1.51));
#7217 = DIRECTION('',(0.,0.,-1.));
#7218 = DIRECTION('',(0.999999999993,3.841811363674E-06,0.));
#7219 = ORIENTED_EDGE('',*,*,#7220,.F.);
#7220 = EDGE_CURVE('',#7221,#7212,#7223,.T.);
#7221 = VERTEX_POINT('',#7222);
#7222 = CARTESIAN_POINT('',(101.73,-72.67,1.51));
#7223 = LINE('',#7224,#7225);
#7224 = CARTESIAN_POINT('',(101.73,-72.67,1.51));
#7225 = VECTOR('',#7226,1.);
#7226 = DIRECTION('',(0.,-1.,0.));
#7227 = ORIENTED_EDGE('',*,*,#7228,.F.);
#7228 = EDGE_CURVE('',#7098,#7221,#7229,.T.);
#7229 = CIRCLE('',#7230,0.499989885034);
#7230 = AXIS2_PLACEMENT_3D('',#7231,#7232,#7233);
#7231 = CARTESIAN_POINT('',(101.23001011496,-72.66999807913,1.51));
#7232 = DIRECTION('',(0.,0.,-1.));
#7233 = DIRECTION('',(0.901027997796,0.43376093322,0.));
#7234 = FACE_BOUND('',#7235,.T.);
#7235 = EDGE_LOOP('',(#7236));
#7236 = ORIENTED_EDGE('',*,*,#7237,.T.);
#7237 = EDGE_CURVE('',#7238,#7238,#7240,.T.);
#7238 = VERTEX_POINT('',#7239);
#7239 = CARTESIAN_POINT('',(103.39,-70.35,1.51));
#7240 = CIRCLE('',#7241,2.);
#7241 = AXIS2_PLACEMENT_3D('',#7242,#7243,#7244);
#7242 = CARTESIAN_POINT('',(103.39,-68.35,1.51));
#7243 = DIRECTION('',(-0.,0.,-1.));
#7244 = DIRECTION('',(-0.,-1.,0.));
#7245 = FACE_BOUND('',#7246,.T.);
#7246 = EDGE_LOOP('',(#7247));
#7247 = ORIENTED_EDGE('',*,*,#7248,.T.);
#7248 = EDGE_CURVE('',#7249,#7249,#7251,.T.);
#7249 = VERTEX_POINT('',#7250);
#7250 = CARTESIAN_POINT('',(108.47,-69.2,1.51));
#7251 = CIRCLE('',#7252,0.85);
#7252 = AXIS2_PLACEMENT_3D('',#7253,#7254,#7255);
#7253 = CARTESIAN_POINT('',(108.47,-68.35,1.51));
#7254 = DIRECTION('',(-0.,0.,-1.));
#7255 = DIRECTION('',(-0.,-1.,0.));
#7256 = FACE_BOUND('',#7257,.T.);
#7257 = EDGE_LOOP('',(#7258));
#7258 = ORIENTED_EDGE('',*,*,#7259,.T.);
#7259 = EDGE_CURVE('',#7260,#7260,#7262,.T.);
#7260 = VERTEX_POINT('',#7261);
#7261 = CARTESIAN_POINT('',(99.58,-66.56,1.51));
#7262 = CIRCLE('',#7263,0.75);
#7263 = AXIS2_PLACEMENT_3D('',#7264,#7265,#7266);
#7264 = CARTESIAN_POINT('',(99.58,-65.81,1.51));
#7265 = DIRECTION('',(-0.,0.,-1.));
#7266 = DIRECTION('',(-0.,-1.,0.));
#7267 = FACE_BOUND('',#7268,.T.);
#7268 = EDGE_LOOP('',(#7269));
#7269 = ORIENTED_EDGE('',*,*,#7270,.T.);
#7270 = EDGE_CURVE('',#7271,#7271,#7273,.T.);
#7271 = VERTEX_POINT('',#7272);
#7272 = CARTESIAN_POINT('',(105.93,-64.02,1.51));
#7273 = CIRCLE('',#7274,0.75);
#7274 = AXIS2_PLACEMENT_3D('',#7275,#7276,#7277);
#7275 = CARTESIAN_POINT('',(105.93,-63.27,1.51));
#7276 = DIRECTION('',(-0.,0.,-1.));
#7277 = DIRECTION('',(-0.,-1.,0.));
#7278 = FACE_BOUND('',#7279,.T.);
#7279 = EDGE_LOOP('',(#7280));
#7280 = ORIENTED_EDGE('',*,*,#7281,.T.);
#7281 = EDGE_CURVE('',#7282,#7282,#7284,.T.);
#7282 = VERTEX_POINT('',#7283);
#7283 = CARTESIAN_POINT('',(118.47,-69.2,1.51));
#7284 = CIRCLE('',#7285,0.85);
#7285 = AXIS2_PLACEMENT_3D('',#7286,#7287,#7288);
#7286 = CARTESIAN_POINT('',(118.47,-68.35,1.51));
#7287 = DIRECTION('',(-0.,0.,-1.));
#7288 = DIRECTION('',(-0.,-1.,0.));
#7289 = FACE_BOUND('',#7290,.T.);
#7290 = EDGE_LOOP('',(#7291));
#7291 = ORIENTED_EDGE('',*,*,#7292,.T.);
#7292 = EDGE_CURVE('',#7293,#7293,#7295,.T.);
#7293 = VERTEX_POINT('',#7294);
#7294 = CARTESIAN_POINT('',(119.74,-66.56,1.51));
#7295 = CIRCLE('',#7296,0.75);
#7296 = AXIS2_PLACEMENT_3D('',#7297,#7298,#7299);
#7297 = CARTESIAN_POINT('',(119.74,-65.81,1.51));
#7298 = DIRECTION('',(-0.,0.,-1.));
#7299 = DIRECTION('',(-0.,-1.,0.));
#7300 = FACE_BOUND('',#7301,.T.);
#7301 = EDGE_LOOP('',(#7302));
#7302 = ORIENTED_EDGE('',*,*,#7303,.T.);
#7303 = EDGE_CURVE('',#7304,#7304,#7306,.T.);
#7304 = VERTEX_POINT('',#7305);
#7305 = CARTESIAN_POINT('',(127.6,-81.,1.51));
#7306 = CIRCLE('',#7307,0.4);
#7307 = AXIS2_PLACEMENT_3D('',#7308,#7309,#7310);
#7308 = CARTESIAN_POINT('',(127.6,-80.6,1.51));
#7309 = DIRECTION('',(-0.,0.,-1.));
#7310 = DIRECTION('',(-0.,-1.,0.));
#7311 = FACE_BOUND('',#7312,.T.);
#7312 = EDGE_LOOP('',(#7313));
#7313 = ORIENTED_EDGE('',*,*,#7314,.T.);
#7314 = EDGE_CURVE('',#7315,#7315,#7317,.T.);
#7315 = VERTEX_POINT('',#7316);
#7316 = CARTESIAN_POINT('',(139.78,-80.8,1.51));
#7317 = CIRCLE('',#7318,0.4);
#7318 = AXIS2_PLACEMENT_3D('',#7319,#7320,#7321);
#7319 = CARTESIAN_POINT('',(139.78,-80.4,1.51));
#7320 = DIRECTION('',(-0.,0.,-1.));
#7321 = DIRECTION('',(-0.,-1.,0.));
#7322 = FACE_BOUND('',#7323,.T.);
#7323 = EDGE_LOOP('',(#7324,#7335,#7344,#7352,#7361,#7370,#7379,#7387,
    #7396,#7405,#7414,#7422,#7431,#7440,#7449,#7457));
#7324 = ORIENTED_EDGE('',*,*,#7325,.F.);
#7325 = EDGE_CURVE('',#7326,#7328,#7330,.T.);
#7326 = VERTEX_POINT('',#7327);
#7327 = CARTESIAN_POINT('',(122.343288,-71.934543,1.51));
#7328 = VERTEX_POINT('',#7329);
#7329 = CARTESIAN_POINT('',(121.640515,-72.583123,1.51));
#7330 = CIRCLE('',#7331,0.499999755443);
#7331 = AXIS2_PLACEMENT_3D('',#7332,#7333,#7334);
#7332 = CARTESIAN_POINT('',(122.0910291369,-72.36624338386,1.51));
#7333 = DIRECTION('',(0.,0.,1.));
#7334 = DIRECTION('',(0.50451797296,0.863401190039,-0.));
#7335 = ORIENTED_EDGE('',*,*,#7336,.F.);
#7336 = EDGE_CURVE('',#7337,#7326,#7339,.T.);
#7337 = VERTEX_POINT('',#7338);
#7338 = CARTESIAN_POINT('',(122.595547,-72.002842,1.51));
#7339 = CIRCLE('',#7340,0.500008729226);
#7340 = AXIS2_PLACEMENT_3D('',#7341,#7342,#7343);
#7341 = CARTESIAN_POINT('',(122.59554865685,-71.50283327077,1.51));
#7342 = DIRECTION('',(0.,0.,-1.));
#7343 = DIRECTION('',(-3.313649317029E-06,-0.999999999995,-0.));
#7344 = ORIENTED_EDGE('',*,*,#7345,.F.);
#7345 = EDGE_CURVE('',#7346,#7337,#7348,.T.);
#7346 = VERTEX_POINT('',#7347);
#7347 = CARTESIAN_POINT('',(124.184451,-72.002842,1.51));
#7348 = LINE('',#7349,#7350);
#7349 = CARTESIAN_POINT('',(124.184451,-72.002842,1.51));
#7350 = VECTOR('',#7351,1.);
#7351 = DIRECTION('',(-1.,0.,0.));
#7352 = ORIENTED_EDGE('',*,*,#7353,.F.);
#7353 = EDGE_CURVE('',#7354,#7346,#7356,.T.);
#7354 = VERTEX_POINT('',#7355);
#7355 = CARTESIAN_POINT('',(124.436709,-71.934543,1.51));
#7356 = CIRCLE('',#7357,0.500008729288);
#7357 = AXIS2_PLACEMENT_3D('',#7358,#7359,#7360);
#7358 = CARTESIAN_POINT('',(124.18444834312,-71.50283327071,1.51));
#7359 = DIRECTION('',(0.,0.,-1.));
#7360 = DIRECTION('',(0.504512505685,-0.863404384751,0.));
#7361 = ORIENTED_EDGE('',*,*,#7362,.F.);
#7362 = EDGE_CURVE('',#7363,#7354,#7365,.T.);
#7363 = VERTEX_POINT('',#7364);
#7364 = CARTESIAN_POINT('',(125.139483,-72.583122,1.51));
#7365 = CIRCLE('',#7366,0.500000669307);
#7366 = AXIS2_PLACEMENT_3D('',#7367,#7368,#7369);
#7367 = CARTESIAN_POINT('',(124.68896646449,-72.36624525956,1.51));
#7368 = DIRECTION('',(0.,0.,1.));
#7369 = DIRECTION('',(0.901031864884,-0.433752900236,0.));
#7370 = ORIENTED_EDGE('',*,*,#7371,.F.);
#7371 = EDGE_CURVE('',#7372,#7363,#7374,.T.);
#7372 = VERTEX_POINT('',#7373);
#7373 = CARTESIAN_POINT('',(125.089998,-72.799999,1.51));
#7374 = CIRCLE('',#7375,0.499989884978);
#7375 = AXIS2_PLACEMENT_3D('',#7376,#7377,#7378);
#7376 = CARTESIAN_POINT('',(125.58998788497,-72.79999807911,1.51));
#7377 = DIRECTION('',(0.,0.,-1.));
#7378 = DIRECTION('',(-0.999999999998,-1.841808653046E-06,-0.));
#7379 = ORIENTED_EDGE('',*,*,#7380,.F.);
#7380 = EDGE_CURVE('',#7381,#7372,#7383,.T.);
#7381 = VERTEX_POINT('',#7382);
#7382 = CARTESIAN_POINT('',(125.089998,-74.205684,1.51));
#7383 = LINE('',#7384,#7385);
#7384 = CARTESIAN_POINT('',(125.089998,-74.205684,1.51));
#7385 = VECTOR('',#7386,1.);
#7386 = DIRECTION('',(0.,1.,0.));
#7387 = ORIENTED_EDGE('',*,*,#7388,.F.);
#7388 = EDGE_CURVE('',#7389,#7381,#7391,.T.);
#7389 = VERTEX_POINT('',#7390);
#7390 = CARTESIAN_POINT('',(125.139483,-74.422562,1.51));
#7391 = CIRCLE('',#7392,0.499989885034);
#7392 = AXIS2_PLACEMENT_3D('',#7393,#7394,#7395);
#7393 = CARTESIAN_POINT('',(125.58998788503,-74.20568592086,1.51));
#7394 = DIRECTION('',(0.,0.,-1.));
#7395 = DIRECTION('',(-0.901027997796,-0.43376093322,-0.));
#7396 = ORIENTED_EDGE('',*,*,#7397,.F.);
#7397 = EDGE_CURVE('',#7398,#7389,#7400,.T.);
#7398 = VERTEX_POINT('',#7399);
#7399 = CARTESIAN_POINT('',(124.43671,-75.071141,1.51));
#7400 = CIRCLE('',#7401,0.499999729127);
#7401 = AXIS2_PLACEMENT_3D('',#7402,#7403,#7404);
#7402 = CARTESIAN_POINT('',(124.68896825432,-74.63944029088,1.51));
#7403 = DIRECTION('',(0.,0.,1.));
#7404 = DIRECTION('',(-0.504516781969,-0.863401885979,0.));
#7405 = ORIENTED_EDGE('',*,*,#7406,.F.);
#7406 = EDGE_CURVE('',#7407,#7398,#7409,.T.);
#7407 = VERTEX_POINT('',#7408);
#7408 = CARTESIAN_POINT('',(124.184452,-75.002842,1.51));
#7409 = CIRCLE('',#7410,0.500008729288);
#7410 = AXIS2_PLACEMENT_3D('',#7411,#7412,#7413);
#7411 = CARTESIAN_POINT('',(124.18444934312,-75.50285072928,1.51));
#7412 = DIRECTION('',(0.,0.,-1.));
#7413 = DIRECTION('',(5.313662739509E-06,0.999999999986,0.));
#7414 = ORIENTED_EDGE('',*,*,#7415,.F.);
#7415 = EDGE_CURVE('',#7416,#7407,#7418,.T.);
#7416 = VERTEX_POINT('',#7417);
#7417 = CARTESIAN_POINT('',(122.595546,-75.002841,1.51));
#7418 = LINE('',#7419,#7420);
#7419 = CARTESIAN_POINT('',(122.595546,-75.002841,1.51));
#7420 = VECTOR('',#7421,1.);
#7421 = DIRECTION('',(1.,-6.29363850017E-07,0.));
#7422 = ORIENTED_EDGE('',*,*,#7423,.F.);
#7423 = EDGE_CURVE('',#7424,#7416,#7426,.T.);
#7424 = VERTEX_POINT('',#7425);
#7425 = CARTESIAN_POINT('',(122.343288,-75.07114,1.51));
#7426 = CIRCLE('',#7427,0.500008729288);
#7427 = AXIS2_PLACEMENT_3D('',#7428,#7429,#7430);
#7428 = CARTESIAN_POINT('',(122.59554865687,-75.50284972928,1.51));
#7429 = DIRECTION('',(0.,0.,-1.));
#7430 = DIRECTION('',(-0.504512505685,0.863404384751,0.));
#7431 = ORIENTED_EDGE('',*,*,#7432,.F.);
#7432 = EDGE_CURVE('',#7433,#7424,#7435,.T.);
#7433 = VERTEX_POINT('',#7434);
#7434 = CARTESIAN_POINT('',(121.640515,-74.422562,1.51));
#7435 = CIRCLE('',#7436,0.499999422661);
#7436 = AXIS2_PLACEMENT_3D('',#7437,#7438,#7439);
#7437 = CARTESIAN_POINT('',(122.09102970448,-74.6394396699,1.51));
#7438 = DIRECTION('',(0.,0.,1.));
#7439 = DIRECTION('',(-0.901030449374,0.433755840654,0.));
#7440 = ORIENTED_EDGE('',*,*,#7441,.F.);
#7441 = EDGE_CURVE('',#7442,#7433,#7444,.T.);
#7442 = VERTEX_POINT('',#7443);
#7443 = CARTESIAN_POINT('',(121.69,-74.205685,1.51));
#7444 = CIRCLE('',#7445,0.499989884978);
#7445 = AXIS2_PLACEMENT_3D('',#7446,#7447,#7448);
#7446 = CARTESIAN_POINT('',(121.19001011502,-74.20568592088,1.51));
#7447 = DIRECTION('',(0.,0.,-1.));
#7448 = DIRECTION('',(0.999999999998,1.841808596201E-06,0.));
#7449 = ORIENTED_EDGE('',*,*,#7450,.F.);
#7450 = EDGE_CURVE('',#7451,#7442,#7453,.T.);
#7451 = VERTEX_POINT('',#7452);
#7452 = CARTESIAN_POINT('',(121.69,-72.8,1.51));
#7453 = LINE('',#7454,#7455);
#7454 = CARTESIAN_POINT('',(121.69,-72.8,1.51));
#7455 = VECTOR('',#7456,1.);
#7456 = DIRECTION('',(0.,-1.,0.));
#7457 = ORIENTED_EDGE('',*,*,#7458,.F.);
#7458 = EDGE_CURVE('',#7328,#7451,#7459,.T.);
#7459 = CIRCLE('',#7460,0.49998122973);
#7460 = AXIS2_PLACEMENT_3D('',#7461,#7462,#7463);
#7461 = CARTESIAN_POINT('',(121.19001877027,-72.79999710423,1.51));
#7462 = DIRECTION('',(0.,0.,-1.));
#7463 = DIRECTION('',(0.901026284457,0.433764492229,0.));
#7464 = FACE_BOUND('',#7465,.T.);
#7465 = EDGE_LOOP('',(#7466));
#7466 = ORIENTED_EDGE('',*,*,#7467,.T.);
#7467 = EDGE_CURVE('',#7468,#7468,#7470,.T.);
#7468 = VERTEX_POINT('',#7469);
#7469 = CARTESIAN_POINT('',(123.55,-70.35,1.51));
#7470 = CIRCLE('',#7471,2.);
#7471 = AXIS2_PLACEMENT_3D('',#7472,#7473,#7474);
#7472 = CARTESIAN_POINT('',(123.55,-68.35,1.51));
#7473 = DIRECTION('',(-0.,0.,-1.));
#7474 = DIRECTION('',(-0.,-1.,0.));
#7475 = FACE_BOUND('',#7476,.T.);
#7476 = EDGE_LOOP('',(#7477));
#7477 = ORIENTED_EDGE('',*,*,#7478,.T.);
#7478 = EDGE_CURVE('',#7479,#7479,#7481,.T.);
#7479 = VERTEX_POINT('',#7480);
#7480 = CARTESIAN_POINT('',(128.63,-69.2,1.51));
#7481 = CIRCLE('',#7482,0.85);
#7482 = AXIS2_PLACEMENT_3D('',#7483,#7484,#7485);
#7483 = CARTESIAN_POINT('',(128.63,-68.35,1.51));
#7484 = DIRECTION('',(-0.,0.,-1.));
#7485 = DIRECTION('',(-0.,-1.,0.));
#7486 = FACE_BOUND('',#7487,.T.);
#7487 = EDGE_LOOP('',(#7488));
#7488 = ORIENTED_EDGE('',*,*,#7489,.T.);
#7489 = EDGE_CURVE('',#7490,#7490,#7492,.T.);
#7490 = VERTEX_POINT('',#7491);
#7491 = CARTESIAN_POINT('',(126.09,-64.02,1.51));
#7492 = CIRCLE('',#7493,0.75);
#7493 = AXIS2_PLACEMENT_3D('',#7494,#7495,#7496);
#7494 = CARTESIAN_POINT('',(126.09,-63.27,1.51));
#7495 = DIRECTION('',(-0.,0.,-1.));
#7496 = DIRECTION('',(-0.,-1.,0.));
#7497 = FACE_BOUND('',#7498,.T.);
#7498 = EDGE_LOOP('',(#7499,#7510,#7519,#7527,#7536,#7545,#7554,#7562,
    #7571,#7580,#7589,#7597,#7606,#7615,#7624,#7632));
#7499 = ORIENTED_EDGE('',*,*,#7500,.F.);
#7500 = EDGE_CURVE('',#7501,#7503,#7505,.T.);
#7501 = VERTEX_POINT('',#7502);
#7502 = CARTESIAN_POINT('',(142.543288,-71.934543,1.51));
#7503 = VERTEX_POINT('',#7504);
#7504 = CARTESIAN_POINT('',(141.840515,-72.583122,1.51));
#7505 = CIRCLE('',#7506,0.499999448976);
#7506 = AXIS2_PLACEMENT_3D('',#7507,#7508,#7509);
#7507 = CARTESIAN_POINT('',(142.29102909571,-72.36624300484,1.51));
#7508 = DIRECTION('',(0.,0.,1.));
#7509 = DIRECTION('',(0.504518364574,0.863400961204,-0.));
#7510 = ORIENTED_EDGE('',*,*,#7511,.F.);
#7511 = EDGE_CURVE('',#7512,#7501,#7514,.T.);
#7512 = VERTEX_POINT('',#7513);
#7513 = CARTESIAN_POINT('',(142.795547,-72.002842,1.51));
#7514 = CIRCLE('',#7515,0.500008729226);
#7515 = AXIS2_PLACEMENT_3D('',#7516,#7517,#7518);
#7516 = CARTESIAN_POINT('',(142.79554865685,-71.50283327077,1.51));
#7517 = DIRECTION('',(0.,0.,-1.));
#7518 = DIRECTION('',(-3.313649260187E-06,-0.999999999995,-0.));
#7519 = ORIENTED_EDGE('',*,*,#7520,.F.);
#7520 = EDGE_CURVE('',#7521,#7512,#7523,.T.);
#7521 = VERTEX_POINT('',#7522);
#7522 = CARTESIAN_POINT('',(144.384451,-72.002842,1.51));
#7523 = LINE('',#7524,#7525);
#7524 = CARTESIAN_POINT('',(144.384451,-72.002842,1.51));
#7525 = VECTOR('',#7526,1.);
#7526 = DIRECTION('',(-1.,0.,0.));
#7527 = ORIENTED_EDGE('',*,*,#7528,.F.);
#7528 = EDGE_CURVE('',#7529,#7521,#7531,.T.);
#7529 = VERTEX_POINT('',#7530);
#7530 = CARTESIAN_POINT('',(144.636709,-71.934543,1.51));
#7531 = CIRCLE('',#7532,0.500008729288);
#7532 = AXIS2_PLACEMENT_3D('',#7533,#7534,#7535);
#7533 = CARTESIAN_POINT('',(144.38444834312,-71.50283327071,1.51));
#7534 = DIRECTION('',(0.,0.,-1.));
#7535 = DIRECTION('',(0.504512505685,-0.863404384751,0.));
#7536 = ORIENTED_EDGE('',*,*,#7537,.F.);
#7537 = EDGE_CURVE('',#7538,#7529,#7540,.T.);
#7538 = VERTEX_POINT('',#7539);
#7539 = CARTESIAN_POINT('',(145.339483,-72.583122,1.51));
#7540 = CIRCLE('',#7541,0.500000669307);
#7541 = AXIS2_PLACEMENT_3D('',#7542,#7543,#7544);
#7542 = CARTESIAN_POINT('',(144.88896646449,-72.36624525956,1.51));
#7543 = DIRECTION('',(0.,0.,1.));
#7544 = DIRECTION('',(0.901031864884,-0.433752900236,0.));
#7545 = ORIENTED_EDGE('',*,*,#7546,.F.);
#7546 = EDGE_CURVE('',#7547,#7538,#7549,.T.);
#7547 = VERTEX_POINT('',#7548);
#7548 = CARTESIAN_POINT('',(145.289998,-72.8,1.51));
#7549 = CIRCLE('',#7550,0.499989885034);
#7550 = AXIS2_PLACEMENT_3D('',#7551,#7552,#7553);
#7551 = CARTESIAN_POINT('',(145.78998788503,-72.79999807913,1.51));
#7552 = DIRECTION('',(0.,0.,-1.));
#7553 = DIRECTION('',(-0.999999999993,-3.841811448942E-06,-0.));
#7554 = ORIENTED_EDGE('',*,*,#7555,.F.);
#7555 = EDGE_CURVE('',#7556,#7547,#7558,.T.);
#7556 = VERTEX_POINT('',#7557);
#7557 = CARTESIAN_POINT('',(145.289998,-74.205684,1.51));
#7558 = LINE('',#7559,#7560);
#7559 = CARTESIAN_POINT('',(145.289998,-74.205684,1.51));
#7560 = VECTOR('',#7561,1.);
#7561 = DIRECTION('',(0.,1.,0.));
#7562 = ORIENTED_EDGE('',*,*,#7563,.F.);
#7563 = EDGE_CURVE('',#7564,#7556,#7566,.T.);
#7564 = VERTEX_POINT('',#7565);
#7565 = CARTESIAN_POINT('',(145.339483,-74.422562,1.51));
#7566 = CIRCLE('',#7567,0.499989885034);
#7567 = AXIS2_PLACEMENT_3D('',#7568,#7569,#7570);
#7568 = CARTESIAN_POINT('',(145.78998788503,-74.20568592086,1.51));
#7569 = DIRECTION('',(0.,0.,-1.));
#7570 = DIRECTION('',(-0.901027997796,-0.43376093322,-0.));
#7571 = ORIENTED_EDGE('',*,*,#7572,.F.);
#7572 = EDGE_CURVE('',#7573,#7564,#7575,.T.);
#7573 = VERTEX_POINT('',#7574);
#7574 = CARTESIAN_POINT('',(144.63671,-75.071141,1.51));
#7575 = CIRCLE('',#7576,0.499999729127);
#7576 = AXIS2_PLACEMENT_3D('',#7577,#7578,#7579);
#7577 = CARTESIAN_POINT('',(144.88896825432,-74.63944029088,1.51));
#7578 = DIRECTION('',(0.,0.,1.));
#7579 = DIRECTION('',(-0.504516781969,-0.863401885979,0.));
#7580 = ORIENTED_EDGE('',*,*,#7581,.F.);
#7581 = EDGE_CURVE('',#7582,#7573,#7584,.T.);
#7582 = VERTEX_POINT('',#7583);
#7583 = CARTESIAN_POINT('',(144.384452,-75.002842,1.51));
#7584 = CIRCLE('',#7585,0.500008729288);
#7585 = AXIS2_PLACEMENT_3D('',#7586,#7587,#7588);
#7586 = CARTESIAN_POINT('',(144.38444934312,-75.50285072928,1.51));
#7587 = DIRECTION('',(0.,0.,-1.));
#7588 = DIRECTION('',(5.31366276793E-06,0.999999999986,0.));
#7589 = ORIENTED_EDGE('',*,*,#7590,.F.);
#7590 = EDGE_CURVE('',#7591,#7582,#7593,.T.);
#7591 = VERTEX_POINT('',#7592);
#7592 = CARTESIAN_POINT('',(142.795546,-75.002841,1.51));
#7593 = LINE('',#7594,#7595);
#7594 = CARTESIAN_POINT('',(142.795546,-75.002841,1.51));
#7595 = VECTOR('',#7596,1.);
#7596 = DIRECTION('',(1.,-6.29363850017E-07,0.));
#7597 = ORIENTED_EDGE('',*,*,#7598,.F.);
#7598 = EDGE_CURVE('',#7599,#7591,#7601,.T.);
#7599 = VERTEX_POINT('',#7600);
#7600 = CARTESIAN_POINT('',(142.543288,-75.07114,1.51));
#7601 = CIRCLE('',#7602,0.500008729288);
#7602 = AXIS2_PLACEMENT_3D('',#7603,#7604,#7605);
#7603 = CARTESIAN_POINT('',(142.79554865687,-75.50284972928,1.51));
#7604 = DIRECTION('',(0.,0.,-1.));
#7605 = DIRECTION('',(-0.504512505685,0.863404384751,0.));
#7606 = ORIENTED_EDGE('',*,*,#7607,.F.);
#7607 = EDGE_CURVE('',#7608,#7599,#7610,.T.);
#7608 = VERTEX_POINT('',#7609);
#7609 = CARTESIAN_POINT('',(141.840515,-74.422562,1.51));
#7610 = CIRCLE('',#7611,0.499999422661);
#7611 = AXIS2_PLACEMENT_3D('',#7612,#7613,#7614);
#7612 = CARTESIAN_POINT('',(142.29102970448,-74.6394396699,1.51));
#7613 = DIRECTION('',(0.,0.,1.));
#7614 = DIRECTION('',(-0.901030449374,0.433755840654,0.));
#7615 = ORIENTED_EDGE('',*,*,#7616,.F.);
#7616 = EDGE_CURVE('',#7617,#7608,#7619,.T.);
#7617 = VERTEX_POINT('',#7618);
#7618 = CARTESIAN_POINT('',(141.89,-74.205685,1.51));
#7619 = CIRCLE('',#7620,0.499989884977);
#7620 = AXIS2_PLACEMENT_3D('',#7621,#7622,#7623);
#7621 = CARTESIAN_POINT('',(141.39001011502,-74.20568592088,1.51));
#7622 = DIRECTION('',(0.,0.,-1.));
#7623 = DIRECTION('',(0.999999999998,1.841808965693E-06,0.));
#7624 = ORIENTED_EDGE('',*,*,#7625,.F.);
#7625 = EDGE_CURVE('',#7626,#7617,#7628,.T.);
#7626 = VERTEX_POINT('',#7627);
#7627 = CARTESIAN_POINT('',(141.89,-72.8,1.51));
#7628 = LINE('',#7629,#7630);
#7629 = CARTESIAN_POINT('',(141.89,-72.8,1.51));
#7630 = VECTOR('',#7631,1.);
#7631 = DIRECTION('',(0.,-1.,0.));
#7632 = ORIENTED_EDGE('',*,*,#7633,.F.);
#7633 = EDGE_CURVE('',#7503,#7626,#7634,.T.);
#7634 = CIRCLE('',#7635,0.499989885034);
#7635 = AXIS2_PLACEMENT_3D('',#7636,#7637,#7638);
#7636 = CARTESIAN_POINT('',(141.39001011497,-72.79999807913,1.51));
#7637 = DIRECTION('',(0.,0.,-1.));
#7638 = DIRECTION('',(0.901027997796,0.43376093322,0.));
#7639 = FACE_BOUND('',#7640,.T.);
#7640 = EDGE_LOOP('',(#7641));
#7641 = ORIENTED_EDGE('',*,*,#7642,.T.);
#7642 = EDGE_CURVE('',#7643,#7643,#7645,.T.);
#7643 = VERTEX_POINT('',#7644);
#7644 = CARTESIAN_POINT('',(138.47,-69.2,1.51));
#7645 = CIRCLE('',#7646,0.85);
#7646 = AXIS2_PLACEMENT_3D('',#7647,#7648,#7649);
#7647 = CARTESIAN_POINT('',(138.47,-68.35,1.51));
#7648 = DIRECTION('',(-0.,0.,-1.));
#7649 = DIRECTION('',(-0.,-1.,0.));
#7650 = FACE_BOUND('',#7651,.T.);
#7651 = EDGE_LOOP('',(#7652));
#7652 = ORIENTED_EDGE('',*,*,#7653,.T.);
#7653 = EDGE_CURVE('',#7654,#7654,#7656,.T.);
#7654 = VERTEX_POINT('',#7655);
#7655 = CARTESIAN_POINT('',(143.55,-70.35,1.51));
#7656 = CIRCLE('',#7657,2.);
#7657 = AXIS2_PLACEMENT_3D('',#7658,#7659,#7660);
#7658 = CARTESIAN_POINT('',(143.55,-68.35,1.51));
#7659 = DIRECTION('',(-0.,0.,-1.));
#7660 = DIRECTION('',(-0.,-1.,0.));
#7661 = FACE_BOUND('',#7662,.T.);
#7662 = EDGE_LOOP('',(#7663));
#7663 = ORIENTED_EDGE('',*,*,#7664,.T.);
#7664 = EDGE_CURVE('',#7665,#7665,#7667,.T.);
#7665 = VERTEX_POINT('',#7666);
#7666 = CARTESIAN_POINT('',(139.74,-66.56,1.51));
#7667 = CIRCLE('',#7668,0.75);
#7668 = AXIS2_PLACEMENT_3D('',#7669,#7670,#7671);
#7669 = CARTESIAN_POINT('',(139.74,-65.81,1.51));
#7670 = DIRECTION('',(-0.,0.,-1.));
#7671 = DIRECTION('',(-0.,-1.,0.));
#7672 = FACE_BOUND('',#7673,.T.);
#7673 = EDGE_LOOP('',(#7674));
#7674 = ORIENTED_EDGE('',*,*,#7675,.T.);
#7675 = EDGE_CURVE('',#7676,#7676,#7678,.T.);
#7676 = VERTEX_POINT('',#7677);
#7677 = CARTESIAN_POINT('',(147.4,-105.4,1.51));
#7678 = CIRCLE('',#7679,0.4);
#7679 = AXIS2_PLACEMENT_3D('',#7680,#7681,#7682);
#7680 = CARTESIAN_POINT('',(147.4,-105.,1.51));
#7681 = DIRECTION('',(-0.,0.,-1.));
#7682 = DIRECTION('',(-0.,-1.,0.));
#7683 = FACE_BOUND('',#7684,.T.);
#7684 = EDGE_LOOP('',(#7685));
#7685 = ORIENTED_EDGE('',*,*,#7686,.T.);
#7686 = EDGE_CURVE('',#7687,#7687,#7689,.T.);
#7687 = VERTEX_POINT('',#7688);
#7688 = CARTESIAN_POINT('',(159.38,-105.6,1.51));
#7689 = CIRCLE('',#7690,0.4);
#7690 = AXIS2_PLACEMENT_3D('',#7691,#7692,#7693);
#7691 = CARTESIAN_POINT('',(159.38,-105.2,1.51));
#7692 = DIRECTION('',(-0.,0.,-1.));
#7693 = DIRECTION('',(-0.,-1.,0.));
#7694 = FACE_BOUND('',#7695,.T.);
#7695 = EDGE_LOOP('',(#7696));
#7696 = ORIENTED_EDGE('',*,*,#7697,.T.);
#7697 = EDGE_CURVE('',#7698,#7698,#7700,.T.);
#7698 = VERTEX_POINT('',#7699);
#7699 = CARTESIAN_POINT('',(167.,-105.6,1.51));
#7700 = CIRCLE('',#7701,0.4);
#7701 = AXIS2_PLACEMENT_3D('',#7702,#7703,#7704);
#7702 = CARTESIAN_POINT('',(167.,-105.2,1.51));
#7703 = DIRECTION('',(-0.,0.,-1.));
#7704 = DIRECTION('',(-0.,-1.,0.));
#7705 = FACE_BOUND('',#7706,.T.);
#7706 = EDGE_LOOP('',(#7707,#7718,#7727,#7735,#7744,#7753,#7762,#7770,
    #7779,#7788,#7797,#7805,#7814,#7823,#7832,#7840));
#7707 = ORIENTED_EDGE('',*,*,#7708,.F.);
#7708 = EDGE_CURVE('',#7709,#7711,#7713,.T.);
#7709 = VERTEX_POINT('',#7710);
#7710 = CARTESIAN_POINT('',(162.543288,-96.334543,1.51));
#7711 = VERTEX_POINT('',#7712);
#7712 = CARTESIAN_POINT('',(161.840515,-96.983122,1.51));
#7713 = CIRCLE('',#7714,0.499999448976);
#7714 = AXIS2_PLACEMENT_3D('',#7715,#7716,#7717);
#7715 = CARTESIAN_POINT('',(162.29102909571,-96.76624300484,1.51));
#7716 = DIRECTION('',(0.,0.,1.));
#7717 = DIRECTION('',(0.504518364574,0.863400961204,-0.));
#7718 = ORIENTED_EDGE('',*,*,#7719,.F.);
#7719 = EDGE_CURVE('',#7720,#7709,#7722,.T.);
#7720 = VERTEX_POINT('',#7721);
#7721 = CARTESIAN_POINT('',(162.795547,-96.402842,1.51));
#7722 = CIRCLE('',#7723,0.500008729226);
#7723 = AXIS2_PLACEMENT_3D('',#7724,#7725,#7726);
#7724 = CARTESIAN_POINT('',(162.79554865685,-95.90283327077,1.51));
#7725 = DIRECTION('',(0.,0.,-1.));
#7726 = DIRECTION('',(-3.313649430713E-06,-0.999999999995,-0.));
#7727 = ORIENTED_EDGE('',*,*,#7728,.F.);
#7728 = EDGE_CURVE('',#7729,#7720,#7731,.T.);
#7729 = VERTEX_POINT('',#7730);
#7730 = CARTESIAN_POINT('',(164.384451,-96.402842,1.51));
#7731 = LINE('',#7732,#7733);
#7732 = CARTESIAN_POINT('',(164.384451,-96.402842,1.51));
#7733 = VECTOR('',#7734,1.);
#7734 = DIRECTION('',(-1.,0.,0.));
#7735 = ORIENTED_EDGE('',*,*,#7736,.F.);
#7736 = EDGE_CURVE('',#7737,#7729,#7739,.T.);
#7737 = VERTEX_POINT('',#7738);
#7738 = CARTESIAN_POINT('',(164.636709,-96.334543,1.51));
#7739 = CIRCLE('',#7740,0.500008729288);
#7740 = AXIS2_PLACEMENT_3D('',#7741,#7742,#7743);
#7741 = CARTESIAN_POINT('',(164.38444834312,-95.90283327071,1.51));
#7742 = DIRECTION('',(0.,0.,-1.));
#7743 = DIRECTION('',(0.504512505685,-0.863404384751,0.));
#7744 = ORIENTED_EDGE('',*,*,#7745,.F.);
#7745 = EDGE_CURVE('',#7746,#7737,#7748,.T.);
#7746 = VERTEX_POINT('',#7747);
#7747 = CARTESIAN_POINT('',(165.339483,-96.983122,1.51));
#7748 = CIRCLE('',#7749,0.500000669307);
#7749 = AXIS2_PLACEMENT_3D('',#7750,#7751,#7752);
#7750 = CARTESIAN_POINT('',(164.88896646449,-96.76624525956,1.51));
#7751 = DIRECTION('',(0.,0.,1.));
#7752 = DIRECTION('',(0.901031864884,-0.433752900236,0.));
#7753 = ORIENTED_EDGE('',*,*,#7754,.F.);
#7754 = EDGE_CURVE('',#7755,#7746,#7757,.T.);
#7755 = VERTEX_POINT('',#7756);
#7756 = CARTESIAN_POINT('',(165.289998,-97.199999,1.51));
#7757 = CIRCLE('',#7758,0.499989884978);
#7758 = AXIS2_PLACEMENT_3D('',#7759,#7760,#7761);
#7759 = CARTESIAN_POINT('',(165.78998788497,-97.19999807911,1.51));
#7760 = DIRECTION('',(0.,0.,-1.));
#7761 = DIRECTION('',(-0.999999999998,-1.841808624623E-06,-0.));
#7762 = ORIENTED_EDGE('',*,*,#7763,.F.);
#7763 = EDGE_CURVE('',#7764,#7755,#7766,.T.);
#7764 = VERTEX_POINT('',#7765);
#7765 = CARTESIAN_POINT('',(165.289998,-98.605684,1.51));
#7766 = LINE('',#7767,#7768);
#7767 = CARTESIAN_POINT('',(165.289998,-98.605684,1.51));
#7768 = VECTOR('',#7769,1.);
#7769 = DIRECTION('',(0.,1.,0.));
#7770 = ORIENTED_EDGE('',*,*,#7771,.F.);
#7771 = EDGE_CURVE('',#7772,#7764,#7774,.T.);
#7772 = VERTEX_POINT('',#7773);
#7773 = CARTESIAN_POINT('',(165.339483,-98.822562,1.51));
#7774 = CIRCLE('',#7775,0.499989885034);
#7775 = AXIS2_PLACEMENT_3D('',#7776,#7777,#7778);
#7776 = CARTESIAN_POINT('',(165.78998788503,-98.60568592086,1.51));
#7777 = DIRECTION('',(0.,0.,-1.));
#7778 = DIRECTION('',(-0.901027997796,-0.43376093322,-0.));
#7779 = ORIENTED_EDGE('',*,*,#7780,.F.);
#7780 = EDGE_CURVE('',#7781,#7772,#7783,.T.);
#7781 = VERTEX_POINT('',#7782);
#7782 = CARTESIAN_POINT('',(164.63671,-99.471141,1.51));
#7783 = CIRCLE('',#7784,0.499999729127);
#7784 = AXIS2_PLACEMENT_3D('',#7785,#7786,#7787);
#7785 = CARTESIAN_POINT('',(164.88896825432,-99.03944029088,1.51));
#7786 = DIRECTION('',(0.,0.,1.));
#7787 = DIRECTION('',(-0.504516781969,-0.863401885979,0.));
#7788 = ORIENTED_EDGE('',*,*,#7789,.F.);
#7789 = EDGE_CURVE('',#7790,#7781,#7792,.T.);
#7790 = VERTEX_POINT('',#7791);
#7791 = CARTESIAN_POINT('',(164.384452,-99.402842,1.51));
#7792 = CIRCLE('',#7793,0.500008729288);
#7793 = AXIS2_PLACEMENT_3D('',#7794,#7795,#7796);
#7794 = CARTESIAN_POINT('',(164.38444934312,-99.90285072928,1.51));
#7795 = DIRECTION('',(0.,0.,-1.));
#7796 = DIRECTION('',(5.31366276793E-06,0.999999999986,0.));
#7797 = ORIENTED_EDGE('',*,*,#7798,.F.);
#7798 = EDGE_CURVE('',#7799,#7790,#7801,.T.);
#7799 = VERTEX_POINT('',#7800);
#7800 = CARTESIAN_POINT('',(162.795546,-99.402841,1.51));
#7801 = LINE('',#7802,#7803);
#7802 = CARTESIAN_POINT('',(162.795546,-99.402841,1.51));
#7803 = VECTOR('',#7804,1.);
#7804 = DIRECTION('',(1.,-6.293638589608E-07,0.));
#7805 = ORIENTED_EDGE('',*,*,#7806,.F.);
#7806 = EDGE_CURVE('',#7807,#7799,#7809,.T.);
#7807 = VERTEX_POINT('',#7808);
#7808 = CARTESIAN_POINT('',(162.543288,-99.47114,1.51));
#7809 = CIRCLE('',#7810,0.500008729288);
#7810 = AXIS2_PLACEMENT_3D('',#7811,#7812,#7813);
#7811 = CARTESIAN_POINT('',(162.79554865687,-99.90284972928,1.51));
#7812 = DIRECTION('',(0.,0.,-1.));
#7813 = DIRECTION('',(-0.504512505685,0.863404384751,0.));
#7814 = ORIENTED_EDGE('',*,*,#7815,.F.);
#7815 = EDGE_CURVE('',#7816,#7807,#7818,.T.);
#7816 = VERTEX_POINT('',#7817);
#7817 = CARTESIAN_POINT('',(161.840515,-98.822562,1.51));
#7818 = CIRCLE('',#7819,0.499999422661);
#7819 = AXIS2_PLACEMENT_3D('',#7820,#7821,#7822);
#7820 = CARTESIAN_POINT('',(162.29102970448,-99.0394396699,1.51));
#7821 = DIRECTION('',(0.,0.,1.));
#7822 = DIRECTION('',(-0.901030449374,0.433755840654,0.));
#7823 = ORIENTED_EDGE('',*,*,#7824,.F.);
#7824 = EDGE_CURVE('',#7825,#7816,#7827,.T.);
#7825 = VERTEX_POINT('',#7826);
#7826 = CARTESIAN_POINT('',(161.89,-98.605684,1.51));
#7827 = CIRCLE('',#7828,0.499989885034);
#7828 = AXIS2_PLACEMENT_3D('',#7829,#7830,#7831);
#7829 = CARTESIAN_POINT('',(161.39001011497,-98.60568592086,1.51));
#7830 = DIRECTION('',(0.,0.,-1.));
#7831 = DIRECTION('',(0.999999999993,3.841811733168E-06,0.));
#7832 = ORIENTED_EDGE('',*,*,#7833,.F.);
#7833 = EDGE_CURVE('',#7834,#7825,#7836,.T.);
#7834 = VERTEX_POINT('',#7835);
#7835 = CARTESIAN_POINT('',(161.89,-97.2,1.51));
#7836 = LINE('',#7837,#7838);
#7837 = CARTESIAN_POINT('',(161.89,-97.2,1.51));
#7838 = VECTOR('',#7839,1.);
#7839 = DIRECTION('',(0.,-1.,0.));
#7840 = ORIENTED_EDGE('',*,*,#7841,.F.);
#7841 = EDGE_CURVE('',#7711,#7834,#7842,.T.);
#7842 = CIRCLE('',#7843,0.499989885034);
#7843 = AXIS2_PLACEMENT_3D('',#7844,#7845,#7846);
#7844 = CARTESIAN_POINT('',(161.39001011497,-97.19999807913,1.51));
#7845 = DIRECTION('',(0.,0.,-1.));
#7846 = DIRECTION('',(0.901027997796,0.43376093322,0.));
#7847 = FACE_BOUND('',#7848,.T.);
#7848 = EDGE_LOOP('',(#7849));
#7849 = ORIENTED_EDGE('',*,*,#7850,.T.);
#7850 = EDGE_CURVE('',#7851,#7851,#7853,.T.);
#7851 = VERTEX_POINT('',#7852);
#7852 = CARTESIAN_POINT('',(148.63,-93.53,1.51));
#7853 = CIRCLE('',#7854,0.85);
#7854 = AXIS2_PLACEMENT_3D('',#7855,#7856,#7857);
#7855 = CARTESIAN_POINT('',(148.63,-92.68,1.51));
#7856 = DIRECTION('',(-0.,0.,-1.));
#7857 = DIRECTION('',(-0.,-1.,0.));
#7858 = FACE_BOUND('',#7859,.T.);
#7859 = EDGE_LOOP('',(#7860));
#7860 = ORIENTED_EDGE('',*,*,#7861,.T.);
#7861 = EDGE_CURVE('',#7862,#7862,#7864,.T.);
#7862 = VERTEX_POINT('',#7863);
#7863 = CARTESIAN_POINT('',(146.09,-88.35,1.51));
#7864 = CIRCLE('',#7865,0.75);
#7865 = AXIS2_PLACEMENT_3D('',#7866,#7867,#7868);
#7866 = CARTESIAN_POINT('',(146.09,-87.6,1.51));
#7867 = DIRECTION('',(-0.,0.,-1.));
#7868 = DIRECTION('',(-0.,-1.,0.));
#7869 = FACE_BOUND('',#7870,.T.);
#7870 = EDGE_LOOP('',(#7871));
#7871 = ORIENTED_EDGE('',*,*,#7872,.T.);
#7872 = EDGE_CURVE('',#7873,#7873,#7875,.T.);
#7873 = VERTEX_POINT('',#7874);
#7874 = CARTESIAN_POINT('',(158.47,-93.53,1.51));
#7875 = CIRCLE('',#7876,0.85);
#7876 = AXIS2_PLACEMENT_3D('',#7877,#7878,#7879);
#7877 = CARTESIAN_POINT('',(158.47,-92.68,1.51));
#7878 = DIRECTION('',(-0.,0.,-1.));
#7879 = DIRECTION('',(-0.,-1.,0.));
#7880 = FACE_BOUND('',#7881,.T.);
#7881 = EDGE_LOOP('',(#7882));
#7882 = ORIENTED_EDGE('',*,*,#7883,.T.);
#7883 = EDGE_CURVE('',#7884,#7884,#7886,.T.);
#7884 = VERTEX_POINT('',#7885);
#7885 = CARTESIAN_POINT('',(163.55,-94.68,1.51));
#7886 = CIRCLE('',#7887,2.);
#7887 = AXIS2_PLACEMENT_3D('',#7888,#7889,#7890);
#7888 = CARTESIAN_POINT('',(163.55,-92.68,1.51));
#7889 = DIRECTION('',(-0.,0.,-1.));
#7890 = DIRECTION('',(-0.,-1.,0.));
#7891 = FACE_BOUND('',#7892,.T.);
#7892 = EDGE_LOOP('',(#7893));
#7893 = ORIENTED_EDGE('',*,*,#7894,.T.);
#7894 = EDGE_CURVE('',#7895,#7895,#7897,.T.);
#7895 = VERTEX_POINT('',#7896);
#7896 = CARTESIAN_POINT('',(159.74,-90.89,1.51));
#7897 = CIRCLE('',#7898,0.75);
#7898 = AXIS2_PLACEMENT_3D('',#7899,#7900,#7901);
#7899 = CARTESIAN_POINT('',(159.74,-90.14,1.51));
#7900 = DIRECTION('',(-0.,0.,-1.));
#7901 = DIRECTION('',(-0.,-1.,0.));
#7902 = FACE_BOUND('',#7903,.T.);
#7903 = EDGE_LOOP('',(#7904));
#7904 = ORIENTED_EDGE('',*,*,#7905,.T.);
#7905 = EDGE_CURVE('',#7906,#7906,#7908,.T.);
#7906 = VERTEX_POINT('',#7907);
#7907 = CARTESIAN_POINT('',(166.09,-88.35,1.51));
#7908 = CIRCLE('',#7909,0.75);
#7909 = AXIS2_PLACEMENT_3D('',#7910,#7911,#7912);
#7910 = CARTESIAN_POINT('',(166.09,-87.6,1.51));
#7911 = DIRECTION('',(-0.,0.,-1.));
#7912 = DIRECTION('',(-0.,-1.,0.));
#7913 = FACE_BOUND('',#7914,.T.);
#7914 = EDGE_LOOP('',(#7915));
#7915 = ORIENTED_EDGE('',*,*,#7916,.T.);
#7916 = EDGE_CURVE('',#7917,#7917,#7919,.T.);
#7917 = VERTEX_POINT('',#7918);
#7918 = CARTESIAN_POINT('',(175.49,-106.8,1.51));
#7919 = CIRCLE('',#7920,0.5);
#7920 = AXIS2_PLACEMENT_3D('',#7921,#7922,#7923);
#7921 = CARTESIAN_POINT('',(175.49,-106.3,1.51));
#7922 = DIRECTION('',(-0.,0.,-1.));
#7923 = DIRECTION('',(-0.,-1.,0.));
#7924 = FACE_BOUND('',#7925,.T.);
#7925 = EDGE_LOOP('',(#7926));
#7926 = ORIENTED_EDGE('',*,*,#7927,.T.);
#7927 = EDGE_CURVE('',#7928,#7928,#7930,.T.);
#7928 = VERTEX_POINT('',#7929);
#7929 = CARTESIAN_POINT('',(175.49,-104.3,1.51));
#7930 = CIRCLE('',#7931,0.5);
#7931 = AXIS2_PLACEMENT_3D('',#7932,#7933,#7934);
#7932 = CARTESIAN_POINT('',(175.49,-103.8,1.51));
#7933 = DIRECTION('',(-0.,0.,-1.));
#7934 = DIRECTION('',(-0.,-1.,0.));
#7935 = FACE_BOUND('',#7936,.T.);
#7936 = EDGE_LOOP('',(#7937));
#7937 = ORIENTED_EDGE('',*,*,#7938,.T.);
#7938 = EDGE_CURVE('',#7939,#7939,#7941,.T.);
#7939 = VERTEX_POINT('',#7940);
#7940 = CARTESIAN_POINT('',(175.49,-101.8,1.51));
#7941 = CIRCLE('',#7942,0.5);
#7942 = AXIS2_PLACEMENT_3D('',#7943,#7944,#7945);
#7943 = CARTESIAN_POINT('',(175.49,-101.3,1.51));
#7944 = DIRECTION('',(-0.,0.,-1.));
#7945 = DIRECTION('',(-0.,-1.,0.));
#7946 = FACE_BOUND('',#7947,.T.);
#7947 = EDGE_LOOP('',(#7948));
#7948 = ORIENTED_EDGE('',*,*,#7949,.T.);
#7949 = EDGE_CURVE('',#7950,#7950,#7952,.T.);
#7950 = VERTEX_POINT('',#7951);
#7951 = CARTESIAN_POINT('',(189.99,-106.8,1.51));
#7952 = CIRCLE('',#7953,0.5);
#7953 = AXIS2_PLACEMENT_3D('',#7954,#7955,#7956);
#7954 = CARTESIAN_POINT('',(189.99,-106.3,1.51));
#7955 = DIRECTION('',(-0.,0.,-1.));
#7956 = DIRECTION('',(-0.,-1.,0.));
#7957 = FACE_BOUND('',#7958,.T.);
#7958 = EDGE_LOOP('',(#7959,#7970,#7978,#7987));
#7959 = ORIENTED_EDGE('',*,*,#7960,.T.);
#7960 = EDGE_CURVE('',#7961,#7963,#7965,.T.);
#7961 = VERTEX_POINT('',#7962);
#7962 = CARTESIAN_POINT('',(183.64,-97.45,1.51));
#7963 = VERTEX_POINT('',#7964);
#7964 = CARTESIAN_POINT('',(183.64,-98.95,1.51));
#7965 = CIRCLE('',#7966,0.75);
#7966 = AXIS2_PLACEMENT_3D('',#7967,#7968,#7969);
#7967 = CARTESIAN_POINT('',(183.64,-98.2,1.51));
#7968 = DIRECTION('',(-0.,0.,-1.));
#7969 = DIRECTION('',(-0.,-1.,0.));
#7970 = ORIENTED_EDGE('',*,*,#7971,.T.);
#7971 = EDGE_CURVE('',#7963,#7972,#7974,.T.);
#7972 = VERTEX_POINT('',#7973);
#7973 = CARTESIAN_POINT('',(182.34,-98.95,1.51));
#7974 = LINE('',#7975,#7976);
#7975 = CARTESIAN_POINT('',(91.17,-98.95,1.51));
#7976 = VECTOR('',#7977,1.);
#7977 = DIRECTION('',(-1.,0.,0.));
#7978 = ORIENTED_EDGE('',*,*,#7979,.T.);
#7979 = EDGE_CURVE('',#7972,#7980,#7982,.T.);
#7980 = VERTEX_POINT('',#7981);
#7981 = CARTESIAN_POINT('',(182.34,-97.45,1.51));
#7982 = CIRCLE('',#7983,0.75);
#7983 = AXIS2_PLACEMENT_3D('',#7984,#7985,#7986);
#7984 = CARTESIAN_POINT('',(182.34,-98.2,1.51));
#7985 = DIRECTION('',(-0.,0.,-1.));
#7986 = DIRECTION('',(0.,1.,0.));
#7987 = ORIENTED_EDGE('',*,*,#7988,.T.);
#7988 = EDGE_CURVE('',#7980,#7961,#7989,.T.);
#7989 = LINE('',#7990,#7991);
#7990 = CARTESIAN_POINT('',(91.82,-97.45,1.51));
#7991 = VECTOR('',#7992,1.);
#7992 = DIRECTION('',(1.,0.,-0.));
#7993 = FACE_BOUND('',#7994,.T.);
#7994 = EDGE_LOOP('',(#7995));
#7995 = ORIENTED_EDGE('',*,*,#7996,.T.);
#7996 = EDGE_CURVE('',#7997,#7997,#7999,.T.);
#7997 = VERTEX_POINT('',#7998);
#7998 = CARTESIAN_POINT('',(189.99,-101.8,1.51));
#7999 = CIRCLE('',#8000,0.5);
#8000 = AXIS2_PLACEMENT_3D('',#8001,#8002,#8003);
#8001 = CARTESIAN_POINT('',(189.99,-101.3,1.51));
#8002 = DIRECTION('',(-0.,0.,-1.));
#8003 = DIRECTION('',(-0.,-1.,0.));
#8004 = FACE_BOUND('',#8005,.T.);
#8005 = EDGE_LOOP('',(#8006));
#8006 = ORIENTED_EDGE('',*,*,#8007,.T.);
#8007 = EDGE_CURVE('',#8008,#8008,#8010,.T.);
#8008 = VERTEX_POINT('',#8009);
#8009 = CARTESIAN_POINT('',(168.63,-93.53,1.51));
#8010 = CIRCLE('',#8011,0.85);
#8011 = AXIS2_PLACEMENT_3D('',#8012,#8013,#8014);
#8012 = CARTESIAN_POINT('',(168.63,-92.68,1.51));
#8013 = DIRECTION('',(-0.,0.,-1.));
#8014 = DIRECTION('',(-0.,-1.,0.));
#8015 = FACE_BOUND('',#8016,.T.);
#8016 = EDGE_LOOP('',(#8017));
#8017 = ORIENTED_EDGE('',*,*,#8018,.T.);
#8018 = EDGE_CURVE('',#8019,#8019,#8021,.T.);
#8019 = VERTEX_POINT('',#8020);
#8020 = CARTESIAN_POINT('',(147.4,-80.8,1.51));
#8021 = CIRCLE('',#8022,0.4);
#8022 = AXIS2_PLACEMENT_3D('',#8023,#8024,#8025);
#8023 = CARTESIAN_POINT('',(147.4,-80.4,1.51));
#8024 = DIRECTION('',(-0.,0.,-1.));
#8025 = DIRECTION('',(-0.,-1.,0.));
#8026 = FACE_BOUND('',#8027,.T.);
#8027 = EDGE_LOOP('',(#8028));
#8028 = ORIENTED_EDGE('',*,*,#8029,.T.);
#8029 = EDGE_CURVE('',#8030,#8030,#8032,.T.);
#8030 = VERTEX_POINT('',#8031);
#8031 = CARTESIAN_POINT('',(159.98,-81.,1.51));
#8032 = CIRCLE('',#8033,0.4);
#8033 = AXIS2_PLACEMENT_3D('',#8034,#8035,#8036);
#8034 = CARTESIAN_POINT('',(159.98,-80.6,1.51));
#8035 = DIRECTION('',(-0.,0.,-1.));
#8036 = DIRECTION('',(-7.105427357601E-14,-1.,0.));
#8037 = FACE_BOUND('',#8038,.T.);
#8038 = EDGE_LOOP('',(#8039));
#8039 = ORIENTED_EDGE('',*,*,#8040,.T.);
#8040 = EDGE_CURVE('',#8041,#8041,#8043,.T.);
#8041 = VERTEX_POINT('',#8042);
#8042 = CARTESIAN_POINT('',(148.63,-69.2,1.51));
#8043 = CIRCLE('',#8044,0.85);
#8044 = AXIS2_PLACEMENT_3D('',#8045,#8046,#8047);
#8045 = CARTESIAN_POINT('',(148.63,-68.35,1.51));
#8046 = DIRECTION('',(-0.,0.,-1.));
#8047 = DIRECTION('',(-0.,-1.,0.));
#8048 = FACE_BOUND('',#8049,.T.);
#8049 = EDGE_LOOP('',(#8050));
#8050 = ORIENTED_EDGE('',*,*,#8051,.T.);
#8051 = EDGE_CURVE('',#8052,#8052,#8054,.T.);
#8052 = VERTEX_POINT('',#8053);
#8053 = CARTESIAN_POINT('',(146.09,-64.02,1.51));
#8054 = CIRCLE('',#8055,0.75);
#8055 = AXIS2_PLACEMENT_3D('',#8056,#8057,#8058);
#8056 = CARTESIAN_POINT('',(146.09,-63.27,1.51));
#8057 = DIRECTION('',(-0.,0.,-1.));
#8058 = DIRECTION('',(-0.,-1.,0.));
#8059 = FACE_BOUND('',#8060,.T.);
#8060 = EDGE_LOOP('',(#8061));
#8061 = ORIENTED_EDGE('',*,*,#8062,.T.);
#8062 = EDGE_CURVE('',#8063,#8063,#8065,.T.);
#8063 = VERTEX_POINT('',#8064);
#8064 = CARTESIAN_POINT('',(158.47,-69.2,1.51));
#8065 = CIRCLE('',#8066,0.85);
#8066 = AXIS2_PLACEMENT_3D('',#8067,#8068,#8069);
#8067 = CARTESIAN_POINT('',(158.47,-68.35,1.51));
#8068 = DIRECTION('',(-0.,0.,-1.));
#8069 = DIRECTION('',(-0.,-1.,0.));
#8070 = FACE_BOUND('',#8071,.T.);
#8071 = EDGE_LOOP('',(#8072,#8083,#8092,#8100,#8109,#8118,#8127,#8135,
    #8144,#8153,#8162,#8170,#8179,#8188,#8197,#8205));
#8072 = ORIENTED_EDGE('',*,*,#8073,.F.);
#8073 = EDGE_CURVE('',#8074,#8076,#8078,.T.);
#8074 = VERTEX_POINT('',#8075);
#8075 = CARTESIAN_POINT('',(162.543288,-71.934543,1.51));
#8076 = VERTEX_POINT('',#8077);
#8077 = CARTESIAN_POINT('',(161.840515,-72.583122,1.51));
#8078 = CIRCLE('',#8079,0.499999448976);
#8079 = AXIS2_PLACEMENT_3D('',#8080,#8081,#8082);
#8080 = CARTESIAN_POINT('',(162.29102909571,-72.36624300484,1.51));
#8081 = DIRECTION('',(0.,0.,1.));
#8082 = DIRECTION('',(0.504518364574,0.863400961204,-0.));
#8083 = ORIENTED_EDGE('',*,*,#8084,.F.);
#8084 = EDGE_CURVE('',#8085,#8074,#8087,.T.);
#8085 = VERTEX_POINT('',#8086);
#8086 = CARTESIAN_POINT('',(162.795547,-72.002842,1.51));
#8087 = CIRCLE('',#8088,0.500008729226);
#8088 = AXIS2_PLACEMENT_3D('',#8089,#8090,#8091);
#8089 = CARTESIAN_POINT('',(162.79554865685,-71.50283327077,1.51));
#8090 = DIRECTION('',(0.,0.,-1.));
#8091 = DIRECTION('',(-3.313649260187E-06,-0.999999999995,-0.));
#8092 = ORIENTED_EDGE('',*,*,#8093,.F.);
#8093 = EDGE_CURVE('',#8094,#8085,#8096,.T.);
#8094 = VERTEX_POINT('',#8095);
#8095 = CARTESIAN_POINT('',(164.384451,-72.002842,1.51));
#8096 = LINE('',#8097,#8098);
#8097 = CARTESIAN_POINT('',(164.384451,-72.002842,1.51));
#8098 = VECTOR('',#8099,1.);
#8099 = DIRECTION('',(-1.,0.,0.));
#8100 = ORIENTED_EDGE('',*,*,#8101,.F.);
#8101 = EDGE_CURVE('',#8102,#8094,#8104,.T.);
#8102 = VERTEX_POINT('',#8103);
#8103 = CARTESIAN_POINT('',(164.636709,-71.934543,1.51));
#8104 = CIRCLE('',#8105,0.500008729288);
#8105 = AXIS2_PLACEMENT_3D('',#8106,#8107,#8108);
#8106 = CARTESIAN_POINT('',(164.38444834312,-71.50283327071,1.51));
#8107 = DIRECTION('',(0.,0.,-1.));
#8108 = DIRECTION('',(0.504512505685,-0.863404384751,0.));
#8109 = ORIENTED_EDGE('',*,*,#8110,.F.);
#8110 = EDGE_CURVE('',#8111,#8102,#8113,.T.);
#8111 = VERTEX_POINT('',#8112);
#8112 = CARTESIAN_POINT('',(165.339483,-72.583122,1.51));
#8113 = CIRCLE('',#8114,0.500000669307);
#8114 = AXIS2_PLACEMENT_3D('',#8115,#8116,#8117);
#8115 = CARTESIAN_POINT('',(164.88896646449,-72.36624525956,1.51));
#8116 = DIRECTION('',(0.,0.,1.));
#8117 = DIRECTION('',(0.901031864884,-0.433752900236,0.));
#8118 = ORIENTED_EDGE('',*,*,#8119,.F.);
#8119 = EDGE_CURVE('',#8120,#8111,#8122,.T.);
#8120 = VERTEX_POINT('',#8121);
#8121 = CARTESIAN_POINT('',(165.289998,-72.799999,1.51));
#8122 = CIRCLE('',#8123,0.499989884978);
#8123 = AXIS2_PLACEMENT_3D('',#8124,#8125,#8126);
#8124 = CARTESIAN_POINT('',(165.78998788497,-72.79999807911,1.51));
#8125 = DIRECTION('',(0.,0.,-1.));
#8126 = DIRECTION('',(-0.999999999998,-1.841808653046E-06,-0.));
#8127 = ORIENTED_EDGE('',*,*,#8128,.F.);
#8128 = EDGE_CURVE('',#8129,#8120,#8131,.T.);
#8129 = VERTEX_POINT('',#8130);
#8130 = CARTESIAN_POINT('',(165.289998,-74.205684,1.51));
#8131 = LINE('',#8132,#8133);
#8132 = CARTESIAN_POINT('',(165.289998,-74.205684,1.51));
#8133 = VECTOR('',#8134,1.);
#8134 = DIRECTION('',(0.,1.,0.));
#8135 = ORIENTED_EDGE('',*,*,#8136,.F.);
#8136 = EDGE_CURVE('',#8137,#8129,#8139,.T.);
#8137 = VERTEX_POINT('',#8138);
#8138 = CARTESIAN_POINT('',(165.339483,-74.422562,1.51));
#8139 = CIRCLE('',#8140,0.499989885034);
#8140 = AXIS2_PLACEMENT_3D('',#8141,#8142,#8143);
#8141 = CARTESIAN_POINT('',(165.78998788503,-74.20568592086,1.51));
#8142 = DIRECTION('',(0.,0.,-1.));
#8143 = DIRECTION('',(-0.901027997796,-0.43376093322,-0.));
#8144 = ORIENTED_EDGE('',*,*,#8145,.F.);
#8145 = EDGE_CURVE('',#8146,#8137,#8148,.T.);
#8146 = VERTEX_POINT('',#8147);
#8147 = CARTESIAN_POINT('',(164.63671,-75.071141,1.51));
#8148 = CIRCLE('',#8149,0.499999729127);
#8149 = AXIS2_PLACEMENT_3D('',#8150,#8151,#8152);
#8150 = CARTESIAN_POINT('',(164.88896825432,-74.63944029088,1.51));
#8151 = DIRECTION('',(0.,0.,1.));
#8152 = DIRECTION('',(-0.504516781969,-0.863401885979,0.));
#8153 = ORIENTED_EDGE('',*,*,#8154,.F.);
#8154 = EDGE_CURVE('',#8155,#8146,#8157,.T.);
#8155 = VERTEX_POINT('',#8156);
#8156 = CARTESIAN_POINT('',(164.384452,-75.002842,1.51));
#8157 = CIRCLE('',#8158,0.500008729288);
#8158 = AXIS2_PLACEMENT_3D('',#8159,#8160,#8161);
#8159 = CARTESIAN_POINT('',(164.38444934312,-75.50285072928,1.51));
#8160 = DIRECTION('',(0.,0.,-1.));
#8161 = DIRECTION('',(5.31366276793E-06,0.999999999986,0.));
#8162 = ORIENTED_EDGE('',*,*,#8163,.F.);
#8163 = EDGE_CURVE('',#8164,#8155,#8166,.T.);
#8164 = VERTEX_POINT('',#8165);
#8165 = CARTESIAN_POINT('',(162.795546,-75.002841,1.51));
#8166 = LINE('',#8167,#8168);
#8167 = CARTESIAN_POINT('',(162.795546,-75.002841,1.51));
#8168 = VECTOR('',#8169,1.);
#8169 = DIRECTION('',(1.,-6.29363850017E-07,0.));
#8170 = ORIENTED_EDGE('',*,*,#8171,.F.);
#8171 = EDGE_CURVE('',#8172,#8164,#8174,.T.);
#8172 = VERTEX_POINT('',#8173);
#8173 = CARTESIAN_POINT('',(162.543288,-75.07114,1.51));
#8174 = CIRCLE('',#8175,0.500008729288);
#8175 = AXIS2_PLACEMENT_3D('',#8176,#8177,#8178);
#8176 = CARTESIAN_POINT('',(162.79554865687,-75.50284972928,1.51));
#8177 = DIRECTION('',(0.,0.,-1.));
#8178 = DIRECTION('',(-0.504512505685,0.863404384751,0.));
#8179 = ORIENTED_EDGE('',*,*,#8180,.F.);
#8180 = EDGE_CURVE('',#8181,#8172,#8183,.T.);
#8181 = VERTEX_POINT('',#8182);
#8182 = CARTESIAN_POINT('',(161.840515,-74.422562,1.51));
#8183 = CIRCLE('',#8184,0.499999422661);
#8184 = AXIS2_PLACEMENT_3D('',#8185,#8186,#8187);
#8185 = CARTESIAN_POINT('',(162.29102970448,-74.6394396699,1.51));
#8186 = DIRECTION('',(0.,0.,1.));
#8187 = DIRECTION('',(-0.901030449374,0.433755840654,0.));
#8188 = ORIENTED_EDGE('',*,*,#8189,.F.);
#8189 = EDGE_CURVE('',#8190,#8181,#8192,.T.);
#8190 = VERTEX_POINT('',#8191);
#8191 = CARTESIAN_POINT('',(161.89,-74.205684,1.51));
#8192 = CIRCLE('',#8193,0.499989885034);
#8193 = AXIS2_PLACEMENT_3D('',#8194,#8195,#8196);
#8194 = CARTESIAN_POINT('',(161.39001011497,-74.20568592086,1.51));
#8195 = DIRECTION('',(0.,0.,-1.));
#8196 = DIRECTION('',(0.999999999993,3.841811733168E-06,0.));
#8197 = ORIENTED_EDGE('',*,*,#8198,.F.);
#8198 = EDGE_CURVE('',#8199,#8190,#8201,.T.);
#8199 = VERTEX_POINT('',#8200);
#8200 = CARTESIAN_POINT('',(161.89,-72.8,1.51));
#8201 = LINE('',#8202,#8203);
#8202 = CARTESIAN_POINT('',(161.89,-72.8,1.51));
#8203 = VECTOR('',#8204,1.);
#8204 = DIRECTION('',(0.,-1.,0.));
#8205 = ORIENTED_EDGE('',*,*,#8206,.F.);
#8206 = EDGE_CURVE('',#8076,#8199,#8207,.T.);
#8207 = CIRCLE('',#8208,0.499989885034);
#8208 = AXIS2_PLACEMENT_3D('',#8209,#8210,#8211);
#8209 = CARTESIAN_POINT('',(161.39001011497,-72.79999807913,1.51));
#8210 = DIRECTION('',(0.,0.,-1.));
#8211 = DIRECTION('',(0.901027997796,0.43376093322,0.));
#8212 = FACE_BOUND('',#8213,.T.);
#8213 = EDGE_LOOP('',(#8214));
#8214 = ORIENTED_EDGE('',*,*,#8215,.T.);
#8215 = EDGE_CURVE('',#8216,#8216,#8218,.T.);
#8216 = VERTEX_POINT('',#8217);
#8217 = CARTESIAN_POINT('',(163.55,-70.35,1.51));
#8218 = CIRCLE('',#8219,2.);
#8219 = AXIS2_PLACEMENT_3D('',#8220,#8221,#8222);
#8220 = CARTESIAN_POINT('',(163.55,-68.35,1.51));
#8221 = DIRECTION('',(-0.,0.,-1.));
#8222 = DIRECTION('',(-0.,-1.,0.));
#8223 = FACE_BOUND('',#8224,.T.);
#8224 = EDGE_LOOP('',(#8225));
#8225 = ORIENTED_EDGE('',*,*,#8226,.T.);
#8226 = EDGE_CURVE('',#8227,#8227,#8229,.T.);
#8227 = VERTEX_POINT('',#8228);
#8228 = CARTESIAN_POINT('',(159.74,-66.56,1.51));
#8229 = CIRCLE('',#8230,0.75);
#8230 = AXIS2_PLACEMENT_3D('',#8231,#8232,#8233);
#8231 = CARTESIAN_POINT('',(159.74,-65.81,1.51));
#8232 = DIRECTION('',(-0.,0.,-1.));
#8233 = DIRECTION('',(-0.,-1.,0.));
#8234 = FACE_BOUND('',#8235,.T.);
#8235 = EDGE_LOOP('',(#8236));
#8236 = ORIENTED_EDGE('',*,*,#8237,.T.);
#8237 = EDGE_CURVE('',#8238,#8238,#8240,.T.);
#8238 = VERTEX_POINT('',#8239);
#8239 = CARTESIAN_POINT('',(166.09,-64.02,1.51));
#8240 = CIRCLE('',#8241,0.75);
#8241 = AXIS2_PLACEMENT_3D('',#8242,#8243,#8244);
#8242 = CARTESIAN_POINT('',(166.09,-63.27,1.51));
#8243 = DIRECTION('',(-0.,0.,-1.));
#8244 = DIRECTION('',(-0.,-1.,0.));
#8245 = FACE_BOUND('',#8246,.T.);
#8246 = EDGE_LOOP('',(#8247));
#8247 = ORIENTED_EDGE('',*,*,#8248,.T.);
#8248 = EDGE_CURVE('',#8249,#8249,#8251,.T.);
#8249 = VERTEX_POINT('',#8250);
#8250 = CARTESIAN_POINT('',(167.6,-81.,1.51));
#8251 = CIRCLE('',#8252,0.4);
#8252 = AXIS2_PLACEMENT_3D('',#8253,#8254,#8255);
#8253 = CARTESIAN_POINT('',(167.6,-80.6,1.51));
#8254 = DIRECTION('',(-0.,0.,-1.));
#8255 = DIRECTION('',(-0.,-1.,0.));
#8256 = FACE_BOUND('',#8257,.T.);
#8257 = EDGE_LOOP('',(#8258));
#8258 = ORIENTED_EDGE('',*,*,#8259,.T.);
#8259 = EDGE_CURVE('',#8260,#8260,#8262,.T.);
#8260 = VERTEX_POINT('',#8261);
#8261 = CARTESIAN_POINT('',(168.63,-69.2,1.51));
#8262 = CIRCLE('',#8263,0.85);
#8263 = AXIS2_PLACEMENT_3D('',#8264,#8265,#8266);
#8264 = CARTESIAN_POINT('',(168.63,-68.35,1.51));
#8265 = DIRECTION('',(-0.,0.,-1.));
#8266 = DIRECTION('',(-0.,-1.,0.));
#8267 = PLANE('',#8268);
#8268 = AXIS2_PLACEMENT_3D('',#8269,#8270,#8271);
#8269 = CARTESIAN_POINT('',(0.,0.,1.51));
#8270 = DIRECTION('',(0.,0.,1.));
#8271 = DIRECTION('',(1.,0.,-0.));
#8272 = ADVANCED_FACE('',(#8273),#8279,.T.);
#8273 = FACE_BOUND('',#8274,.T.);
#8274 = EDGE_LOOP('',(#8275,#8276,#8277,#8278));
#8275 = ORIENTED_EDGE('',*,*,#650,.T.);
#8276 = ORIENTED_EDGE('',*,*,#4476,.T.);
#8277 = ORIENTED_EDGE('',*,*,#610,.F.);
#8278 = ORIENTED_EDGE('',*,*,#674,.F.);
#8279 = PLANE('',#8280);
#8280 = AXIS2_PLACEMENT_3D('',#8281,#8282,#8283);
#8281 = CARTESIAN_POINT('',(92.595549,-57.344453,0.));
#8282 = DIRECTION('',(0.,1.,0.));
#8283 = DIRECTION('',(1.,0.,0.));
#8284 = ADVANCED_FACE('',(#8285),#8296,.F.);
#8285 = FACE_BOUND('',#8286,.T.);
#8286 = EDGE_LOOP('',(#8287,#8288,#8294,#8295));
#8287 = ORIENTED_EDGE('',*,*,#683,.T.);
#8288 = ORIENTED_EDGE('',*,*,#8289,.T.);
#8289 = EDGE_CURVE('',#684,#4486,#8290,.T.);
#8290 = LINE('',#8291,#8292);
#8291 = CARTESIAN_POINT('',(99.38,-154.6,-4.6E-02));
#8292 = VECTOR('',#8293,1.);
#8293 = DIRECTION('',(0.,0.,1.));
#8294 = ORIENTED_EDGE('',*,*,#4485,.F.);
#8295 = ORIENTED_EDGE('',*,*,#8289,.F.);
#8296 = CYLINDRICAL_SURFACE('',#8297,0.4);
#8297 = AXIS2_PLACEMENT_3D('',#8298,#8299,#8300);
#8298 = CARTESIAN_POINT('',(99.38,-154.2,-4.6E-02));
#8299 = DIRECTION('',(-0.,-0.,-1.));
#8300 = DIRECTION('',(-0.,-1.,0.));
#8301 = ADVANCED_FACE('',(#8302),#8313,.F.);
#8302 = FACE_BOUND('',#8303,.T.);
#8303 = EDGE_LOOP('',(#8304,#8305,#8311,#8312));
#8304 = ORIENTED_EDGE('',*,*,#694,.T.);
#8305 = ORIENTED_EDGE('',*,*,#8306,.T.);
#8306 = EDGE_CURVE('',#695,#4497,#8307,.T.);
#8307 = LINE('',#8308,#8309);
#8308 = CARTESIAN_POINT('',(107.,-154.6,-4.6E-02));
#8309 = VECTOR('',#8310,1.);
#8310 = DIRECTION('',(0.,0.,1.));
#8311 = ORIENTED_EDGE('',*,*,#4496,.F.);
#8312 = ORIENTED_EDGE('',*,*,#8306,.F.);
#8313 = CYLINDRICAL_SURFACE('',#8314,0.4);
#8314 = AXIS2_PLACEMENT_3D('',#8315,#8316,#8317);
#8315 = CARTESIAN_POINT('',(107.,-154.2,-4.6E-02));
#8316 = DIRECTION('',(-0.,-0.,-1.));
#8317 = DIRECTION('',(-0.,-1.,0.));
#8318 = ADVANCED_FACE('',(#8319),#8335,.F.);
#8319 = FACE_BOUND('',#8320,.T.);
#8320 = EDGE_LOOP('',(#8321,#8327,#8328,#8334));
#8321 = ORIENTED_EDGE('',*,*,#8322,.T.);
#8322 = EDGE_CURVE('',#706,#4508,#8323,.T.);
#8323 = LINE('',#8324,#8325);
#8324 = CARTESIAN_POINT('',(102.283288,-146.087343,0.));
#8325 = VECTOR('',#8326,1.);
#8326 = DIRECTION('',(0.,0.,1.));
#8327 = ORIENTED_EDGE('',*,*,#4507,.T.);
#8328 = ORIENTED_EDGE('',*,*,#8329,.F.);
#8329 = EDGE_CURVE('',#708,#4510,#8330,.T.);
#8330 = LINE('',#8331,#8332);
#8331 = CARTESIAN_POINT('',(101.580515,-146.735922,0.));
#8332 = VECTOR('',#8333,1.);
#8333 = DIRECTION('',(0.,0.,1.));
#8334 = ORIENTED_EDGE('',*,*,#705,.F.);
#8335 = CYLINDRICAL_SURFACE('',#8336,0.499999448976);
#8336 = AXIS2_PLACEMENT_3D('',#8337,#8338,#8339);
#8337 = CARTESIAN_POINT('',(102.03102909571,-146.5190430048,0.));
#8338 = DIRECTION('',(-0.,-0.,-1.));
#8339 = DIRECTION('',(0.504518364574,0.863400961204,-0.));
#8340 = ADVANCED_FACE('',(#8341),#8352,.T.);
#8341 = FACE_BOUND('',#8342,.T.);
#8342 = EDGE_LOOP('',(#8343,#8349,#8350,#8351));
#8343 = ORIENTED_EDGE('',*,*,#8344,.T.);
#8344 = EDGE_CURVE('',#717,#4519,#8345,.T.);
#8345 = LINE('',#8346,#8347);
#8346 = CARTESIAN_POINT('',(102.535547,-146.155642,0.));
#8347 = VECTOR('',#8348,1.);
#8348 = DIRECTION('',(0.,0.,1.));
#8349 = ORIENTED_EDGE('',*,*,#4518,.T.);
#8350 = ORIENTED_EDGE('',*,*,#8322,.F.);
#8351 = ORIENTED_EDGE('',*,*,#716,.F.);
#8352 = CYLINDRICAL_SURFACE('',#8353,0.500008729227);
#8353 = AXIS2_PLACEMENT_3D('',#8354,#8355,#8356);
#8354 = CARTESIAN_POINT('',(102.53554865685,-145.6556332707,0.));
#8355 = DIRECTION('',(0.,0.,-1.));
#8356 = DIRECTION('',(-3.313649544396E-06,-0.999999999995,-0.));
#8357 = ADVANCED_FACE('',(#8358),#8369,.T.);
#8358 = FACE_BOUND('',#8359,.T.);
#8359 = EDGE_LOOP('',(#8360,#8361,#8362,#8368));
#8360 = ORIENTED_EDGE('',*,*,#8329,.T.);
#8361 = ORIENTED_EDGE('',*,*,#4640,.T.);
#8362 = ORIENTED_EDGE('',*,*,#8363,.F.);
#8363 = EDGE_CURVE('',#831,#4633,#8364,.T.);
#8364 = LINE('',#8365,#8366);
#8365 = CARTESIAN_POINT('',(101.63,-146.9528,0.));
#8366 = VECTOR('',#8367,1.);
#8367 = DIRECTION('',(0.,0.,1.));
#8368 = ORIENTED_EDGE('',*,*,#838,.F.);
#8369 = CYLINDRICAL_SURFACE('',#8370,0.499989885034);
#8370 = AXIS2_PLACEMENT_3D('',#8371,#8372,#8373);
#8371 = CARTESIAN_POINT('',(101.13001011496,-146.9527980791,0.));
#8372 = DIRECTION('',(0.,0.,-1.));
#8373 = DIRECTION('',(0.901027997796,0.43376093322,0.));
#8374 = ADVANCED_FACE('',(#8375),#8386,.T.);
#8375 = FACE_BOUND('',#8376,.T.);
#8376 = EDGE_LOOP('',(#8377,#8383,#8384,#8385));
#8377 = ORIENTED_EDGE('',*,*,#8378,.T.);
#8378 = EDGE_CURVE('',#726,#4528,#8379,.T.);
#8379 = LINE('',#8380,#8381);
#8380 = CARTESIAN_POINT('',(104.124451,-146.155642,0.));
#8381 = VECTOR('',#8382,1.);
#8382 = DIRECTION('',(0.,0.,1.));
#8383 = ORIENTED_EDGE('',*,*,#4527,.T.);
#8384 = ORIENTED_EDGE('',*,*,#8344,.F.);
#8385 = ORIENTED_EDGE('',*,*,#725,.F.);
#8386 = PLANE('',#8387);
#8387 = AXIS2_PLACEMENT_3D('',#8388,#8389,#8390);
#8388 = CARTESIAN_POINT('',(104.124451,-146.155642,0.));
#8389 = DIRECTION('',(0.,-1.,0.));
#8390 = DIRECTION('',(-1.,0.,0.));
#8391 = ADVANCED_FACE('',(#8392),#8403,.T.);
#8392 = FACE_BOUND('',#8393,.T.);
#8393 = EDGE_LOOP('',(#8394,#8395,#8396,#8402));
#8394 = ORIENTED_EDGE('',*,*,#8363,.T.);
#8395 = ORIENTED_EDGE('',*,*,#4632,.T.);
#8396 = ORIENTED_EDGE('',*,*,#8397,.F.);
#8397 = EDGE_CURVE('',#822,#4624,#8398,.T.);
#8398 = LINE('',#8399,#8400);
#8399 = CARTESIAN_POINT('',(101.63,-148.358485,0.));
#8400 = VECTOR('',#8401,1.);
#8401 = DIRECTION('',(0.,0.,1.));
#8402 = ORIENTED_EDGE('',*,*,#830,.F.);
#8403 = PLANE('',#8404);
#8404 = AXIS2_PLACEMENT_3D('',#8405,#8406,#8407);
#8405 = CARTESIAN_POINT('',(101.63,-146.9528,0.));
#8406 = DIRECTION('',(1.,0.,-0.));
#8407 = DIRECTION('',(0.,-1.,0.));
#8408 = ADVANCED_FACE('',(#8409),#8420,.T.);
#8409 = FACE_BOUND('',#8410,.T.);
#8410 = EDGE_LOOP('',(#8411,#8417,#8418,#8419));
#8411 = ORIENTED_EDGE('',*,*,#8412,.T.);
#8412 = EDGE_CURVE('',#734,#4536,#8413,.T.);
#8413 = LINE('',#8414,#8415);
#8414 = CARTESIAN_POINT('',(104.376709,-146.087343,0.));
#8415 = VECTOR('',#8416,1.);
#8416 = DIRECTION('',(0.,0.,1.));
#8417 = ORIENTED_EDGE('',*,*,#4535,.T.);
#8418 = ORIENTED_EDGE('',*,*,#8378,.F.);
#8419 = ORIENTED_EDGE('',*,*,#733,.F.);
#8420 = CYLINDRICAL_SURFACE('',#8421,0.500008729289);
#8421 = AXIS2_PLACEMENT_3D('',#8422,#8423,#8424);
#8422 = CARTESIAN_POINT('',(104.12444834312,-145.6556332707,0.));
#8423 = DIRECTION('',(0.,0.,-1.));
#8424 = DIRECTION('',(0.504512505685,-0.863404384751,0.));
#8425 = ADVANCED_FACE('',(#8426),#8437,.T.);
#8426 = FACE_BOUND('',#8427,.T.);
#8427 = EDGE_LOOP('',(#8428,#8429,#8430,#8436));
#8428 = ORIENTED_EDGE('',*,*,#8397,.T.);
#8429 = ORIENTED_EDGE('',*,*,#4623,.T.);
#8430 = ORIENTED_EDGE('',*,*,#8431,.F.);
#8431 = EDGE_CURVE('',#813,#4615,#8432,.T.);
#8432 = LINE('',#8433,#8434);
#8433 = CARTESIAN_POINT('',(101.580515,-148.575362,0.));
#8434 = VECTOR('',#8435,1.);
#8435 = DIRECTION('',(0.,0.,1.));
#8436 = ORIENTED_EDGE('',*,*,#821,.F.);
#8437 = CYLINDRICAL_SURFACE('',#8438,0.499989884977);
#8438 = AXIS2_PLACEMENT_3D('',#8439,#8440,#8441);
#8439 = CARTESIAN_POINT('',(101.13001011502,-148.3584859208,0.));
#8440 = DIRECTION('',(0.,0.,-1.));
#8441 = DIRECTION('',(0.999999999998,1.841808766735E-06,0.));
#8442 = ADVANCED_FACE('',(#8443),#8454,.F.);
#8443 = FACE_BOUND('',#8444,.T.);
#8444 = EDGE_LOOP('',(#8445,#8451,#8452,#8453));
#8445 = ORIENTED_EDGE('',*,*,#8446,.T.);
#8446 = EDGE_CURVE('',#743,#4545,#8447,.T.);
#8447 = LINE('',#8448,#8449);
#8448 = CARTESIAN_POINT('',(105.079483,-146.735922,0.));
#8449 = VECTOR('',#8450,1.);
#8450 = DIRECTION('',(0.,0.,1.));
#8451 = ORIENTED_EDGE('',*,*,#4544,.T.);
#8452 = ORIENTED_EDGE('',*,*,#8412,.F.);
#8453 = ORIENTED_EDGE('',*,*,#742,.F.);
#8454 = CYLINDRICAL_SURFACE('',#8455,0.500000669307);
#8455 = AXIS2_PLACEMENT_3D('',#8456,#8457,#8458);
#8456 = CARTESIAN_POINT('',(104.62896646449,-146.5190452595,0.));
#8457 = DIRECTION('',(-0.,-0.,-1.));
#8458 = DIRECTION('',(0.901031864884,-0.433752900236,0.));
#8459 = ADVANCED_FACE('',(#8460),#8471,.F.);
#8460 = FACE_BOUND('',#8461,.T.);
#8461 = EDGE_LOOP('',(#8462,#8463,#8464,#8470));
#8462 = ORIENTED_EDGE('',*,*,#8431,.T.);
#8463 = ORIENTED_EDGE('',*,*,#4614,.T.);
#8464 = ORIENTED_EDGE('',*,*,#8465,.F.);
#8465 = EDGE_CURVE('',#804,#4606,#8466,.T.);
#8466 = LINE('',#8467,#8468);
#8467 = CARTESIAN_POINT('',(102.283288,-149.22394,0.));
#8468 = VECTOR('',#8469,1.);
#8469 = DIRECTION('',(0.,0.,1.));
#8470 = ORIENTED_EDGE('',*,*,#812,.F.);
#8471 = CYLINDRICAL_SURFACE('',#8472,0.499999422661);
#8472 = AXIS2_PLACEMENT_3D('',#8473,#8474,#8475);
#8473 = CARTESIAN_POINT('',(102.03102970448,-148.7922396699,0.));
#8474 = DIRECTION('',(-0.,-0.,-1.));
#8475 = DIRECTION('',(-0.901030449374,0.433755840654,0.));
#8476 = ADVANCED_FACE('',(#8477),#8488,.T.);
#8477 = FACE_BOUND('',#8478,.T.);
#8478 = EDGE_LOOP('',(#8479,#8485,#8486,#8487));
#8479 = ORIENTED_EDGE('',*,*,#8480,.T.);
#8480 = EDGE_CURVE('',#752,#4554,#8481,.T.);
#8481 = LINE('',#8482,#8483);
#8482 = CARTESIAN_POINT('',(105.029998,-146.952799,0.));
#8483 = VECTOR('',#8484,1.);
#8484 = DIRECTION('',(0.,0.,1.));
#8485 = ORIENTED_EDGE('',*,*,#4553,.T.);
#8486 = ORIENTED_EDGE('',*,*,#8446,.F.);
#8487 = ORIENTED_EDGE('',*,*,#751,.F.);
#8488 = CYLINDRICAL_SURFACE('',#8489,0.499989884977);
#8489 = AXIS2_PLACEMENT_3D('',#8490,#8491,#8492);
#8490 = CARTESIAN_POINT('',(105.52998788497,-146.9527980791,0.));
#8491 = DIRECTION('',(0.,0.,-1.));
#8492 = DIRECTION('',(-0.999999999998,-1.841808766735E-06,-0.));
#8493 = ADVANCED_FACE('',(#8494),#8505,.T.);
#8494 = FACE_BOUND('',#8495,.T.);
#8495 = EDGE_LOOP('',(#8496,#8497,#8498,#8504));
#8496 = ORIENTED_EDGE('',*,*,#8465,.T.);
#8497 = ORIENTED_EDGE('',*,*,#4605,.T.);
#8498 = ORIENTED_EDGE('',*,*,#8499,.F.);
#8499 = EDGE_CURVE('',#796,#4598,#8500,.T.);
#8500 = LINE('',#8501,#8502);
#8501 = CARTESIAN_POINT('',(102.535546,-149.155641,0.));
#8502 = VECTOR('',#8503,1.);
#8503 = DIRECTION('',(0.,0.,1.));
#8504 = ORIENTED_EDGE('',*,*,#803,.F.);
#8505 = CYLINDRICAL_SURFACE('',#8506,0.500008729289);
#8506 = AXIS2_PLACEMENT_3D('',#8507,#8508,#8509);
#8507 = CARTESIAN_POINT('',(102.53554865687,-149.6556497292,0.));
#8508 = DIRECTION('',(0.,0.,-1.));
#8509 = DIRECTION('',(-0.504512505685,0.863404384751,0.));
#8510 = ADVANCED_FACE('',(#8511),#8522,.T.);
#8511 = FACE_BOUND('',#8512,.T.);
#8512 = EDGE_LOOP('',(#8513,#8519,#8520,#8521));
#8513 = ORIENTED_EDGE('',*,*,#8514,.T.);
#8514 = EDGE_CURVE('',#761,#4563,#8515,.T.);
#8515 = LINE('',#8516,#8517);
#8516 = CARTESIAN_POINT('',(105.029998,-148.358484,0.));
#8517 = VECTOR('',#8518,1.);
#8518 = DIRECTION('',(0.,0.,1.));
#8519 = ORIENTED_EDGE('',*,*,#4562,.T.);
#8520 = ORIENTED_EDGE('',*,*,#8480,.F.);
#8521 = ORIENTED_EDGE('',*,*,#760,.F.);
#8522 = PLANE('',#8523);
#8523 = AXIS2_PLACEMENT_3D('',#8524,#8525,#8526);
#8524 = CARTESIAN_POINT('',(105.029998,-148.358484,0.));
#8525 = DIRECTION('',(-1.,0.,0.));
#8526 = DIRECTION('',(0.,1.,0.));
#8527 = ADVANCED_FACE('',(#8528),#8539,.T.);
#8528 = FACE_BOUND('',#8529,.T.);
#8529 = EDGE_LOOP('',(#8530,#8531,#8532,#8538));
#8530 = ORIENTED_EDGE('',*,*,#8499,.T.);
#8531 = ORIENTED_EDGE('',*,*,#4597,.T.);
#8532 = ORIENTED_EDGE('',*,*,#8533,.F.);
#8533 = EDGE_CURVE('',#787,#4589,#8534,.T.);
#8534 = LINE('',#8535,#8536);
#8535 = CARTESIAN_POINT('',(104.124452,-149.155642,0.));
#8536 = VECTOR('',#8537,1.);
#8537 = DIRECTION('',(0.,0.,1.));
#8538 = ORIENTED_EDGE('',*,*,#795,.F.);
#8539 = PLANE('',#8540);
#8540 = AXIS2_PLACEMENT_3D('',#8541,#8542,#8543);
#8541 = CARTESIAN_POINT('',(102.535546,-149.155641,0.));
#8542 = DIRECTION('',(6.29363850017E-07,1.,-0.));
#8543 = DIRECTION('',(1.,-6.29363850017E-07,0.));
#8544 = ADVANCED_FACE('',(#8545),#8556,.T.);
#8545 = FACE_BOUND('',#8546,.T.);
#8546 = EDGE_LOOP('',(#8547,#8553,#8554,#8555));
#8547 = ORIENTED_EDGE('',*,*,#8548,.T.);
#8548 = EDGE_CURVE('',#769,#4571,#8549,.T.);
#8549 = LINE('',#8550,#8551);
#8550 = CARTESIAN_POINT('',(105.079483,-148.575362,0.));
#8551 = VECTOR('',#8552,1.);
#8552 = DIRECTION('',(0.,0.,1.));
#8553 = ORIENTED_EDGE('',*,*,#4570,.T.);
#8554 = ORIENTED_EDGE('',*,*,#8514,.F.);
#8555 = ORIENTED_EDGE('',*,*,#768,.F.);
#8556 = CYLINDRICAL_SURFACE('',#8557,0.499989885034);
#8557 = AXIS2_PLACEMENT_3D('',#8558,#8559,#8560);
#8558 = CARTESIAN_POINT('',(105.52998788503,-148.3584859208,0.));
#8559 = DIRECTION('',(0.,0.,-1.));
#8560 = DIRECTION('',(-0.901027997796,-0.43376093322,-0.));
#8561 = ADVANCED_FACE('',(#8562),#8573,.T.);
#8562 = FACE_BOUND('',#8563,.T.);
#8563 = EDGE_LOOP('',(#8564,#8565,#8566,#8572));
#8564 = ORIENTED_EDGE('',*,*,#8533,.T.);
#8565 = ORIENTED_EDGE('',*,*,#4588,.T.);
#8566 = ORIENTED_EDGE('',*,*,#8567,.F.);
#8567 = EDGE_CURVE('',#778,#4580,#8568,.T.);
#8568 = LINE('',#8569,#8570);
#8569 = CARTESIAN_POINT('',(104.37671,-149.223941,0.));
#8570 = VECTOR('',#8571,1.);
#8571 = DIRECTION('',(0.,0.,1.));
#8572 = ORIENTED_EDGE('',*,*,#786,.F.);
#8573 = CYLINDRICAL_SURFACE('',#8574,0.500008729289);
#8574 = AXIS2_PLACEMENT_3D('',#8575,#8576,#8577);
#8575 = CARTESIAN_POINT('',(104.12444934312,-149.6556507292,0.));
#8576 = DIRECTION('',(0.,0.,-1.));
#8577 = DIRECTION('',(5.313662966874E-06,0.999999999986,0.));
#8578 = ADVANCED_FACE('',(#8579),#8585,.F.);
#8579 = FACE_BOUND('',#8580,.T.);
#8580 = EDGE_LOOP('',(#8581,#8582,#8583,#8584));
#8581 = ORIENTED_EDGE('',*,*,#8567,.T.);
#8582 = ORIENTED_EDGE('',*,*,#4579,.T.);
#8583 = ORIENTED_EDGE('',*,*,#8548,.F.);
#8584 = ORIENTED_EDGE('',*,*,#777,.F.);
#8585 = CYLINDRICAL_SURFACE('',#8586,0.499999729127);
#8586 = AXIS2_PLACEMENT_3D('',#8587,#8588,#8589);
#8587 = CARTESIAN_POINT('',(104.62896825432,-148.7922402908,0.));
#8588 = DIRECTION('',(-0.,-0.,-1.));
#8589 = DIRECTION('',(-0.504516781969,-0.863401885979,0.));
#8590 = ADVANCED_FACE('',(#8591),#8602,.F.);
#8591 = FACE_BOUND('',#8592,.T.);
#8592 = EDGE_LOOP('',(#8593,#8594,#8600,#8601));
#8593 = ORIENTED_EDGE('',*,*,#847,.T.);
#8594 = ORIENTED_EDGE('',*,*,#8595,.T.);
#8595 = EDGE_CURVE('',#848,#4650,#8596,.T.);
#8596 = LINE('',#8597,#8598);
#8597 = CARTESIAN_POINT('',(119.98,-154.8,-4.6E-02));
#8598 = VECTOR('',#8599,1.);
#8599 = DIRECTION('',(0.,0.,1.));
#8600 = ORIENTED_EDGE('',*,*,#4649,.F.);
#8601 = ORIENTED_EDGE('',*,*,#8595,.F.);
#8602 = CYLINDRICAL_SURFACE('',#8603,0.4);
#8603 = AXIS2_PLACEMENT_3D('',#8604,#8605,#8606);
#8604 = CARTESIAN_POINT('',(119.98,-154.4,-4.6E-02));
#8605 = DIRECTION('',(-0.,0.,-1.));
#8606 = DIRECTION('',(3.5527136788E-14,-1.,-0.));
#8607 = ADVANCED_FACE('',(#8608),#8619,.F.);
#8608 = FACE_BOUND('',#8609,.T.);
#8609 = EDGE_LOOP('',(#8610,#8611,#8617,#8618));
#8610 = ORIENTED_EDGE('',*,*,#858,.T.);
#8611 = ORIENTED_EDGE('',*,*,#8612,.T.);
#8612 = EDGE_CURVE('',#859,#4661,#8613,.T.);
#8613 = LINE('',#8614,#8615);
#8614 = CARTESIAN_POINT('',(98.31,-143.53,-4.6E-02));
#8615 = VECTOR('',#8616,1.);
#8616 = DIRECTION('',(0.,0.,1.));
#8617 = ORIENTED_EDGE('',*,*,#4660,.F.);
#8618 = ORIENTED_EDGE('',*,*,#8612,.F.);
#8619 = CYLINDRICAL_SURFACE('',#8620,0.85);
#8620 = AXIS2_PLACEMENT_3D('',#8621,#8622,#8623);
#8621 = CARTESIAN_POINT('',(98.31,-142.68,-4.6E-02));
#8622 = DIRECTION('',(-0.,-0.,-1.));
#8623 = DIRECTION('',(-0.,-1.,0.));
#8624 = ADVANCED_FACE('',(#8625),#8636,.F.);
#8625 = FACE_BOUND('',#8626,.T.);
#8626 = EDGE_LOOP('',(#8627,#8628,#8634,#8635));
#8627 = ORIENTED_EDGE('',*,*,#869,.T.);
#8628 = ORIENTED_EDGE('',*,*,#8629,.T.);
#8629 = EDGE_CURVE('',#870,#4672,#8630,.T.);
#8630 = LINE('',#8631,#8632);
#8631 = CARTESIAN_POINT('',(99.58,-140.89,-4.6E-02));
#8632 = VECTOR('',#8633,1.);
#8633 = DIRECTION('',(0.,0.,1.));
#8634 = ORIENTED_EDGE('',*,*,#4671,.F.);
#8635 = ORIENTED_EDGE('',*,*,#8629,.F.);
#8636 = CYLINDRICAL_SURFACE('',#8637,0.75);
#8637 = AXIS2_PLACEMENT_3D('',#8638,#8639,#8640);
#8638 = CARTESIAN_POINT('',(99.58,-140.14,-4.6E-02));
#8639 = DIRECTION('',(-0.,-0.,-1.));
#8640 = DIRECTION('',(-0.,-1.,0.));
#8641 = ADVANCED_FACE('',(#8642),#8653,.F.);
#8642 = FACE_BOUND('',#8643,.T.);
#8643 = EDGE_LOOP('',(#8644,#8645,#8651,#8652));
#8644 = ORIENTED_EDGE('',*,*,#880,.T.);
#8645 = ORIENTED_EDGE('',*,*,#8646,.T.);
#8646 = EDGE_CURVE('',#881,#4683,#8647,.T.);
#8647 = LINE('',#8648,#8649);
#8648 = CARTESIAN_POINT('',(103.39,-144.68,-4.6E-02));
#8649 = VECTOR('',#8650,1.);
#8650 = DIRECTION('',(0.,0.,1.));
#8651 = ORIENTED_EDGE('',*,*,#4682,.F.);
#8652 = ORIENTED_EDGE('',*,*,#8646,.F.);
#8653 = CYLINDRICAL_SURFACE('',#8654,2.);
#8654 = AXIS2_PLACEMENT_3D('',#8655,#8656,#8657);
#8655 = CARTESIAN_POINT('',(103.39,-142.68,-4.6E-02));
#8656 = DIRECTION('',(-0.,-0.,-1.));
#8657 = DIRECTION('',(-0.,-1.,0.));
#8658 = ADVANCED_FACE('',(#8659),#8670,.F.);
#8659 = FACE_BOUND('',#8660,.T.);
#8660 = EDGE_LOOP('',(#8661,#8662,#8668,#8669));
#8661 = ORIENTED_EDGE('',*,*,#891,.T.);
#8662 = ORIENTED_EDGE('',*,*,#8663,.T.);
#8663 = EDGE_CURVE('',#892,#4694,#8664,.T.);
#8664 = LINE('',#8665,#8666);
#8665 = CARTESIAN_POINT('',(108.47,-143.53,-4.6E-02));
#8666 = VECTOR('',#8667,1.);
#8667 = DIRECTION('',(0.,0.,1.));
#8668 = ORIENTED_EDGE('',*,*,#4693,.F.);
#8669 = ORIENTED_EDGE('',*,*,#8663,.F.);
#8670 = CYLINDRICAL_SURFACE('',#8671,0.85);
#8671 = AXIS2_PLACEMENT_3D('',#8672,#8673,#8674);
#8672 = CARTESIAN_POINT('',(108.47,-142.68,-4.6E-02));
#8673 = DIRECTION('',(-0.,-0.,-1.));
#8674 = DIRECTION('',(-0.,-1.,0.));
#8675 = ADVANCED_FACE('',(#8676),#8687,.F.);
#8676 = FACE_BOUND('',#8677,.T.);
#8677 = EDGE_LOOP('',(#8678,#8679,#8685,#8686));
#8678 = ORIENTED_EDGE('',*,*,#902,.T.);
#8679 = ORIENTED_EDGE('',*,*,#8680,.T.);
#8680 = EDGE_CURVE('',#903,#4705,#8681,.T.);
#8681 = LINE('',#8682,#8683);
#8682 = CARTESIAN_POINT('',(105.93,-138.35,-4.6E-02));
#8683 = VECTOR('',#8684,1.);
#8684 = DIRECTION('',(0.,0.,1.));
#8685 = ORIENTED_EDGE('',*,*,#4704,.F.);
#8686 = ORIENTED_EDGE('',*,*,#8680,.F.);
#8687 = CYLINDRICAL_SURFACE('',#8688,0.75);
#8688 = AXIS2_PLACEMENT_3D('',#8689,#8690,#8691);
#8689 = CARTESIAN_POINT('',(105.93,-137.6,-4.6E-02));
#8690 = DIRECTION('',(-0.,-0.,-1.));
#8691 = DIRECTION('',(-0.,-1.,0.));
#8692 = ADVANCED_FACE('',(#8693),#8704,.F.);
#8693 = FACE_BOUND('',#8694,.T.);
#8694 = EDGE_LOOP('',(#8695,#8696,#8702,#8703));
#8695 = ORIENTED_EDGE('',*,*,#913,.T.);
#8696 = ORIENTED_EDGE('',*,*,#8697,.T.);
#8697 = EDGE_CURVE('',#914,#4716,#8698,.T.);
#8698 = LINE('',#8699,#8700);
#8699 = CARTESIAN_POINT('',(118.47,-143.53,-4.6E-02));
#8700 = VECTOR('',#8701,1.);
#8701 = DIRECTION('',(0.,0.,1.));
#8702 = ORIENTED_EDGE('',*,*,#4715,.F.);
#8703 = ORIENTED_EDGE('',*,*,#8697,.F.);
#8704 = CYLINDRICAL_SURFACE('',#8705,0.85);
#8705 = AXIS2_PLACEMENT_3D('',#8706,#8707,#8708);
#8706 = CARTESIAN_POINT('',(118.47,-142.68,-4.6E-02));
#8707 = DIRECTION('',(-0.,-0.,-1.));
#8708 = DIRECTION('',(-0.,-1.,0.));
#8709 = ADVANCED_FACE('',(#8710),#8721,.F.);
#8710 = FACE_BOUND('',#8711,.T.);
#8711 = EDGE_LOOP('',(#8712,#8713,#8719,#8720));
#8712 = ORIENTED_EDGE('',*,*,#924,.T.);
#8713 = ORIENTED_EDGE('',*,*,#8714,.T.);
#8714 = EDGE_CURVE('',#925,#4727,#8715,.T.);
#8715 = LINE('',#8716,#8717);
#8716 = CARTESIAN_POINT('',(119.74,-140.89,-4.6E-02));
#8717 = VECTOR('',#8718,1.);
#8718 = DIRECTION('',(0.,0.,1.));
#8719 = ORIENTED_EDGE('',*,*,#4726,.F.);
#8720 = ORIENTED_EDGE('',*,*,#8714,.F.);
#8721 = CYLINDRICAL_SURFACE('',#8722,0.75);
#8722 = AXIS2_PLACEMENT_3D('',#8723,#8724,#8725);
#8723 = CARTESIAN_POINT('',(119.74,-140.14,-4.6E-02));
#8724 = DIRECTION('',(-0.,-0.,-1.));
#8725 = DIRECTION('',(-0.,-1.,0.));
#8726 = ADVANCED_FACE('',(#8727),#8738,.F.);
#8727 = FACE_BOUND('',#8728,.T.);
#8728 = EDGE_LOOP('',(#8729,#8730,#8736,#8737));
#8729 = ORIENTED_EDGE('',*,*,#935,.T.);
#8730 = ORIENTED_EDGE('',*,*,#8731,.T.);
#8731 = EDGE_CURVE('',#936,#4738,#8732,.T.);
#8732 = LINE('',#8733,#8734);
#8733 = CARTESIAN_POINT('',(127.6,-154.8,-4.6E-02));
#8734 = VECTOR('',#8735,1.);
#8735 = DIRECTION('',(0.,0.,1.));
#8736 = ORIENTED_EDGE('',*,*,#4737,.F.);
#8737 = ORIENTED_EDGE('',*,*,#8731,.F.);
#8738 = CYLINDRICAL_SURFACE('',#8739,0.4);
#8739 = AXIS2_PLACEMENT_3D('',#8740,#8741,#8742);
#8740 = CARTESIAN_POINT('',(127.6,-154.4,-4.6E-02));
#8741 = DIRECTION('',(-0.,-0.,-1.));
#8742 = DIRECTION('',(-0.,-1.,0.));
#8743 = ADVANCED_FACE('',(#8744),#8760,.F.);
#8744 = FACE_BOUND('',#8745,.T.);
#8745 = EDGE_LOOP('',(#8746,#8752,#8753,#8759));
#8746 = ORIENTED_EDGE('',*,*,#8747,.T.);
#8747 = EDGE_CURVE('',#947,#4749,#8748,.T.);
#8748 = LINE('',#8749,#8750);
#8749 = CARTESIAN_POINT('',(122.343288,-146.134543,0.));
#8750 = VECTOR('',#8751,1.);
#8751 = DIRECTION('',(0.,0.,1.));
#8752 = ORIENTED_EDGE('',*,*,#4748,.T.);
#8753 = ORIENTED_EDGE('',*,*,#8754,.F.);
#8754 = EDGE_CURVE('',#949,#4751,#8755,.T.);
#8755 = LINE('',#8756,#8757);
#8756 = CARTESIAN_POINT('',(121.640515,-146.783122,0.));
#8757 = VECTOR('',#8758,1.);
#8758 = DIRECTION('',(0.,0.,1.));
#8759 = ORIENTED_EDGE('',*,*,#946,.F.);
#8760 = CYLINDRICAL_SURFACE('',#8761,0.499999448976);
#8761 = AXIS2_PLACEMENT_3D('',#8762,#8763,#8764);
#8762 = CARTESIAN_POINT('',(122.09102909571,-146.5662430048,0.));
#8763 = DIRECTION('',(-0.,-0.,-1.));
#8764 = DIRECTION('',(0.504518364574,0.863400961204,-0.));
#8765 = ADVANCED_FACE('',(#8766),#8777,.T.);
#8766 = FACE_BOUND('',#8767,.T.);
#8767 = EDGE_LOOP('',(#8768,#8774,#8775,#8776));
#8768 = ORIENTED_EDGE('',*,*,#8769,.T.);
#8769 = EDGE_CURVE('',#958,#4760,#8770,.T.);
#8770 = LINE('',#8771,#8772);
#8771 = CARTESIAN_POINT('',(122.595547,-146.202842,0.));
#8772 = VECTOR('',#8773,1.);
#8773 = DIRECTION('',(0.,0.,1.));
#8774 = ORIENTED_EDGE('',*,*,#4759,.T.);
#8775 = ORIENTED_EDGE('',*,*,#8747,.F.);
#8776 = ORIENTED_EDGE('',*,*,#957,.F.);
#8777 = CYLINDRICAL_SURFACE('',#8778,0.500008729226);
#8778 = AXIS2_PLACEMENT_3D('',#8779,#8780,#8781);
#8779 = CARTESIAN_POINT('',(122.59554865685,-145.7028332707,0.));
#8780 = DIRECTION('',(0.,0.,-1.));
#8781 = DIRECTION('',(-3.313649515975E-06,-0.999999999995,-0.));
#8782 = ADVANCED_FACE('',(#8783),#8794,.T.);
#8783 = FACE_BOUND('',#8784,.T.);
#8784 = EDGE_LOOP('',(#8785,#8786,#8787,#8793));
#8785 = ORIENTED_EDGE('',*,*,#8754,.T.);
#8786 = ORIENTED_EDGE('',*,*,#4881,.T.);
#8787 = ORIENTED_EDGE('',*,*,#8788,.F.);
#8788 = EDGE_CURVE('',#1072,#4874,#8789,.T.);
#8789 = LINE('',#8790,#8791);
#8790 = CARTESIAN_POINT('',(121.69,-147.,0.));
#8791 = VECTOR('',#8792,1.);
#8792 = DIRECTION('',(0.,0.,1.));
#8793 = ORIENTED_EDGE('',*,*,#1079,.F.);
#8794 = CYLINDRICAL_SURFACE('',#8795,0.499989885034);
#8795 = AXIS2_PLACEMENT_3D('',#8796,#8797,#8798);
#8796 = CARTESIAN_POINT('',(121.19001011496,-146.9999980791,0.));
#8797 = DIRECTION('',(0.,0.,-1.));
#8798 = DIRECTION('',(0.901027997796,0.43376093322,0.));
#8799 = ADVANCED_FACE('',(#8800),#8811,.T.);
#8800 = FACE_BOUND('',#8801,.T.);
#8801 = EDGE_LOOP('',(#8802,#8808,#8809,#8810));
#8802 = ORIENTED_EDGE('',*,*,#8803,.T.);
#8803 = EDGE_CURVE('',#967,#4769,#8804,.T.);
#8804 = LINE('',#8805,#8806);
#8805 = CARTESIAN_POINT('',(124.184451,-146.202842,0.));
#8806 = VECTOR('',#8807,1.);
#8807 = DIRECTION('',(0.,0.,1.));
#8808 = ORIENTED_EDGE('',*,*,#4768,.T.);
#8809 = ORIENTED_EDGE('',*,*,#8769,.F.);
#8810 = ORIENTED_EDGE('',*,*,#966,.F.);
#8811 = PLANE('',#8812);
#8812 = AXIS2_PLACEMENT_3D('',#8813,#8814,#8815);
#8813 = CARTESIAN_POINT('',(124.184451,-146.202842,0.));
#8814 = DIRECTION('',(0.,-1.,0.));
#8815 = DIRECTION('',(-1.,0.,0.));
#8816 = ADVANCED_FACE('',(#8817),#8828,.T.);
#8817 = FACE_BOUND('',#8818,.T.);
#8818 = EDGE_LOOP('',(#8819,#8820,#8821,#8827));
#8819 = ORIENTED_EDGE('',*,*,#8788,.T.);
#8820 = ORIENTED_EDGE('',*,*,#4873,.T.);
#8821 = ORIENTED_EDGE('',*,*,#8822,.F.);
#8822 = EDGE_CURVE('',#1063,#4865,#8823,.T.);
#8823 = LINE('',#8824,#8825);
#8824 = CARTESIAN_POINT('',(121.69,-148.405685,0.));
#8825 = VECTOR('',#8826,1.);
#8826 = DIRECTION('',(0.,0.,1.));
#8827 = ORIENTED_EDGE('',*,*,#1071,.F.);
#8828 = PLANE('',#8829);
#8829 = AXIS2_PLACEMENT_3D('',#8830,#8831,#8832);
#8830 = CARTESIAN_POINT('',(121.69,-147.,0.));
#8831 = DIRECTION('',(1.,0.,-0.));
#8832 = DIRECTION('',(0.,-1.,0.));
#8833 = ADVANCED_FACE('',(#8834),#8845,.T.);
#8834 = FACE_BOUND('',#8835,.T.);
#8835 = EDGE_LOOP('',(#8836,#8842,#8843,#8844));
#8836 = ORIENTED_EDGE('',*,*,#8837,.T.);
#8837 = EDGE_CURVE('',#975,#4777,#8838,.T.);
#8838 = LINE('',#8839,#8840);
#8839 = CARTESIAN_POINT('',(124.436709,-146.134543,0.));
#8840 = VECTOR('',#8841,1.);
#8841 = DIRECTION('',(0.,0.,1.));
#8842 = ORIENTED_EDGE('',*,*,#4776,.T.);
#8843 = ORIENTED_EDGE('',*,*,#8803,.F.);
#8844 = ORIENTED_EDGE('',*,*,#974,.F.);
#8845 = CYLINDRICAL_SURFACE('',#8846,0.500008729288);
#8846 = AXIS2_PLACEMENT_3D('',#8847,#8848,#8849);
#8847 = CARTESIAN_POINT('',(124.18444834312,-145.7028332707,0.));
#8848 = DIRECTION('',(0.,0.,-1.));
#8849 = DIRECTION('',(0.504512505685,-0.863404384751,0.));
#8850 = ADVANCED_FACE('',(#8851),#8862,.T.);
#8851 = FACE_BOUND('',#8852,.T.);
#8852 = EDGE_LOOP('',(#8853,#8854,#8855,#8861));
#8853 = ORIENTED_EDGE('',*,*,#8822,.T.);
#8854 = ORIENTED_EDGE('',*,*,#4864,.T.);
#8855 = ORIENTED_EDGE('',*,*,#8856,.F.);
#8856 = EDGE_CURVE('',#1054,#4856,#8857,.T.);
#8857 = LINE('',#8858,#8859);
#8858 = CARTESIAN_POINT('',(121.640515,-148.622562,0.));
#8859 = VECTOR('',#8860,1.);
#8860 = DIRECTION('',(0.,0.,1.));
#8861 = ORIENTED_EDGE('',*,*,#1062,.F.);
#8862 = CYLINDRICAL_SURFACE('',#8863,0.499989884977);
#8863 = AXIS2_PLACEMENT_3D('',#8864,#8865,#8866);
#8864 = CARTESIAN_POINT('',(121.19001011502,-148.4056859208,0.));
#8865 = DIRECTION('',(0.,0.,-1.));
#8866 = DIRECTION('',(0.999999999998,1.841808653046E-06,0.));
#8867 = ADVANCED_FACE('',(#8868),#8879,.F.);
#8868 = FACE_BOUND('',#8869,.T.);
#8869 = EDGE_LOOP('',(#8870,#8876,#8877,#8878));
#8870 = ORIENTED_EDGE('',*,*,#8871,.T.);
#8871 = EDGE_CURVE('',#984,#4786,#8872,.T.);
#8872 = LINE('',#8873,#8874);
#8873 = CARTESIAN_POINT('',(125.139483,-146.783122,0.));
#8874 = VECTOR('',#8875,1.);
#8875 = DIRECTION('',(0.,0.,1.));
#8876 = ORIENTED_EDGE('',*,*,#4785,.T.);
#8877 = ORIENTED_EDGE('',*,*,#8837,.F.);
#8878 = ORIENTED_EDGE('',*,*,#983,.F.);
#8879 = CYLINDRICAL_SURFACE('',#8880,0.500000669307);
#8880 = AXIS2_PLACEMENT_3D('',#8881,#8882,#8883);
#8881 = CARTESIAN_POINT('',(124.68896646449,-146.5662452595,0.));
#8882 = DIRECTION('',(-0.,-0.,-1.));
#8883 = DIRECTION('',(0.901031864884,-0.433752900236,0.));
#8884 = ADVANCED_FACE('',(#8885),#8896,.F.);
#8885 = FACE_BOUND('',#8886,.T.);
#8886 = EDGE_LOOP('',(#8887,#8888,#8889,#8895));
#8887 = ORIENTED_EDGE('',*,*,#8856,.T.);
#8888 = ORIENTED_EDGE('',*,*,#4855,.T.);
#8889 = ORIENTED_EDGE('',*,*,#8890,.F.);
#8890 = EDGE_CURVE('',#1045,#4847,#8891,.T.);
#8891 = LINE('',#8892,#8893);
#8892 = CARTESIAN_POINT('',(122.343288,-149.27114,0.));
#8893 = VECTOR('',#8894,1.);
#8894 = DIRECTION('',(0.,0.,1.));
#8895 = ORIENTED_EDGE('',*,*,#1053,.F.);
#8896 = CYLINDRICAL_SURFACE('',#8897,0.499999422661);
#8897 = AXIS2_PLACEMENT_3D('',#8898,#8899,#8900);
#8898 = CARTESIAN_POINT('',(122.09102970448,-148.8394396699,0.));
#8899 = DIRECTION('',(-0.,-0.,-1.));
#8900 = DIRECTION('',(-0.901030449374,0.433755840654,0.));
#8901 = ADVANCED_FACE('',(#8902),#8913,.T.);
#8902 = FACE_BOUND('',#8903,.T.);
#8903 = EDGE_LOOP('',(#8904,#8910,#8911,#8912));
#8904 = ORIENTED_EDGE('',*,*,#8905,.T.);
#8905 = EDGE_CURVE('',#993,#4795,#8906,.T.);
#8906 = LINE('',#8907,#8908);
#8907 = CARTESIAN_POINT('',(125.089998,-146.999999,0.));
#8908 = VECTOR('',#8909,1.);
#8909 = DIRECTION('',(0.,0.,1.));
#8910 = ORIENTED_EDGE('',*,*,#4794,.T.);
#8911 = ORIENTED_EDGE('',*,*,#8871,.F.);
#8912 = ORIENTED_EDGE('',*,*,#992,.F.);
#8913 = CYLINDRICAL_SURFACE('',#8914,0.499989884978);
#8914 = AXIS2_PLACEMENT_3D('',#8915,#8916,#8917);
#8915 = CARTESIAN_POINT('',(125.58998788497,-146.9999980791,0.));
#8916 = DIRECTION('',(0.,0.,-1.));
#8917 = DIRECTION('',(-0.999999999998,-1.841808539356E-06,-0.));
#8918 = ADVANCED_FACE('',(#8919),#8930,.T.);
#8919 = FACE_BOUND('',#8920,.T.);
#8920 = EDGE_LOOP('',(#8921,#8922,#8923,#8929));
#8921 = ORIENTED_EDGE('',*,*,#8890,.T.);
#8922 = ORIENTED_EDGE('',*,*,#4846,.T.);
#8923 = ORIENTED_EDGE('',*,*,#8924,.F.);
#8924 = EDGE_CURVE('',#1037,#4839,#8925,.T.);
#8925 = LINE('',#8926,#8927);
#8926 = CARTESIAN_POINT('',(122.595546,-149.202841,0.));
#8927 = VECTOR('',#8928,1.);
#8928 = DIRECTION('',(0.,0.,1.));
#8929 = ORIENTED_EDGE('',*,*,#1044,.F.);
#8930 = CYLINDRICAL_SURFACE('',#8931,0.500008729288);
#8931 = AXIS2_PLACEMENT_3D('',#8932,#8933,#8934);
#8932 = CARTESIAN_POINT('',(122.59554865687,-149.7028497292,0.));
#8933 = DIRECTION('',(0.,0.,-1.));
#8934 = DIRECTION('',(-0.504512505686,0.863404384751,0.));
#8935 = ADVANCED_FACE('',(#8936),#8947,.T.);
#8936 = FACE_BOUND('',#8937,.T.);
#8937 = EDGE_LOOP('',(#8938,#8944,#8945,#8946));
#8938 = ORIENTED_EDGE('',*,*,#8939,.T.);
#8939 = EDGE_CURVE('',#1002,#4804,#8940,.T.);
#8940 = LINE('',#8941,#8942);
#8941 = CARTESIAN_POINT('',(125.089998,-148.405684,0.));
#8942 = VECTOR('',#8943,1.);
#8943 = DIRECTION('',(0.,0.,1.));
#8944 = ORIENTED_EDGE('',*,*,#4803,.T.);
#8945 = ORIENTED_EDGE('',*,*,#8905,.F.);
#8946 = ORIENTED_EDGE('',*,*,#1001,.F.);
#8947 = PLANE('',#8948);
#8948 = AXIS2_PLACEMENT_3D('',#8949,#8950,#8951);
#8949 = CARTESIAN_POINT('',(125.089998,-148.405684,0.));
#8950 = DIRECTION('',(-1.,0.,0.));
#8951 = DIRECTION('',(0.,1.,0.));
#8952 = ADVANCED_FACE('',(#8953),#8964,.T.);
#8953 = FACE_BOUND('',#8954,.T.);
#8954 = EDGE_LOOP('',(#8955,#8956,#8957,#8963));
#8955 = ORIENTED_EDGE('',*,*,#8924,.T.);
#8956 = ORIENTED_EDGE('',*,*,#4838,.T.);
#8957 = ORIENTED_EDGE('',*,*,#8958,.F.);
#8958 = EDGE_CURVE('',#1028,#4830,#8959,.T.);
#8959 = LINE('',#8960,#8961);
#8960 = CARTESIAN_POINT('',(124.184452,-149.202842,0.));
#8961 = VECTOR('',#8962,1.);
#8962 = DIRECTION('',(0.,0.,1.));
#8963 = ORIENTED_EDGE('',*,*,#1036,.F.);
#8964 = PLANE('',#8965);
#8965 = AXIS2_PLACEMENT_3D('',#8966,#8967,#8968);
#8966 = CARTESIAN_POINT('',(122.595546,-149.202841,0.));
#8967 = DIRECTION('',(6.29363850017E-07,1.,-0.));
#8968 = DIRECTION('',(1.,-6.29363850017E-07,0.));
#8969 = ADVANCED_FACE('',(#8970),#8981,.T.);
#8970 = FACE_BOUND('',#8971,.T.);
#8971 = EDGE_LOOP('',(#8972,#8978,#8979,#8980));
#8972 = ORIENTED_EDGE('',*,*,#8973,.T.);
#8973 = EDGE_CURVE('',#1010,#4812,#8974,.T.);
#8974 = LINE('',#8975,#8976);
#8975 = CARTESIAN_POINT('',(125.139483,-148.622562,0.));
#8976 = VECTOR('',#8977,1.);
#8977 = DIRECTION('',(0.,0.,1.));
#8978 = ORIENTED_EDGE('',*,*,#4811,.T.);
#8979 = ORIENTED_EDGE('',*,*,#8939,.F.);
#8980 = ORIENTED_EDGE('',*,*,#1009,.F.);
#8981 = CYLINDRICAL_SURFACE('',#8982,0.499989885034);
#8982 = AXIS2_PLACEMENT_3D('',#8983,#8984,#8985);
#8983 = CARTESIAN_POINT('',(125.58998788503,-148.4056859208,0.));
#8984 = DIRECTION('',(0.,0.,-1.));
#8985 = DIRECTION('',(-0.901027997796,-0.43376093322,-0.));
#8986 = ADVANCED_FACE('',(#8987),#8998,.T.);
#8987 = FACE_BOUND('',#8988,.T.);
#8988 = EDGE_LOOP('',(#8989,#8990,#8991,#8997));
#8989 = ORIENTED_EDGE('',*,*,#8958,.T.);
#8990 = ORIENTED_EDGE('',*,*,#4829,.T.);
#8991 = ORIENTED_EDGE('',*,*,#8992,.F.);
#8992 = EDGE_CURVE('',#1019,#4821,#8993,.T.);
#8993 = LINE('',#8994,#8995);
#8994 = CARTESIAN_POINT('',(124.43671,-149.271141,0.));
#8995 = VECTOR('',#8996,1.);
#8996 = DIRECTION('',(0.,0.,1.));
#8997 = ORIENTED_EDGE('',*,*,#1027,.F.);
#8998 = CYLINDRICAL_SURFACE('',#8999,0.500008729288);
#8999 = AXIS2_PLACEMENT_3D('',#9000,#9001,#9002);
#9000 = CARTESIAN_POINT('',(124.18444934312,-149.7028507292,0.));
#9001 = DIRECTION('',(0.,0.,-1.));
#9002 = DIRECTION('',(5.313662512143E-06,0.999999999986,0.));
#9003 = ADVANCED_FACE('',(#9004),#9010,.F.);
#9004 = FACE_BOUND('',#9005,.T.);
#9005 = EDGE_LOOP('',(#9006,#9007,#9008,#9009));
#9006 = ORIENTED_EDGE('',*,*,#8992,.T.);
#9007 = ORIENTED_EDGE('',*,*,#4820,.T.);
#9008 = ORIENTED_EDGE('',*,*,#8973,.F.);
#9009 = ORIENTED_EDGE('',*,*,#1018,.F.);
#9010 = CYLINDRICAL_SURFACE('',#9011,0.499999729127);
#9011 = AXIS2_PLACEMENT_3D('',#9012,#9013,#9014);
#9012 = CARTESIAN_POINT('',(124.68896825432,-148.8394402908,0.));
#9013 = DIRECTION('',(-0.,-0.,-1.));
#9014 = DIRECTION('',(-0.504516781969,-0.863401885979,0.));
#9015 = ADVANCED_FACE('',(#9016),#9027,.F.);
#9016 = FACE_BOUND('',#9017,.T.);
#9017 = EDGE_LOOP('',(#9018,#9019,#9025,#9026));
#9018 = ORIENTED_EDGE('',*,*,#1088,.T.);
#9019 = ORIENTED_EDGE('',*,*,#9020,.T.);
#9020 = EDGE_CURVE('',#1089,#4891,#9021,.T.);
#9021 = LINE('',#9022,#9023);
#9022 = CARTESIAN_POINT('',(139.78,-154.8,-4.6E-02));
#9023 = VECTOR('',#9024,1.);
#9024 = DIRECTION('',(0.,0.,1.));
#9025 = ORIENTED_EDGE('',*,*,#4890,.F.);
#9026 = ORIENTED_EDGE('',*,*,#9020,.F.);
#9027 = CYLINDRICAL_SURFACE('',#9028,0.4);
#9028 = AXIS2_PLACEMENT_3D('',#9029,#9030,#9031);
#9029 = CARTESIAN_POINT('',(139.78,-154.4,-4.6E-02));
#9030 = DIRECTION('',(-0.,-0.,-1.));
#9031 = DIRECTION('',(-0.,-1.,0.));
#9032 = ADVANCED_FACE('',(#9033),#9049,.F.);
#9033 = FACE_BOUND('',#9034,.T.);
#9034 = EDGE_LOOP('',(#9035,#9041,#9042,#9048));
#9035 = ORIENTED_EDGE('',*,*,#9036,.T.);
#9036 = EDGE_CURVE('',#1100,#4902,#9037,.T.);
#9037 = LINE('',#9038,#9039);
#9038 = CARTESIAN_POINT('',(142.543288,-146.334543,0.));
#9039 = VECTOR('',#9040,1.);
#9040 = DIRECTION('',(0.,0.,1.));
#9041 = ORIENTED_EDGE('',*,*,#4901,.T.);
#9042 = ORIENTED_EDGE('',*,*,#9043,.F.);
#9043 = EDGE_CURVE('',#1102,#4904,#9044,.T.);
#9044 = LINE('',#9045,#9046);
#9045 = CARTESIAN_POINT('',(141.840515,-146.983122,0.));
#9046 = VECTOR('',#9047,1.);
#9047 = DIRECTION('',(0.,0.,1.));
#9048 = ORIENTED_EDGE('',*,*,#1099,.F.);
#9049 = CYLINDRICAL_SURFACE('',#9050,0.499999448976);
#9050 = AXIS2_PLACEMENT_3D('',#9051,#9052,#9053);
#9051 = CARTESIAN_POINT('',(142.29102909571,-146.7662430048,0.));
#9052 = DIRECTION('',(-0.,-0.,-1.));
#9053 = DIRECTION('',(0.504518364574,0.863400961204,-0.));
#9054 = ADVANCED_FACE('',(#9055),#9066,.T.);
#9055 = FACE_BOUND('',#9056,.T.);
#9056 = EDGE_LOOP('',(#9057,#9063,#9064,#9065));
#9057 = ORIENTED_EDGE('',*,*,#9058,.T.);
#9058 = EDGE_CURVE('',#1111,#4913,#9059,.T.);
#9059 = LINE('',#9060,#9061);
#9060 = CARTESIAN_POINT('',(142.795547,-146.402842,0.));
#9061 = VECTOR('',#9062,1.);
#9062 = DIRECTION('',(0.,0.,1.));
#9063 = ORIENTED_EDGE('',*,*,#4912,.T.);
#9064 = ORIENTED_EDGE('',*,*,#9036,.F.);
#9065 = ORIENTED_EDGE('',*,*,#1110,.F.);
#9066 = CYLINDRICAL_SURFACE('',#9067,0.500008729226);
#9067 = AXIS2_PLACEMENT_3D('',#9068,#9069,#9070);
#9068 = CARTESIAN_POINT('',(142.79554865685,-145.9028332707,0.));
#9069 = DIRECTION('',(0.,0.,-1.));
#9070 = DIRECTION('',(-3.31364903282E-06,-0.999999999995,-0.));
#9071 = ADVANCED_FACE('',(#9072),#9083,.T.);
#9072 = FACE_BOUND('',#9073,.T.);
#9073 = EDGE_LOOP('',(#9074,#9075,#9076,#9082));
#9074 = ORIENTED_EDGE('',*,*,#9043,.T.);
#9075 = ORIENTED_EDGE('',*,*,#5034,.T.);
#9076 = ORIENTED_EDGE('',*,*,#9077,.F.);
#9077 = EDGE_CURVE('',#1225,#5027,#9078,.T.);
#9078 = LINE('',#9079,#9080);
#9079 = CARTESIAN_POINT('',(141.89,-147.2,0.));
#9080 = VECTOR('',#9081,1.);
#9081 = DIRECTION('',(0.,0.,1.));
#9082 = ORIENTED_EDGE('',*,*,#1232,.F.);
#9083 = CYLINDRICAL_SURFACE('',#9084,0.499989885034);
#9084 = AXIS2_PLACEMENT_3D('',#9085,#9086,#9087);
#9085 = CARTESIAN_POINT('',(141.39001011497,-147.1999980791,0.));
#9086 = DIRECTION('',(0.,0.,-1.));
#9087 = DIRECTION('',(0.901027997796,0.43376093322,0.));
#9088 = ADVANCED_FACE('',(#9089),#9100,.T.);
#9089 = FACE_BOUND('',#9090,.T.);
#9090 = EDGE_LOOP('',(#9091,#9097,#9098,#9099));
#9091 = ORIENTED_EDGE('',*,*,#9092,.T.);
#9092 = EDGE_CURVE('',#1120,#4922,#9093,.T.);
#9093 = LINE('',#9094,#9095);
#9094 = CARTESIAN_POINT('',(144.384451,-146.402842,0.));
#9095 = VECTOR('',#9096,1.);
#9096 = DIRECTION('',(0.,0.,1.));
#9097 = ORIENTED_EDGE('',*,*,#4921,.T.);
#9098 = ORIENTED_EDGE('',*,*,#9058,.F.);
#9099 = ORIENTED_EDGE('',*,*,#1119,.F.);
#9100 = PLANE('',#9101);
#9101 = AXIS2_PLACEMENT_3D('',#9102,#9103,#9104);
#9102 = CARTESIAN_POINT('',(144.384451,-146.402842,0.));
#9103 = DIRECTION('',(0.,-1.,0.));
#9104 = DIRECTION('',(-1.,0.,0.));
#9105 = ADVANCED_FACE('',(#9106),#9117,.T.);
#9106 = FACE_BOUND('',#9107,.T.);
#9107 = EDGE_LOOP('',(#9108,#9109,#9110,#9116));
#9108 = ORIENTED_EDGE('',*,*,#9077,.T.);
#9109 = ORIENTED_EDGE('',*,*,#5026,.T.);
#9110 = ORIENTED_EDGE('',*,*,#9111,.F.);
#9111 = EDGE_CURVE('',#1216,#5018,#9112,.T.);
#9112 = LINE('',#9113,#9114);
#9113 = CARTESIAN_POINT('',(141.89,-148.605685,0.));
#9114 = VECTOR('',#9115,1.);
#9115 = DIRECTION('',(0.,0.,1.));
#9116 = ORIENTED_EDGE('',*,*,#1224,.F.);
#9117 = PLANE('',#9118);
#9118 = AXIS2_PLACEMENT_3D('',#9119,#9120,#9121);
#9119 = CARTESIAN_POINT('',(141.89,-147.2,0.));
#9120 = DIRECTION('',(1.,0.,-0.));
#9121 = DIRECTION('',(0.,-1.,0.));
#9122 = ADVANCED_FACE('',(#9123),#9134,.T.);
#9123 = FACE_BOUND('',#9124,.T.);
#9124 = EDGE_LOOP('',(#9125,#9131,#9132,#9133));
#9125 = ORIENTED_EDGE('',*,*,#9126,.T.);
#9126 = EDGE_CURVE('',#1128,#4930,#9127,.T.);
#9127 = LINE('',#9128,#9129);
#9128 = CARTESIAN_POINT('',(144.636709,-146.334543,0.));
#9129 = VECTOR('',#9130,1.);
#9130 = DIRECTION('',(0.,0.,1.));
#9131 = ORIENTED_EDGE('',*,*,#4929,.T.);
#9132 = ORIENTED_EDGE('',*,*,#9092,.F.);
#9133 = ORIENTED_EDGE('',*,*,#1127,.F.);
#9134 = CYLINDRICAL_SURFACE('',#9135,0.500008729288);
#9135 = AXIS2_PLACEMENT_3D('',#9136,#9137,#9138);
#9136 = CARTESIAN_POINT('',(144.38444834312,-145.9028332707,0.));
#9137 = DIRECTION('',(0.,0.,-1.));
#9138 = DIRECTION('',(0.504512505686,-0.863404384751,0.));
#9139 = ADVANCED_FACE('',(#9140),#9151,.T.);
#9140 = FACE_BOUND('',#9141,.T.);
#9141 = EDGE_LOOP('',(#9142,#9143,#9144,#9150));
#9142 = ORIENTED_EDGE('',*,*,#9111,.T.);
#9143 = ORIENTED_EDGE('',*,*,#5017,.T.);
#9144 = ORIENTED_EDGE('',*,*,#9145,.F.);
#9145 = EDGE_CURVE('',#1207,#5009,#9146,.T.);
#9146 = LINE('',#9147,#9148);
#9147 = CARTESIAN_POINT('',(141.840515,-148.822562,0.));
#9148 = VECTOR('',#9149,1.);
#9149 = DIRECTION('',(0.,0.,1.));
#9150 = ORIENTED_EDGE('',*,*,#1215,.F.);
#9151 = CYLINDRICAL_SURFACE('',#9152,0.499989884977);
#9152 = AXIS2_PLACEMENT_3D('',#9153,#9154,#9155);
#9153 = CARTESIAN_POINT('',(141.39001011502,-148.6056859208,0.));
#9154 = DIRECTION('',(0.,0.,-1.));
#9155 = DIRECTION('',(0.999999999998,1.841808994115E-06,0.));
#9156 = ADVANCED_FACE('',(#9157),#9168,.F.);
#9157 = FACE_BOUND('',#9158,.T.);
#9158 = EDGE_LOOP('',(#9159,#9165,#9166,#9167));
#9159 = ORIENTED_EDGE('',*,*,#9160,.T.);
#9160 = EDGE_CURVE('',#1137,#4939,#9161,.T.);
#9161 = LINE('',#9162,#9163);
#9162 = CARTESIAN_POINT('',(145.339483,-146.983122,0.));
#9163 = VECTOR('',#9164,1.);
#9164 = DIRECTION('',(0.,0.,1.));
#9165 = ORIENTED_EDGE('',*,*,#4938,.T.);
#9166 = ORIENTED_EDGE('',*,*,#9126,.F.);
#9167 = ORIENTED_EDGE('',*,*,#1136,.F.);
#9168 = CYLINDRICAL_SURFACE('',#9169,0.500000669307);
#9169 = AXIS2_PLACEMENT_3D('',#9170,#9171,#9172);
#9170 = CARTESIAN_POINT('',(144.88896646449,-146.7662452595,0.));
#9171 = DIRECTION('',(-0.,-0.,-1.));
#9172 = DIRECTION('',(0.901031864884,-0.433752900236,0.));
#9173 = ADVANCED_FACE('',(#9174),#9185,.F.);
#9174 = FACE_BOUND('',#9175,.T.);
#9175 = EDGE_LOOP('',(#9176,#9177,#9178,#9184));
#9176 = ORIENTED_EDGE('',*,*,#9145,.T.);
#9177 = ORIENTED_EDGE('',*,*,#5008,.T.);
#9178 = ORIENTED_EDGE('',*,*,#9179,.F.);
#9179 = EDGE_CURVE('',#1198,#5000,#9180,.T.);
#9180 = LINE('',#9181,#9182);
#9181 = CARTESIAN_POINT('',(142.543288,-149.47114,0.));
#9182 = VECTOR('',#9183,1.);
#9183 = DIRECTION('',(0.,0.,1.));
#9184 = ORIENTED_EDGE('',*,*,#1206,.F.);
#9185 = CYLINDRICAL_SURFACE('',#9186,0.499999422661);
#9186 = AXIS2_PLACEMENT_3D('',#9187,#9188,#9189);
#9187 = CARTESIAN_POINT('',(142.29102970448,-149.0394396699,0.));
#9188 = DIRECTION('',(-0.,-0.,-1.));
#9189 = DIRECTION('',(-0.901030449374,0.433755840654,0.));
#9190 = ADVANCED_FACE('',(#9191),#9202,.T.);
#9191 = FACE_BOUND('',#9192,.T.);
#9192 = EDGE_LOOP('',(#9193,#9199,#9200,#9201));
#9193 = ORIENTED_EDGE('',*,*,#9194,.T.);
#9194 = EDGE_CURVE('',#1146,#4948,#9195,.T.);
#9195 = LINE('',#9196,#9197);
#9196 = CARTESIAN_POINT('',(145.289998,-147.199999,0.));
#9197 = VECTOR('',#9198,1.);
#9198 = DIRECTION('',(0.,0.,1.));
#9199 = ORIENTED_EDGE('',*,*,#4947,.T.);
#9200 = ORIENTED_EDGE('',*,*,#9160,.F.);
#9201 = ORIENTED_EDGE('',*,*,#1145,.F.);
#9202 = CYLINDRICAL_SURFACE('',#9203,0.499989884977);
#9203 = AXIS2_PLACEMENT_3D('',#9204,#9205,#9206);
#9204 = CARTESIAN_POINT('',(145.78998788497,-147.1999980791,0.));
#9205 = DIRECTION('',(0.,0.,-1.));
#9206 = DIRECTION('',(-0.999999999998,-1.841808653046E-06,-0.));
#9207 = ADVANCED_FACE('',(#9208),#9219,.T.);
#9208 = FACE_BOUND('',#9209,.T.);
#9209 = EDGE_LOOP('',(#9210,#9211,#9212,#9218));
#9210 = ORIENTED_EDGE('',*,*,#9179,.T.);
#9211 = ORIENTED_EDGE('',*,*,#4999,.T.);
#9212 = ORIENTED_EDGE('',*,*,#9213,.F.);
#9213 = EDGE_CURVE('',#1190,#4992,#9214,.T.);
#9214 = LINE('',#9215,#9216);
#9215 = CARTESIAN_POINT('',(142.795546,-149.402841,0.));
#9216 = VECTOR('',#9217,1.);
#9217 = DIRECTION('',(0.,0.,1.));
#9218 = ORIENTED_EDGE('',*,*,#1197,.F.);
#9219 = CYLINDRICAL_SURFACE('',#9220,0.500008729288);
#9220 = AXIS2_PLACEMENT_3D('',#9221,#9222,#9223);
#9221 = CARTESIAN_POINT('',(142.79554865687,-149.9028497292,0.));
#9222 = DIRECTION('',(0.,0.,-1.));
#9223 = DIRECTION('',(-0.504512505685,0.863404384751,0.));
#9224 = ADVANCED_FACE('',(#9225),#9236,.T.);
#9225 = FACE_BOUND('',#9226,.T.);
#9226 = EDGE_LOOP('',(#9227,#9233,#9234,#9235));
#9227 = ORIENTED_EDGE('',*,*,#9228,.T.);
#9228 = EDGE_CURVE('',#1155,#4957,#9229,.T.);
#9229 = LINE('',#9230,#9231);
#9230 = CARTESIAN_POINT('',(145.289998,-148.605684,0.));
#9231 = VECTOR('',#9232,1.);
#9232 = DIRECTION('',(0.,0.,1.));
#9233 = ORIENTED_EDGE('',*,*,#4956,.T.);
#9234 = ORIENTED_EDGE('',*,*,#9194,.F.);
#9235 = ORIENTED_EDGE('',*,*,#1154,.F.);
#9236 = PLANE('',#9237);
#9237 = AXIS2_PLACEMENT_3D('',#9238,#9239,#9240);
#9238 = CARTESIAN_POINT('',(145.289998,-148.605684,0.));
#9239 = DIRECTION('',(-1.,0.,0.));
#9240 = DIRECTION('',(0.,1.,0.));
#9241 = ADVANCED_FACE('',(#9242),#9253,.T.);
#9242 = FACE_BOUND('',#9243,.T.);
#9243 = EDGE_LOOP('',(#9244,#9245,#9246,#9252));
#9244 = ORIENTED_EDGE('',*,*,#9213,.T.);
#9245 = ORIENTED_EDGE('',*,*,#4991,.T.);
#9246 = ORIENTED_EDGE('',*,*,#9247,.F.);
#9247 = EDGE_CURVE('',#1181,#4983,#9248,.T.);
#9248 = LINE('',#9249,#9250);
#9249 = CARTESIAN_POINT('',(144.384452,-149.402842,0.));
#9250 = VECTOR('',#9251,1.);
#9251 = DIRECTION('',(0.,0.,1.));
#9252 = ORIENTED_EDGE('',*,*,#1189,.F.);
#9253 = PLANE('',#9254);
#9254 = AXIS2_PLACEMENT_3D('',#9255,#9256,#9257);
#9255 = CARTESIAN_POINT('',(142.795546,-149.402841,0.));
#9256 = DIRECTION('',(6.29363850017E-07,1.,-0.));
#9257 = DIRECTION('',(1.,-6.29363850017E-07,0.));
#9258 = ADVANCED_FACE('',(#9259),#9270,.T.);
#9259 = FACE_BOUND('',#9260,.T.);
#9260 = EDGE_LOOP('',(#9261,#9267,#9268,#9269));
#9261 = ORIENTED_EDGE('',*,*,#9262,.T.);
#9262 = EDGE_CURVE('',#1163,#4965,#9263,.T.);
#9263 = LINE('',#9264,#9265);
#9264 = CARTESIAN_POINT('',(145.339483,-148.822562,0.));
#9265 = VECTOR('',#9266,1.);
#9266 = DIRECTION('',(0.,0.,1.));
#9267 = ORIENTED_EDGE('',*,*,#4964,.T.);
#9268 = ORIENTED_EDGE('',*,*,#9228,.F.);
#9269 = ORIENTED_EDGE('',*,*,#1162,.F.);
#9270 = CYLINDRICAL_SURFACE('',#9271,0.499989885034);
#9271 = AXIS2_PLACEMENT_3D('',#9272,#9273,#9274);
#9272 = CARTESIAN_POINT('',(145.78998788503,-148.6056859208,0.));
#9273 = DIRECTION('',(0.,0.,-1.));
#9274 = DIRECTION('',(-0.901027997796,-0.43376093322,-0.));
#9275 = ADVANCED_FACE('',(#9276),#9287,.T.);
#9276 = FACE_BOUND('',#9277,.T.);
#9277 = EDGE_LOOP('',(#9278,#9279,#9280,#9286));
#9278 = ORIENTED_EDGE('',*,*,#9247,.T.);
#9279 = ORIENTED_EDGE('',*,*,#4982,.T.);
#9280 = ORIENTED_EDGE('',*,*,#9281,.F.);
#9281 = EDGE_CURVE('',#1172,#4974,#9282,.T.);
#9282 = LINE('',#9283,#9284);
#9283 = CARTESIAN_POINT('',(144.63671,-149.471141,0.));
#9284 = VECTOR('',#9285,1.);
#9285 = DIRECTION('',(0.,0.,1.));
#9286 = ORIENTED_EDGE('',*,*,#1180,.F.);
#9287 = CYLINDRICAL_SURFACE('',#9288,0.500008729289);
#9288 = AXIS2_PLACEMENT_3D('',#9289,#9290,#9291);
#9289 = CARTESIAN_POINT('',(144.38444934312,-149.9028507292,0.));
#9290 = DIRECTION('',(0.,0.,-1.));
#9291 = DIRECTION('',(5.313662938454E-06,0.999999999986,0.));
#9292 = ADVANCED_FACE('',(#9293),#9299,.F.);
#9293 = FACE_BOUND('',#9294,.T.);
#9294 = EDGE_LOOP('',(#9295,#9296,#9297,#9298));
#9295 = ORIENTED_EDGE('',*,*,#9281,.T.);
#9296 = ORIENTED_EDGE('',*,*,#4973,.T.);
#9297 = ORIENTED_EDGE('',*,*,#9262,.F.);
#9298 = ORIENTED_EDGE('',*,*,#1171,.F.);
#9299 = CYLINDRICAL_SURFACE('',#9300,0.499999729127);
#9300 = AXIS2_PLACEMENT_3D('',#9301,#9302,#9303);
#9301 = CARTESIAN_POINT('',(144.88896825432,-149.0394402908,0.));
#9302 = DIRECTION('',(-0.,-0.,-1.));
#9303 = DIRECTION('',(-0.504516781969,-0.863401885979,0.));
#9304 = ADVANCED_FACE('',(#9305),#9316,.F.);
#9305 = FACE_BOUND('',#9306,.T.);
#9306 = EDGE_LOOP('',(#9307,#9308,#9314,#9315));
#9307 = ORIENTED_EDGE('',*,*,#1241,.T.);
#9308 = ORIENTED_EDGE('',*,*,#9309,.T.);
#9309 = EDGE_CURVE('',#1242,#5044,#9310,.T.);
#9310 = LINE('',#9311,#9312);
#9311 = CARTESIAN_POINT('',(123.55,-144.68,-4.6E-02));
#9312 = VECTOR('',#9313,1.);
#9313 = DIRECTION('',(0.,0.,1.));
#9314 = ORIENTED_EDGE('',*,*,#5043,.F.);
#9315 = ORIENTED_EDGE('',*,*,#9309,.F.);
#9316 = CYLINDRICAL_SURFACE('',#9317,2.);
#9317 = AXIS2_PLACEMENT_3D('',#9318,#9319,#9320);
#9318 = CARTESIAN_POINT('',(123.55,-142.68,-4.6E-02));
#9319 = DIRECTION('',(-0.,-0.,-1.));
#9320 = DIRECTION('',(-0.,-1.,0.));
#9321 = ADVANCED_FACE('',(#9322),#9333,.F.);
#9322 = FACE_BOUND('',#9323,.T.);
#9323 = EDGE_LOOP('',(#9324,#9325,#9331,#9332));
#9324 = ORIENTED_EDGE('',*,*,#1252,.T.);
#9325 = ORIENTED_EDGE('',*,*,#9326,.T.);
#9326 = EDGE_CURVE('',#1253,#5055,#9327,.T.);
#9327 = LINE('',#9328,#9329);
#9328 = CARTESIAN_POINT('',(126.09,-138.35,-4.6E-02));
#9329 = VECTOR('',#9330,1.);
#9330 = DIRECTION('',(0.,0.,1.));
#9331 = ORIENTED_EDGE('',*,*,#5054,.F.);
#9332 = ORIENTED_EDGE('',*,*,#9326,.F.);
#9333 = CYLINDRICAL_SURFACE('',#9334,0.75);
#9334 = AXIS2_PLACEMENT_3D('',#9335,#9336,#9337);
#9335 = CARTESIAN_POINT('',(126.09,-137.6,-4.6E-02));
#9336 = DIRECTION('',(-0.,-0.,-1.));
#9337 = DIRECTION('',(-0.,-1.,0.));
#9338 = ADVANCED_FACE('',(#9339),#9350,.F.);
#9339 = FACE_BOUND('',#9340,.T.);
#9340 = EDGE_LOOP('',(#9341,#9342,#9348,#9349));
#9341 = ORIENTED_EDGE('',*,*,#1263,.T.);
#9342 = ORIENTED_EDGE('',*,*,#9343,.T.);
#9343 = EDGE_CURVE('',#1264,#5066,#9344,.T.);
#9344 = LINE('',#9345,#9346);
#9345 = CARTESIAN_POINT('',(128.63,-143.53,-4.6E-02));
#9346 = VECTOR('',#9347,1.);
#9347 = DIRECTION('',(0.,0.,1.));
#9348 = ORIENTED_EDGE('',*,*,#5065,.F.);
#9349 = ORIENTED_EDGE('',*,*,#9343,.F.);
#9350 = CYLINDRICAL_SURFACE('',#9351,0.85);
#9351 = AXIS2_PLACEMENT_3D('',#9352,#9353,#9354);
#9352 = CARTESIAN_POINT('',(128.63,-142.68,-4.6E-02));
#9353 = DIRECTION('',(-0.,-0.,-1.));
#9354 = DIRECTION('',(-0.,-1.,0.));
#9355 = ADVANCED_FACE('',(#9356),#9367,.F.);
#9356 = FACE_BOUND('',#9357,.T.);
#9357 = EDGE_LOOP('',(#9358,#9359,#9365,#9366));
#9358 = ORIENTED_EDGE('',*,*,#1274,.T.);
#9359 = ORIENTED_EDGE('',*,*,#9360,.T.);
#9360 = EDGE_CURVE('',#1275,#5077,#9361,.T.);
#9361 = LINE('',#9362,#9363);
#9362 = CARTESIAN_POINT('',(138.47,-143.53,-4.6E-02));
#9363 = VECTOR('',#9364,1.);
#9364 = DIRECTION('',(0.,0.,1.));
#9365 = ORIENTED_EDGE('',*,*,#5076,.F.);
#9366 = ORIENTED_EDGE('',*,*,#9360,.F.);
#9367 = CYLINDRICAL_SURFACE('',#9368,0.85);
#9368 = AXIS2_PLACEMENT_3D('',#9369,#9370,#9371);
#9369 = CARTESIAN_POINT('',(138.47,-142.68,-4.6E-02));
#9370 = DIRECTION('',(-0.,-0.,-1.));
#9371 = DIRECTION('',(-0.,-1.,0.));
#9372 = ADVANCED_FACE('',(#9373),#9384,.F.);
#9373 = FACE_BOUND('',#9374,.T.);
#9374 = EDGE_LOOP('',(#9375,#9376,#9382,#9383));
#9375 = ORIENTED_EDGE('',*,*,#1285,.T.);
#9376 = ORIENTED_EDGE('',*,*,#9377,.T.);
#9377 = EDGE_CURVE('',#1286,#5088,#9378,.T.);
#9378 = LINE('',#9379,#9380);
#9379 = CARTESIAN_POINT('',(143.55,-144.68,-4.6E-02));
#9380 = VECTOR('',#9381,1.);
#9381 = DIRECTION('',(0.,0.,1.));
#9382 = ORIENTED_EDGE('',*,*,#5087,.F.);
#9383 = ORIENTED_EDGE('',*,*,#9377,.F.);
#9384 = CYLINDRICAL_SURFACE('',#9385,2.);
#9385 = AXIS2_PLACEMENT_3D('',#9386,#9387,#9388);
#9386 = CARTESIAN_POINT('',(143.55,-142.68,-4.6E-02));
#9387 = DIRECTION('',(-0.,-0.,-1.));
#9388 = DIRECTION('',(-0.,-1.,0.));
#9389 = ADVANCED_FACE('',(#9390),#9401,.F.);
#9390 = FACE_BOUND('',#9391,.T.);
#9391 = EDGE_LOOP('',(#9392,#9393,#9399,#9400));
#9392 = ORIENTED_EDGE('',*,*,#1296,.T.);
#9393 = ORIENTED_EDGE('',*,*,#9394,.T.);
#9394 = EDGE_CURVE('',#1297,#5099,#9395,.T.);
#9395 = LINE('',#9396,#9397);
#9396 = CARTESIAN_POINT('',(139.74,-140.89,-4.6E-02));
#9397 = VECTOR('',#9398,1.);
#9398 = DIRECTION('',(0.,0.,1.));
#9399 = ORIENTED_EDGE('',*,*,#5098,.F.);
#9400 = ORIENTED_EDGE('',*,*,#9394,.F.);
#9401 = CYLINDRICAL_SURFACE('',#9402,0.75);
#9402 = AXIS2_PLACEMENT_3D('',#9403,#9404,#9405);
#9403 = CARTESIAN_POINT('',(139.74,-140.14,-4.6E-02));
#9404 = DIRECTION('',(-0.,-0.,-1.));
#9405 = DIRECTION('',(-0.,-1.,0.));
#9406 = ADVANCED_FACE('',(#9407),#9418,.F.);
#9407 = FACE_BOUND('',#9408,.T.);
#9408 = EDGE_LOOP('',(#9409,#9410,#9416,#9417));
#9409 = ORIENTED_EDGE('',*,*,#1307,.T.);
#9410 = ORIENTED_EDGE('',*,*,#9411,.T.);
#9411 = EDGE_CURVE('',#1308,#5110,#9412,.T.);
#9412 = LINE('',#9413,#9414);
#9413 = CARTESIAN_POINT('',(99.18,-130.2,-4.6E-02));
#9414 = VECTOR('',#9415,1.);
#9415 = DIRECTION('',(0.,0.,1.));
#9416 = ORIENTED_EDGE('',*,*,#5109,.F.);
#9417 = ORIENTED_EDGE('',*,*,#9411,.F.);
#9418 = CYLINDRICAL_SURFACE('',#9419,0.4);
#9419 = AXIS2_PLACEMENT_3D('',#9420,#9421,#9422);
#9420 = CARTESIAN_POINT('',(99.18,-129.8,-4.6E-02));
#9421 = DIRECTION('',(-0.,-0.,-1.));
#9422 = DIRECTION('',(-0.,-1.,0.));
#9423 = ADVANCED_FACE('',(#9424),#9435,.F.);
#9424 = FACE_BOUND('',#9425,.T.);
#9425 = EDGE_LOOP('',(#9426,#9427,#9433,#9434));
#9426 = ORIENTED_EDGE('',*,*,#1318,.T.);
#9427 = ORIENTED_EDGE('',*,*,#9428,.T.);
#9428 = EDGE_CURVE('',#1319,#5121,#9429,.T.);
#9429 = LINE('',#9430,#9431);
#9430 = CARTESIAN_POINT('',(106.8,-130.2,-4.6E-02));
#9431 = VECTOR('',#9432,1.);
#9432 = DIRECTION('',(0.,0.,1.));
#9433 = ORIENTED_EDGE('',*,*,#5120,.F.);
#9434 = ORIENTED_EDGE('',*,*,#9428,.F.);
#9435 = CYLINDRICAL_SURFACE('',#9436,0.4);
#9436 = AXIS2_PLACEMENT_3D('',#9437,#9438,#9439);
#9437 = CARTESIAN_POINT('',(106.8,-129.8,-4.6E-02));
#9438 = DIRECTION('',(-0.,-0.,-1.));
#9439 = DIRECTION('',(-3.5527136788E-14,-1.,0.));
#9440 = ADVANCED_FACE('',(#9441),#9457,.F.);
#9441 = FACE_BOUND('',#9442,.T.);
#9442 = EDGE_LOOP('',(#9443,#9449,#9450,#9456));
#9443 = ORIENTED_EDGE('',*,*,#9444,.T.);
#9444 = EDGE_CURVE('',#1330,#5132,#9445,.T.);
#9445 = LINE('',#9446,#9447);
#9446 = CARTESIAN_POINT('',(105.139483,-121.783122,0.));
#9447 = VECTOR('',#9448,1.);
#9448 = DIRECTION('',(0.,0.,1.));
#9449 = ORIENTED_EDGE('',*,*,#5131,.T.);
#9450 = ORIENTED_EDGE('',*,*,#9451,.F.);
#9451 = EDGE_CURVE('',#1332,#5134,#9452,.T.);
#9452 = LINE('',#9453,#9454);
#9453 = CARTESIAN_POINT('',(104.43671,-121.134545,0.));
#9454 = VECTOR('',#9455,1.);
#9455 = DIRECTION('',(0.,0.,1.));
#9456 = ORIENTED_EDGE('',*,*,#1329,.F.);
#9457 = CYLINDRICAL_SURFACE('',#9458,0.499999092786);
#9458 = AXIS2_PLACEMENT_3D('',#9459,#9460,#9461);
#9459 = CARTESIAN_POINT('',(104.68896839101,-121.5662448922,0.));
#9460 = DIRECTION('',(-0.,-0.,-1.));
#9461 = DIRECTION('',(0.901030852831,-0.43375500256,0.));
#9462 = ADVANCED_FACE('',(#9463),#9474,.T.);
#9463 = FACE_BOUND('',#9464,.T.);
#9464 = EDGE_LOOP('',(#9465,#9471,#9472,#9473));
#9465 = ORIENTED_EDGE('',*,*,#9466,.T.);
#9466 = EDGE_CURVE('',#1341,#5143,#9467,.T.);
#9467 = LINE('',#9468,#9469);
#9468 = CARTESIAN_POINT('',(105.089998,-122.,0.));
#9469 = VECTOR('',#9470,1.);
#9470 = DIRECTION('',(0.,0.,1.));
#9471 = ORIENTED_EDGE('',*,*,#5142,.T.);
#9472 = ORIENTED_EDGE('',*,*,#9444,.F.);
#9473 = ORIENTED_EDGE('',*,*,#1340,.F.);
#9474 = CYLINDRICAL_SURFACE('',#9475,0.499989885034);
#9475 = AXIS2_PLACEMENT_3D('',#9476,#9477,#9478);
#9476 = CARTESIAN_POINT('',(105.58998788503,-121.9999980791,0.));
#9477 = DIRECTION('',(0.,0.,-1.));
#9478 = DIRECTION('',(-0.999999999993,-3.841811392097E-06,-0.));
#9479 = ADVANCED_FACE('',(#9480),#9491,.T.);
#9480 = FACE_BOUND('',#9481,.T.);
#9481 = EDGE_LOOP('',(#9482,#9483,#9484,#9490));
#9482 = ORIENTED_EDGE('',*,*,#9451,.T.);
#9483 = ORIENTED_EDGE('',*,*,#5264,.T.);
#9484 = ORIENTED_EDGE('',*,*,#9485,.F.);
#9485 = EDGE_CURVE('',#1455,#5257,#9486,.T.);
#9486 = LINE('',#9487,#9488);
#9487 = CARTESIAN_POINT('',(104.184451,-121.202842,0.));
#9488 = VECTOR('',#9489,1.);
#9489 = DIRECTION('',(0.,0.,1.));
#9490 = ORIENTED_EDGE('',*,*,#1462,.F.);
#9491 = CYLINDRICAL_SURFACE('',#9492,0.500040834725);
#9492 = AXIS2_PLACEMENT_3D('',#9493,#9494,#9495);
#9493 = CARTESIAN_POINT('',(104.18444407362,-120.7028011653,0.));
#9494 = DIRECTION('',(0.,0.,-1.));
#9495 = DIRECTION('',(0.50449065128,-0.86341715455,0.));
#9496 = ADVANCED_FACE('',(#9497),#9508,.T.);
#9497 = FACE_BOUND('',#9498,.T.);
#9498 = EDGE_LOOP('',(#9499,#9505,#9506,#9507));
#9499 = ORIENTED_EDGE('',*,*,#9500,.T.);
#9500 = EDGE_CURVE('',#1350,#5152,#9501,.T.);
#9501 = LINE('',#9502,#9503);
#9502 = CARTESIAN_POINT('',(105.089998,-123.405684,0.));
#9503 = VECTOR('',#9504,1.);
#9504 = DIRECTION('',(0.,0.,1.));
#9505 = ORIENTED_EDGE('',*,*,#5151,.T.);
#9506 = ORIENTED_EDGE('',*,*,#9466,.F.);
#9507 = ORIENTED_EDGE('',*,*,#1349,.F.);
#9508 = PLANE('',#9509);
#9509 = AXIS2_PLACEMENT_3D('',#9510,#9511,#9512);
#9510 = CARTESIAN_POINT('',(105.089998,-123.405684,0.));
#9511 = DIRECTION('',(-1.,0.,0.));
#9512 = DIRECTION('',(0.,1.,0.));
#9513 = ADVANCED_FACE('',(#9514),#9525,.T.);
#9514 = FACE_BOUND('',#9515,.T.);
#9515 = EDGE_LOOP('',(#9516,#9517,#9518,#9524));
#9516 = ORIENTED_EDGE('',*,*,#9485,.T.);
#9517 = ORIENTED_EDGE('',*,*,#5256,.T.);
#9518 = ORIENTED_EDGE('',*,*,#9519,.F.);
#9519 = EDGE_CURVE('',#1446,#5248,#9520,.T.);
#9520 = LINE('',#9521,#9522);
#9521 = CARTESIAN_POINT('',(102.595547,-121.202842,0.));
#9522 = VECTOR('',#9523,1.);
#9523 = DIRECTION('',(0.,0.,1.));
#9524 = ORIENTED_EDGE('',*,*,#1454,.F.);
#9525 = PLANE('',#9526);
#9526 = AXIS2_PLACEMENT_3D('',#9527,#9528,#9529);
#9527 = CARTESIAN_POINT('',(104.184451,-121.202842,0.));
#9528 = DIRECTION('',(0.,-1.,0.));
#9529 = DIRECTION('',(-1.,0.,0.));
#9530 = ADVANCED_FACE('',(#9531),#9542,.T.);
#9531 = FACE_BOUND('',#9532,.T.);
#9532 = EDGE_LOOP('',(#9533,#9539,#9540,#9541));
#9533 = ORIENTED_EDGE('',*,*,#9534,.T.);
#9534 = EDGE_CURVE('',#1358,#5160,#9535,.T.);
#9535 = LINE('',#9536,#9537);
#9536 = CARTESIAN_POINT('',(105.139483,-123.622562,0.));
#9537 = VECTOR('',#9538,1.);
#9538 = DIRECTION('',(0.,0.,1.));
#9539 = ORIENTED_EDGE('',*,*,#5159,.T.);
#9540 = ORIENTED_EDGE('',*,*,#9500,.F.);
#9541 = ORIENTED_EDGE('',*,*,#1357,.F.);
#9542 = CYLINDRICAL_SURFACE('',#9543,0.499989885034);
#9543 = AXIS2_PLACEMENT_3D('',#9544,#9545,#9546);
#9544 = CARTESIAN_POINT('',(105.58998788503,-123.4056859208,0.));
#9545 = DIRECTION('',(0.,0.,-1.));
#9546 = DIRECTION('',(-0.901027997796,-0.43376093322,-0.));
#9547 = ADVANCED_FACE('',(#9548),#9559,.T.);
#9548 = FACE_BOUND('',#9549,.T.);
#9549 = EDGE_LOOP('',(#9550,#9551,#9552,#9558));
#9550 = ORIENTED_EDGE('',*,*,#9519,.T.);
#9551 = ORIENTED_EDGE('',*,*,#5247,.T.);
#9552 = ORIENTED_EDGE('',*,*,#9553,.F.);
#9553 = EDGE_CURVE('',#1437,#5239,#9554,.T.);
#9554 = LINE('',#9555,#9556);
#9555 = CARTESIAN_POINT('',(102.343288,-121.134543,0.));
#9556 = VECTOR('',#9557,1.);
#9557 = DIRECTION('',(0.,0.,1.));
#9558 = ORIENTED_EDGE('',*,*,#1445,.F.);
#9559 = CYLINDRICAL_SURFACE('',#9560,0.500008729226);
#9560 = AXIS2_PLACEMENT_3D('',#9561,#9562,#9563);
#9561 = CARTESIAN_POINT('',(102.59554865685,-120.7028332707,0.));
#9562 = DIRECTION('',(0.,0.,-1.));
#9563 = DIRECTION('',(-3.313649487555E-06,-0.999999999995,-0.));
#9564 = ADVANCED_FACE('',(#9565),#9576,.F.);
#9565 = FACE_BOUND('',#9566,.T.);
#9566 = EDGE_LOOP('',(#9567,#9573,#9574,#9575));
#9567 = ORIENTED_EDGE('',*,*,#9568,.T.);
#9568 = EDGE_CURVE('',#1367,#5169,#9569,.T.);
#9569 = LINE('',#9570,#9571);
#9570 = CARTESIAN_POINT('',(104.43671,-124.271141,0.));
#9571 = VECTOR('',#9572,1.);
#9572 = DIRECTION('',(0.,0.,1.));
#9573 = ORIENTED_EDGE('',*,*,#5168,.T.);
#9574 = ORIENTED_EDGE('',*,*,#9534,.F.);
#9575 = ORIENTED_EDGE('',*,*,#1366,.F.);
#9576 = CYLINDRICAL_SURFACE('',#9577,0.499999729127);
#9577 = AXIS2_PLACEMENT_3D('',#9578,#9579,#9580);
#9578 = CARTESIAN_POINT('',(104.68896825432,-123.8394402908,0.));
#9579 = DIRECTION('',(-0.,-0.,-1.));
#9580 = DIRECTION('',(-0.504516781969,-0.863401885979,0.));
#9581 = ADVANCED_FACE('',(#9582),#9593,.F.);
#9582 = FACE_BOUND('',#9583,.T.);
#9583 = EDGE_LOOP('',(#9584,#9585,#9586,#9592));
#9584 = ORIENTED_EDGE('',*,*,#9553,.T.);
#9585 = ORIENTED_EDGE('',*,*,#5238,.T.);
#9586 = ORIENTED_EDGE('',*,*,#9587,.F.);
#9587 = EDGE_CURVE('',#1428,#5230,#9588,.T.);
#9588 = LINE('',#9589,#9590);
#9589 = CARTESIAN_POINT('',(101.640515,-121.783123,0.));
#9590 = VECTOR('',#9591,1.);
#9591 = DIRECTION('',(0.,0.,1.));
#9592 = ORIENTED_EDGE('',*,*,#1436,.F.);
#9593 = CYLINDRICAL_SURFACE('',#9594,0.499999755443);
#9594 = AXIS2_PLACEMENT_3D('',#9595,#9596,#9597);
#9595 = CARTESIAN_POINT('',(102.0910291369,-121.5662433838,0.));
#9596 = DIRECTION('',(-0.,-0.,-1.));
#9597 = DIRECTION('',(0.504517972959,0.863401190039,-0.));
#9598 = ADVANCED_FACE('',(#9599),#9610,.T.);
#9599 = FACE_BOUND('',#9600,.T.);
#9600 = EDGE_LOOP('',(#9601,#9607,#9608,#9609));
#9601 = ORIENTED_EDGE('',*,*,#9602,.T.);
#9602 = EDGE_CURVE('',#1376,#5178,#9603,.T.);
#9603 = LINE('',#9604,#9605);
#9604 = CARTESIAN_POINT('',(104.184451,-124.202841,0.));
#9605 = VECTOR('',#9606,1.);
#9606 = DIRECTION('',(0.,0.,1.));
#9607 = ORIENTED_EDGE('',*,*,#5177,.T.);
#9608 = ORIENTED_EDGE('',*,*,#9568,.F.);
#9609 = ORIENTED_EDGE('',*,*,#1375,.F.);
#9610 = CYLINDRICAL_SURFACE('',#9611,0.50002311711);
#9611 = AXIS2_PLACEMENT_3D('',#9612,#9613,#9614);
#9612 = CARTESIAN_POINT('',(104.18444373621,-124.702864117,0.));
#9613 = DIRECTION('',(0.,0.,-1.));
#9614 = DIRECTION('',(1.452689320398E-05,0.999999999894,0.));
#9615 = ADVANCED_FACE('',(#9616),#9627,.T.);
#9616 = FACE_BOUND('',#9617,.T.);
#9617 = EDGE_LOOP('',(#9618,#9619,#9620,#9626));
#9618 = ORIENTED_EDGE('',*,*,#9587,.T.);
#9619 = ORIENTED_EDGE('',*,*,#5229,.T.);
#9620 = ORIENTED_EDGE('',*,*,#9621,.F.);
#9621 = EDGE_CURVE('',#1420,#5222,#9622,.T.);
#9622 = LINE('',#9623,#9624);
#9623 = CARTESIAN_POINT('',(101.69,-122.,0.));
#9624 = VECTOR('',#9625,1.);
#9625 = DIRECTION('',(0.,0.,1.));
#9626 = ORIENTED_EDGE('',*,*,#1427,.F.);
#9627 = CYLINDRICAL_SURFACE('',#9628,0.49998122973);
#9628 = AXIS2_PLACEMENT_3D('',#9629,#9630,#9631);
#9629 = CARTESIAN_POINT('',(101.19001877027,-121.9999971042,0.));
#9630 = DIRECTION('',(0.,0.,-1.));
#9631 = DIRECTION('',(0.901026284457,0.433764492229,0.));
#9632 = ADVANCED_FACE('',(#9633),#9644,.T.);
#9633 = FACE_BOUND('',#9634,.T.);
#9634 = EDGE_LOOP('',(#9635,#9641,#9642,#9643));
#9635 = ORIENTED_EDGE('',*,*,#9636,.T.);
#9636 = EDGE_CURVE('',#1385,#5187,#9637,.T.);
#9637 = LINE('',#9638,#9639);
#9638 = CARTESIAN_POINT('',(102.595546,-124.202841,0.));
#9639 = VECTOR('',#9640,1.);
#9640 = DIRECTION('',(0.,0.,1.));
#9641 = ORIENTED_EDGE('',*,*,#5186,.T.);
#9642 = ORIENTED_EDGE('',*,*,#9602,.F.);
#9643 = ORIENTED_EDGE('',*,*,#1384,.F.);
#9644 = PLANE('',#9645);
#9645 = AXIS2_PLACEMENT_3D('',#9646,#9647,#9648);
#9646 = CARTESIAN_POINT('',(102.595546,-124.202841,0.));
#9647 = DIRECTION('',(0.,1.,0.));
#9648 = DIRECTION('',(1.,0.,0.));
#9649 = ADVANCED_FACE('',(#9650),#9661,.T.);
#9650 = FACE_BOUND('',#9651,.T.);
#9651 = EDGE_LOOP('',(#9652,#9653,#9654,#9660));
#9652 = ORIENTED_EDGE('',*,*,#9621,.T.);
#9653 = ORIENTED_EDGE('',*,*,#5221,.T.);
#9654 = ORIENTED_EDGE('',*,*,#9655,.F.);
#9655 = EDGE_CURVE('',#1411,#5213,#9656,.T.);
#9656 = LINE('',#9657,#9658);
#9657 = CARTESIAN_POINT('',(101.69,-123.405684,0.));
#9658 = VECTOR('',#9659,1.);
#9659 = DIRECTION('',(0.,0.,1.));
#9660 = ORIENTED_EDGE('',*,*,#1419,.F.);
#9661 = PLANE('',#9662);
#9662 = AXIS2_PLACEMENT_3D('',#9663,#9664,#9665);
#9663 = CARTESIAN_POINT('',(101.69,-122.,0.));
#9664 = DIRECTION('',(1.,0.,-0.));
#9665 = DIRECTION('',(0.,-1.,0.));
#9666 = ADVANCED_FACE('',(#9667),#9678,.T.);
#9667 = FACE_BOUND('',#9668,.T.);
#9668 = EDGE_LOOP('',(#9669,#9675,#9676,#9677));
#9669 = ORIENTED_EDGE('',*,*,#9670,.T.);
#9670 = EDGE_CURVE('',#1393,#5195,#9671,.T.);
#9671 = LINE('',#9672,#9673);
#9672 = CARTESIAN_POINT('',(102.343288,-124.27114,0.));
#9673 = VECTOR('',#9674,1.);
#9674 = DIRECTION('',(0.,0.,1.));
#9675 = ORIENTED_EDGE('',*,*,#5194,.T.);
#9676 = ORIENTED_EDGE('',*,*,#9636,.F.);
#9677 = ORIENTED_EDGE('',*,*,#1392,.F.);
#9678 = CYLINDRICAL_SURFACE('',#9679,0.500008729288);
#9679 = AXIS2_PLACEMENT_3D('',#9680,#9681,#9682);
#9680 = CARTESIAN_POINT('',(102.59554865687,-124.7028497292,0.));
#9681 = DIRECTION('',(0.,0.,-1.));
#9682 = DIRECTION('',(-0.504512505685,0.863404384751,0.));
#9683 = ADVANCED_FACE('',(#9684),#9695,.T.);
#9684 = FACE_BOUND('',#9685,.T.);
#9685 = EDGE_LOOP('',(#9686,#9687,#9688,#9694));
#9686 = ORIENTED_EDGE('',*,*,#9655,.T.);
#9687 = ORIENTED_EDGE('',*,*,#5212,.T.);
#9688 = ORIENTED_EDGE('',*,*,#9689,.F.);
#9689 = EDGE_CURVE('',#1402,#5204,#9690,.T.);
#9690 = LINE('',#9691,#9692);
#9691 = CARTESIAN_POINT('',(101.640515,-123.622562,0.));
#9692 = VECTOR('',#9693,1.);
#9693 = DIRECTION('',(0.,0.,1.));
#9694 = ORIENTED_EDGE('',*,*,#1410,.F.);
#9695 = CYLINDRICAL_SURFACE('',#9696,0.499989885034);
#9696 = AXIS2_PLACEMENT_3D('',#9697,#9698,#9699);
#9697 = CARTESIAN_POINT('',(101.19001011496,-123.4056859208,0.));
#9698 = DIRECTION('',(0.,0.,-1.));
#9699 = DIRECTION('',(0.999999999993,3.841811392096E-06,0.));
#9700 = ADVANCED_FACE('',(#9701),#9707,.F.);
#9701 = FACE_BOUND('',#9702,.T.);
#9702 = EDGE_LOOP('',(#9703,#9704,#9705,#9706));
#9703 = ORIENTED_EDGE('',*,*,#9689,.T.);
#9704 = ORIENTED_EDGE('',*,*,#5203,.T.);
#9705 = ORIENTED_EDGE('',*,*,#9670,.F.);
#9706 = ORIENTED_EDGE('',*,*,#1401,.F.);
#9707 = CYLINDRICAL_SURFACE('',#9708,0.499999422661);
#9708 = AXIS2_PLACEMENT_3D('',#9709,#9710,#9711);
#9709 = CARTESIAN_POINT('',(102.09102970448,-123.8394396699,0.));
#9710 = DIRECTION('',(-0.,-0.,-1.));
#9711 = DIRECTION('',(-0.901030449374,0.433755840654,0.));
#9712 = ADVANCED_FACE('',(#9713),#9724,.F.);
#9713 = FACE_BOUND('',#9714,.T.);
#9714 = EDGE_LOOP('',(#9715,#9716,#9722,#9723));
#9715 = ORIENTED_EDGE('',*,*,#1471,.T.);
#9716 = ORIENTED_EDGE('',*,*,#9717,.T.);
#9717 = EDGE_CURVE('',#1472,#5274,#9718,.T.);
#9718 = LINE('',#9719,#9720);
#9719 = CARTESIAN_POINT('',(119.58,-130.2,-4.6E-02));
#9720 = VECTOR('',#9721,1.);
#9721 = DIRECTION('',(0.,0.,1.));
#9722 = ORIENTED_EDGE('',*,*,#5273,.F.);
#9723 = ORIENTED_EDGE('',*,*,#9717,.F.);
#9724 = CYLINDRICAL_SURFACE('',#9725,0.4);
#9725 = AXIS2_PLACEMENT_3D('',#9726,#9727,#9728);
#9726 = CARTESIAN_POINT('',(119.58,-129.8,-4.6E-02));
#9727 = DIRECTION('',(-0.,-0.,-1.));
#9728 = DIRECTION('',(-3.5527136788E-14,-1.,0.));
#9729 = ADVANCED_FACE('',(#9730),#9741,.F.);
#9730 = FACE_BOUND('',#9731,.T.);
#9731 = EDGE_LOOP('',(#9732,#9733,#9739,#9740));
#9732 = ORIENTED_EDGE('',*,*,#1482,.T.);
#9733 = ORIENTED_EDGE('',*,*,#9734,.T.);
#9734 = EDGE_CURVE('',#1483,#5285,#9735,.T.);
#9735 = LINE('',#9736,#9737);
#9736 = CARTESIAN_POINT('',(98.31,-118.53,-4.6E-02));
#9737 = VECTOR('',#9738,1.);
#9738 = DIRECTION('',(0.,0.,1.));
#9739 = ORIENTED_EDGE('',*,*,#5284,.F.);
#9740 = ORIENTED_EDGE('',*,*,#9734,.F.);
#9741 = CYLINDRICAL_SURFACE('',#9742,0.85);
#9742 = AXIS2_PLACEMENT_3D('',#9743,#9744,#9745);
#9743 = CARTESIAN_POINT('',(98.31,-117.68,-4.6E-02));
#9744 = DIRECTION('',(-0.,-0.,-1.));
#9745 = DIRECTION('',(-0.,-1.,0.));
#9746 = ADVANCED_FACE('',(#9747),#9758,.F.);
#9747 = FACE_BOUND('',#9748,.T.);
#9748 = EDGE_LOOP('',(#9749,#9750,#9756,#9757));
#9749 = ORIENTED_EDGE('',*,*,#1493,.T.);
#9750 = ORIENTED_EDGE('',*,*,#9751,.T.);
#9751 = EDGE_CURVE('',#1494,#5296,#9752,.T.);
#9752 = LINE('',#9753,#9754);
#9753 = CARTESIAN_POINT('',(99.58,-115.89,-4.6E-02));
#9754 = VECTOR('',#9755,1.);
#9755 = DIRECTION('',(0.,0.,1.));
#9756 = ORIENTED_EDGE('',*,*,#5295,.F.);
#9757 = ORIENTED_EDGE('',*,*,#9751,.F.);
#9758 = CYLINDRICAL_SURFACE('',#9759,0.75);
#9759 = AXIS2_PLACEMENT_3D('',#9760,#9761,#9762);
#9760 = CARTESIAN_POINT('',(99.58,-115.14,-4.6E-02));
#9761 = DIRECTION('',(-0.,-0.,-1.));
#9762 = DIRECTION('',(-0.,-1.,0.));
#9763 = ADVANCED_FACE('',(#9764),#9775,.F.);
#9764 = FACE_BOUND('',#9765,.T.);
#9765 = EDGE_LOOP('',(#9766,#9767,#9773,#9774));
#9766 = ORIENTED_EDGE('',*,*,#1504,.T.);
#9767 = ORIENTED_EDGE('',*,*,#9768,.T.);
#9768 = EDGE_CURVE('',#1505,#5307,#9769,.T.);
#9769 = LINE('',#9770,#9771);
#9770 = CARTESIAN_POINT('',(103.39,-119.68,-4.6E-02));
#9771 = VECTOR('',#9772,1.);
#9772 = DIRECTION('',(0.,0.,1.));
#9773 = ORIENTED_EDGE('',*,*,#5306,.F.);
#9774 = ORIENTED_EDGE('',*,*,#9768,.F.);
#9775 = CYLINDRICAL_SURFACE('',#9776,2.);
#9776 = AXIS2_PLACEMENT_3D('',#9777,#9778,#9779);
#9777 = CARTESIAN_POINT('',(103.39,-117.68,-4.6E-02));
#9778 = DIRECTION('',(-0.,-0.,-1.));
#9779 = DIRECTION('',(-0.,-1.,0.));
#9780 = ADVANCED_FACE('',(#9781),#9792,.F.);
#9781 = FACE_BOUND('',#9782,.T.);
#9782 = EDGE_LOOP('',(#9783,#9784,#9790,#9791));
#9783 = ORIENTED_EDGE('',*,*,#1515,.T.);
#9784 = ORIENTED_EDGE('',*,*,#9785,.T.);
#9785 = EDGE_CURVE('',#1516,#5318,#9786,.T.);
#9786 = LINE('',#9787,#9788);
#9787 = CARTESIAN_POINT('',(108.47,-118.53,-4.6E-02));
#9788 = VECTOR('',#9789,1.);
#9789 = DIRECTION('',(0.,0.,1.));
#9790 = ORIENTED_EDGE('',*,*,#5317,.F.);
#9791 = ORIENTED_EDGE('',*,*,#9785,.F.);
#9792 = CYLINDRICAL_SURFACE('',#9793,0.85);
#9793 = AXIS2_PLACEMENT_3D('',#9794,#9795,#9796);
#9794 = CARTESIAN_POINT('',(108.47,-117.68,-4.6E-02));
#9795 = DIRECTION('',(-0.,-0.,-1.));
#9796 = DIRECTION('',(-0.,-1.,0.));
#9797 = ADVANCED_FACE('',(#9798),#9809,.F.);
#9798 = FACE_BOUND('',#9799,.T.);
#9799 = EDGE_LOOP('',(#9800,#9801,#9807,#9808));
#9800 = ORIENTED_EDGE('',*,*,#1526,.T.);
#9801 = ORIENTED_EDGE('',*,*,#9802,.T.);
#9802 = EDGE_CURVE('',#1527,#5329,#9803,.T.);
#9803 = LINE('',#9804,#9805);
#9804 = CARTESIAN_POINT('',(105.93,-113.35,-4.6E-02));
#9805 = VECTOR('',#9806,1.);
#9806 = DIRECTION('',(0.,0.,1.));
#9807 = ORIENTED_EDGE('',*,*,#5328,.F.);
#9808 = ORIENTED_EDGE('',*,*,#9802,.F.);
#9809 = CYLINDRICAL_SURFACE('',#9810,0.75);
#9810 = AXIS2_PLACEMENT_3D('',#9811,#9812,#9813);
#9811 = CARTESIAN_POINT('',(105.93,-112.6,-4.6E-02));
#9812 = DIRECTION('',(-0.,-0.,-1.));
#9813 = DIRECTION('',(-0.,-1.,0.));
#9814 = ADVANCED_FACE('',(#9815),#9826,.F.);
#9815 = FACE_BOUND('',#9816,.T.);
#9816 = EDGE_LOOP('',(#9817,#9818,#9824,#9825));
#9817 = ORIENTED_EDGE('',*,*,#1537,.T.);
#9818 = ORIENTED_EDGE('',*,*,#9819,.T.);
#9819 = EDGE_CURVE('',#1538,#5340,#9820,.T.);
#9820 = LINE('',#9821,#9822);
#9821 = CARTESIAN_POINT('',(118.47,-118.53,-4.6E-02));
#9822 = VECTOR('',#9823,1.);
#9823 = DIRECTION('',(0.,0.,1.));
#9824 = ORIENTED_EDGE('',*,*,#5339,.F.);
#9825 = ORIENTED_EDGE('',*,*,#9819,.F.);
#9826 = CYLINDRICAL_SURFACE('',#9827,0.85);
#9827 = AXIS2_PLACEMENT_3D('',#9828,#9829,#9830);
#9828 = CARTESIAN_POINT('',(118.47,-117.68,-4.6E-02));
#9829 = DIRECTION('',(-0.,-0.,-1.));
#9830 = DIRECTION('',(-0.,-1.,0.));
#9831 = ADVANCED_FACE('',(#9832),#9843,.F.);
#9832 = FACE_BOUND('',#9833,.T.);
#9833 = EDGE_LOOP('',(#9834,#9835,#9841,#9842));
#9834 = ORIENTED_EDGE('',*,*,#1548,.T.);
#9835 = ORIENTED_EDGE('',*,*,#9836,.T.);
#9836 = EDGE_CURVE('',#1549,#5351,#9837,.T.);
#9837 = LINE('',#9838,#9839);
#9838 = CARTESIAN_POINT('',(119.74,-115.89,-4.6E-02));
#9839 = VECTOR('',#9840,1.);
#9840 = DIRECTION('',(0.,0.,1.));
#9841 = ORIENTED_EDGE('',*,*,#5350,.F.);
#9842 = ORIENTED_EDGE('',*,*,#9836,.F.);
#9843 = CYLINDRICAL_SURFACE('',#9844,0.75);
#9844 = AXIS2_PLACEMENT_3D('',#9845,#9846,#9847);
#9845 = CARTESIAN_POINT('',(119.74,-115.14,-4.6E-02));
#9846 = DIRECTION('',(-0.,-0.,-1.));
#9847 = DIRECTION('',(-0.,-1.,0.));
#9848 = ADVANCED_FACE('',(#9849),#9860,.F.);
#9849 = FACE_BOUND('',#9850,.T.);
#9850 = EDGE_LOOP('',(#9851,#9852,#9858,#9859));
#9851 = ORIENTED_EDGE('',*,*,#1559,.T.);
#9852 = ORIENTED_EDGE('',*,*,#9853,.T.);
#9853 = EDGE_CURVE('',#1560,#5362,#9854,.T.);
#9854 = LINE('',#9855,#9856);
#9855 = CARTESIAN_POINT('',(127.2,-130.2,-4.6E-02));
#9856 = VECTOR('',#9857,1.);
#9857 = DIRECTION('',(0.,0.,1.));
#9858 = ORIENTED_EDGE('',*,*,#5361,.F.);
#9859 = ORIENTED_EDGE('',*,*,#9853,.F.);
#9860 = CYLINDRICAL_SURFACE('',#9861,0.4);
#9861 = AXIS2_PLACEMENT_3D('',#9862,#9863,#9864);
#9862 = CARTESIAN_POINT('',(127.2,-129.8,-4.6E-02));
#9863 = DIRECTION('',(-0.,0.,-1.));
#9864 = DIRECTION('',(3.5527136788E-14,-1.,-0.));
#9865 = ADVANCED_FACE('',(#9866),#9882,.F.);
#9866 = FACE_BOUND('',#9867,.T.);
#9867 = EDGE_LOOP('',(#9868,#9874,#9875,#9881));
#9868 = ORIENTED_EDGE('',*,*,#9869,.T.);
#9869 = EDGE_CURVE('',#1571,#5373,#9870,.T.);
#9870 = LINE('',#9871,#9872);
#9871 = CARTESIAN_POINT('',(122.543288,-121.134543,0.));
#9872 = VECTOR('',#9873,1.);
#9873 = DIRECTION('',(0.,0.,1.));
#9874 = ORIENTED_EDGE('',*,*,#5372,.T.);
#9875 = ORIENTED_EDGE('',*,*,#9876,.F.);
#9876 = EDGE_CURVE('',#1573,#5375,#9877,.T.);
#9877 = LINE('',#9878,#9879);
#9878 = CARTESIAN_POINT('',(121.840515,-121.783122,0.));
#9879 = VECTOR('',#9880,1.);
#9880 = DIRECTION('',(0.,0.,1.));
#9881 = ORIENTED_EDGE('',*,*,#1570,.F.);
#9882 = CYLINDRICAL_SURFACE('',#9883,0.499999448976);
#9883 = AXIS2_PLACEMENT_3D('',#9884,#9885,#9886);
#9884 = CARTESIAN_POINT('',(122.29102909571,-121.5662430048,0.));
#9885 = DIRECTION('',(-0.,-0.,-1.));
#9886 = DIRECTION('',(0.504518364574,0.863400961204,-0.));
#9887 = ADVANCED_FACE('',(#9888),#9899,.T.);
#9888 = FACE_BOUND('',#9889,.T.);
#9889 = EDGE_LOOP('',(#9890,#9896,#9897,#9898));
#9890 = ORIENTED_EDGE('',*,*,#9891,.T.);
#9891 = EDGE_CURVE('',#1582,#5384,#9892,.T.);
#9892 = LINE('',#9893,#9894);
#9893 = CARTESIAN_POINT('',(122.795547,-121.202842,0.));
#9894 = VECTOR('',#9895,1.);
#9895 = DIRECTION('',(0.,0.,1.));
#9896 = ORIENTED_EDGE('',*,*,#5383,.T.);
#9897 = ORIENTED_EDGE('',*,*,#9869,.F.);
#9898 = ORIENTED_EDGE('',*,*,#1581,.F.);
#9899 = CYLINDRICAL_SURFACE('',#9900,0.500008729226);
#9900 = AXIS2_PLACEMENT_3D('',#9901,#9902,#9903);
#9901 = CARTESIAN_POINT('',(122.79554865685,-120.7028332707,0.));
#9902 = DIRECTION('',(0.,0.,-1.));
#9903 = DIRECTION('',(-3.313649430713E-06,-0.999999999995,-0.));
#9904 = ADVANCED_FACE('',(#9905),#9916,.T.);
#9905 = FACE_BOUND('',#9906,.T.);
#9906 = EDGE_LOOP('',(#9907,#9908,#9909,#9915));
#9907 = ORIENTED_EDGE('',*,*,#9876,.T.);
#9908 = ORIENTED_EDGE('',*,*,#5505,.T.);
#9909 = ORIENTED_EDGE('',*,*,#9910,.F.);
#9910 = EDGE_CURVE('',#1696,#5498,#9911,.T.);
#9911 = LINE('',#9912,#9913);
#9912 = CARTESIAN_POINT('',(121.89,-122.,0.));
#9913 = VECTOR('',#9914,1.);
#9914 = DIRECTION('',(0.,0.,1.));
#9915 = ORIENTED_EDGE('',*,*,#1703,.F.);
#9916 = CYLINDRICAL_SURFACE('',#9917,0.499989885034);
#9917 = AXIS2_PLACEMENT_3D('',#9918,#9919,#9920);
#9918 = CARTESIAN_POINT('',(121.39001011496,-121.9999980791,0.));
#9919 = DIRECTION('',(0.,0.,-1.));
#9920 = DIRECTION('',(0.901027997796,0.43376093322,0.));
#9921 = ADVANCED_FACE('',(#9922),#9933,.T.);
#9922 = FACE_BOUND('',#9923,.T.);
#9923 = EDGE_LOOP('',(#9924,#9930,#9931,#9932));
#9924 = ORIENTED_EDGE('',*,*,#9925,.T.);
#9925 = EDGE_CURVE('',#1591,#5393,#9926,.T.);
#9926 = LINE('',#9927,#9928);
#9927 = CARTESIAN_POINT('',(124.384451,-121.202842,0.));
#9928 = VECTOR('',#9929,1.);
#9929 = DIRECTION('',(0.,0.,1.));
#9930 = ORIENTED_EDGE('',*,*,#5392,.T.);
#9931 = ORIENTED_EDGE('',*,*,#9891,.F.);
#9932 = ORIENTED_EDGE('',*,*,#1590,.F.);
#9933 = PLANE('',#9934);
#9934 = AXIS2_PLACEMENT_3D('',#9935,#9936,#9937);
#9935 = CARTESIAN_POINT('',(124.384451,-121.202842,0.));
#9936 = DIRECTION('',(0.,-1.,0.));
#9937 = DIRECTION('',(-1.,0.,0.));
#9938 = ADVANCED_FACE('',(#9939),#9950,.T.);
#9939 = FACE_BOUND('',#9940,.T.);
#9940 = EDGE_LOOP('',(#9941,#9942,#9943,#9949));
#9941 = ORIENTED_EDGE('',*,*,#9910,.T.);
#9942 = ORIENTED_EDGE('',*,*,#5497,.T.);
#9943 = ORIENTED_EDGE('',*,*,#9944,.F.);
#9944 = EDGE_CURVE('',#1687,#5489,#9945,.T.);
#9945 = LINE('',#9946,#9947);
#9946 = CARTESIAN_POINT('',(121.89,-123.405685,0.));
#9947 = VECTOR('',#9948,1.);
#9948 = DIRECTION('',(0.,0.,1.));
#9949 = ORIENTED_EDGE('',*,*,#1695,.F.);
#9950 = PLANE('',#9951);
#9951 = AXIS2_PLACEMENT_3D('',#9952,#9953,#9954);
#9952 = CARTESIAN_POINT('',(121.89,-122.,0.));
#9953 = DIRECTION('',(1.,0.,-0.));
#9954 = DIRECTION('',(0.,-1.,0.));
#9955 = ADVANCED_FACE('',(#9956),#9967,.T.);
#9956 = FACE_BOUND('',#9957,.T.);
#9957 = EDGE_LOOP('',(#9958,#9964,#9965,#9966));
#9958 = ORIENTED_EDGE('',*,*,#9959,.T.);
#9959 = EDGE_CURVE('',#1599,#5401,#9960,.T.);
#9960 = LINE('',#9961,#9962);
#9961 = CARTESIAN_POINT('',(124.636709,-121.134543,0.));
#9962 = VECTOR('',#9963,1.);
#9963 = DIRECTION('',(0.,0.,1.));
#9964 = ORIENTED_EDGE('',*,*,#5400,.T.);
#9965 = ORIENTED_EDGE('',*,*,#9925,.F.);
#9966 = ORIENTED_EDGE('',*,*,#1598,.F.);
#9967 = CYLINDRICAL_SURFACE('',#9968,0.500008729288);
#9968 = AXIS2_PLACEMENT_3D('',#9969,#9970,#9971);
#9969 = CARTESIAN_POINT('',(124.38444834312,-120.7028332707,0.));
#9970 = DIRECTION('',(0.,0.,-1.));
#9971 = DIRECTION('',(0.504512505685,-0.863404384751,0.));
#9972 = ADVANCED_FACE('',(#9973),#9984,.T.);
#9973 = FACE_BOUND('',#9974,.T.);
#9974 = EDGE_LOOP('',(#9975,#9976,#9977,#9983));
#9975 = ORIENTED_EDGE('',*,*,#9944,.T.);
#9976 = ORIENTED_EDGE('',*,*,#5488,.T.);
#9977 = ORIENTED_EDGE('',*,*,#9978,.F.);
#9978 = EDGE_CURVE('',#1678,#5480,#9979,.T.);
#9979 = LINE('',#9980,#9981);
#9980 = CARTESIAN_POINT('',(121.840515,-123.622562,0.));
#9981 = VECTOR('',#9982,1.);
#9982 = DIRECTION('',(0.,0.,1.));
#9983 = ORIENTED_EDGE('',*,*,#1686,.F.);
#9984 = CYLINDRICAL_SURFACE('',#9985,0.499989884978);
#9985 = AXIS2_PLACEMENT_3D('',#9986,#9987,#9988);
#9986 = CARTESIAN_POINT('',(121.39001011502,-123.4056859208,0.));
#9987 = DIRECTION('',(0.,0.,-1.));
#9988 = DIRECTION('',(0.999999999998,1.841808567778E-06,0.));
#9989 = ADVANCED_FACE('',(#9990),#10001,.F.);
#9990 = FACE_BOUND('',#9991,.T.);
#9991 = EDGE_LOOP('',(#9992,#9998,#9999,#10000));
#9992 = ORIENTED_EDGE('',*,*,#9993,.T.);
#9993 = EDGE_CURVE('',#1608,#5410,#9994,.T.);
#9994 = LINE('',#9995,#9996);
#9995 = CARTESIAN_POINT('',(125.339483,-121.783122,0.));
#9996 = VECTOR('',#9997,1.);
#9997 = DIRECTION('',(0.,0.,1.));
#9998 = ORIENTED_EDGE('',*,*,#5409,.T.);
#9999 = ORIENTED_EDGE('',*,*,#9959,.F.);
#10000 = ORIENTED_EDGE('',*,*,#1607,.F.);
#10001 = CYLINDRICAL_SURFACE('',#10002,0.500000669307);
#10002 = AXIS2_PLACEMENT_3D('',#10003,#10004,#10005);
#10003 = CARTESIAN_POINT('',(124.88896646449,-121.5662452595,0.));
#10004 = DIRECTION('',(-0.,-0.,-1.));
#10005 = DIRECTION('',(0.901031864884,-0.433752900236,0.));
#10006 = ADVANCED_FACE('',(#10007),#10018,.F.);
#10007 = FACE_BOUND('',#10008,.T.);
#10008 = EDGE_LOOP('',(#10009,#10010,#10011,#10017));
#10009 = ORIENTED_EDGE('',*,*,#9978,.T.);
#10010 = ORIENTED_EDGE('',*,*,#5479,.T.);
#10011 = ORIENTED_EDGE('',*,*,#10012,.F.);
#10012 = EDGE_CURVE('',#1669,#5471,#10013,.T.);
#10013 = LINE('',#10014,#10015);
#10014 = CARTESIAN_POINT('',(122.543288,-124.27114,0.));
#10015 = VECTOR('',#10016,1.);
#10016 = DIRECTION('',(0.,0.,1.));
#10017 = ORIENTED_EDGE('',*,*,#1677,.F.);
#10018 = CYLINDRICAL_SURFACE('',#10019,0.499999422661);
#10019 = AXIS2_PLACEMENT_3D('',#10020,#10021,#10022);
#10020 = CARTESIAN_POINT('',(122.29102970448,-123.8394396699,0.));
#10021 = DIRECTION('',(-0.,-0.,-1.));
#10022 = DIRECTION('',(-0.901030449374,0.433755840654,0.));
#10023 = ADVANCED_FACE('',(#10024),#10035,.T.);
#10024 = FACE_BOUND('',#10025,.T.);
#10025 = EDGE_LOOP('',(#10026,#10032,#10033,#10034));
#10026 = ORIENTED_EDGE('',*,*,#10027,.T.);
#10027 = EDGE_CURVE('',#1617,#5419,#10028,.T.);
#10028 = LINE('',#10029,#10030);
#10029 = CARTESIAN_POINT('',(125.289998,-121.999999,0.));
#10030 = VECTOR('',#10031,1.);
#10031 = DIRECTION('',(0.,0.,1.));
#10032 = ORIENTED_EDGE('',*,*,#5418,.T.);
#10033 = ORIENTED_EDGE('',*,*,#9993,.F.);
#10034 = ORIENTED_EDGE('',*,*,#1616,.F.);
#10035 = CYLINDRICAL_SURFACE('',#10036,0.499989884978);
#10036 = AXIS2_PLACEMENT_3D('',#10037,#10038,#10039);
#10037 = CARTESIAN_POINT('',(125.78998788497,-121.9999980791,0.));
#10038 = DIRECTION('',(0.,0.,-1.));
#10039 = DIRECTION('',(-0.999999999998,-1.841808624623E-06,-0.));
#10040 = ADVANCED_FACE('',(#10041),#10052,.T.);
#10041 = FACE_BOUND('',#10042,.T.);
#10042 = EDGE_LOOP('',(#10043,#10044,#10045,#10051));
#10043 = ORIENTED_EDGE('',*,*,#10012,.T.);
#10044 = ORIENTED_EDGE('',*,*,#5470,.T.);
#10045 = ORIENTED_EDGE('',*,*,#10046,.F.);
#10046 = EDGE_CURVE('',#1661,#5463,#10047,.T.);
#10047 = LINE('',#10048,#10049);
#10048 = CARTESIAN_POINT('',(122.795546,-124.202841,0.));
#10049 = VECTOR('',#10050,1.);
#10050 = DIRECTION('',(0.,0.,1.));
#10051 = ORIENTED_EDGE('',*,*,#1668,.F.);
#10052 = CYLINDRICAL_SURFACE('',#10053,0.500008729288);
#10053 = AXIS2_PLACEMENT_3D('',#10054,#10055,#10056);
#10054 = CARTESIAN_POINT('',(122.79554865687,-124.7028497292,0.));
#10055 = DIRECTION('',(0.,0.,-1.));
#10056 = DIRECTION('',(-0.504512505685,0.863404384751,0.));
#10057 = ADVANCED_FACE('',(#10058),#10069,.T.);
#10058 = FACE_BOUND('',#10059,.T.);
#10059 = EDGE_LOOP('',(#10060,#10066,#10067,#10068));
#10060 = ORIENTED_EDGE('',*,*,#10061,.T.);
#10061 = EDGE_CURVE('',#1626,#5428,#10062,.T.);
#10062 = LINE('',#10063,#10064);
#10063 = CARTESIAN_POINT('',(125.289998,-123.405684,0.));
#10064 = VECTOR('',#10065,1.);
#10065 = DIRECTION('',(0.,0.,1.));
#10066 = ORIENTED_EDGE('',*,*,#5427,.T.);
#10067 = ORIENTED_EDGE('',*,*,#10027,.F.);
#10068 = ORIENTED_EDGE('',*,*,#1625,.F.);
#10069 = PLANE('',#10070);
#10070 = AXIS2_PLACEMENT_3D('',#10071,#10072,#10073);
#10071 = CARTESIAN_POINT('',(125.289998,-123.405684,0.));
#10072 = DIRECTION('',(-1.,0.,0.));
#10073 = DIRECTION('',(0.,1.,0.));
#10074 = ADVANCED_FACE('',(#10075),#10086,.T.);
#10075 = FACE_BOUND('',#10076,.T.);
#10076 = EDGE_LOOP('',(#10077,#10078,#10079,#10085));
#10077 = ORIENTED_EDGE('',*,*,#10046,.T.);
#10078 = ORIENTED_EDGE('',*,*,#5462,.T.);
#10079 = ORIENTED_EDGE('',*,*,#10080,.F.);
#10080 = EDGE_CURVE('',#1652,#5454,#10081,.T.);
#10081 = LINE('',#10082,#10083);
#10082 = CARTESIAN_POINT('',(124.384452,-124.202842,0.));
#10083 = VECTOR('',#10084,1.);
#10084 = DIRECTION('',(0.,0.,1.));
#10085 = ORIENTED_EDGE('',*,*,#1660,.F.);
#10086 = PLANE('',#10087);
#10087 = AXIS2_PLACEMENT_3D('',#10088,#10089,#10090);
#10088 = CARTESIAN_POINT('',(122.795546,-124.202841,0.));
#10089 = DIRECTION('',(6.29363850017E-07,1.,-0.));
#10090 = DIRECTION('',(1.,-6.29363850017E-07,0.));
#10091 = ADVANCED_FACE('',(#10092),#10103,.T.);
#10092 = FACE_BOUND('',#10093,.T.);
#10093 = EDGE_LOOP('',(#10094,#10100,#10101,#10102));
#10094 = ORIENTED_EDGE('',*,*,#10095,.T.);
#10095 = EDGE_CURVE('',#1634,#5436,#10096,.T.);
#10096 = LINE('',#10097,#10098);
#10097 = CARTESIAN_POINT('',(125.339483,-123.622562,0.));
#10098 = VECTOR('',#10099,1.);
#10099 = DIRECTION('',(0.,0.,1.));
#10100 = ORIENTED_EDGE('',*,*,#5435,.T.);
#10101 = ORIENTED_EDGE('',*,*,#10061,.F.);
#10102 = ORIENTED_EDGE('',*,*,#1633,.F.);
#10103 = CYLINDRICAL_SURFACE('',#10104,0.499989885034);
#10104 = AXIS2_PLACEMENT_3D('',#10105,#10106,#10107);
#10105 = CARTESIAN_POINT('',(125.78998788503,-123.4056859208,0.));
#10106 = DIRECTION('',(0.,0.,-1.));
#10107 = DIRECTION('',(-0.901027997796,-0.43376093322,-0.));
#10108 = ADVANCED_FACE('',(#10109),#10120,.T.);
#10109 = FACE_BOUND('',#10110,.T.);
#10110 = EDGE_LOOP('',(#10111,#10112,#10113,#10119));
#10111 = ORIENTED_EDGE('',*,*,#10080,.T.);
#10112 = ORIENTED_EDGE('',*,*,#5453,.T.);
#10113 = ORIENTED_EDGE('',*,*,#10114,.F.);
#10114 = EDGE_CURVE('',#1643,#5445,#10115,.T.);
#10115 = LINE('',#10116,#10117);
#10116 = CARTESIAN_POINT('',(124.63671,-124.271141,0.));
#10117 = VECTOR('',#10118,1.);
#10118 = DIRECTION('',(0.,0.,1.));
#10119 = ORIENTED_EDGE('',*,*,#1651,.F.);
#10120 = CYLINDRICAL_SURFACE('',#10121,0.500008729288);
#10121 = AXIS2_PLACEMENT_3D('',#10122,#10123,#10124);
#10122 = CARTESIAN_POINT('',(124.38444934312,-124.7028507292,0.));
#10123 = DIRECTION('',(0.,0.,-1.));
#10124 = DIRECTION('',(5.313662682668E-06,0.999999999986,0.));
#10125 = ADVANCED_FACE('',(#10126),#10132,.F.);
#10126 = FACE_BOUND('',#10127,.T.);
#10127 = EDGE_LOOP('',(#10128,#10129,#10130,#10131));
#10128 = ORIENTED_EDGE('',*,*,#10114,.T.);
#10129 = ORIENTED_EDGE('',*,*,#5444,.T.);
#10130 = ORIENTED_EDGE('',*,*,#10095,.F.);
#10131 = ORIENTED_EDGE('',*,*,#1642,.F.);
#10132 = CYLINDRICAL_SURFACE('',#10133,0.499999729127);
#10133 = AXIS2_PLACEMENT_3D('',#10134,#10135,#10136);
#10134 = CARTESIAN_POINT('',(124.88896825432,-123.8394402908,0.));
#10135 = DIRECTION('',(-0.,-0.,-1.));
#10136 = DIRECTION('',(-0.504516781969,-0.863401885979,0.));
#10137 = ADVANCED_FACE('',(#10138),#10149,.F.);
#10138 = FACE_BOUND('',#10139,.T.);
#10139 = EDGE_LOOP('',(#10140,#10141,#10147,#10148));
#10140 = ORIENTED_EDGE('',*,*,#1712,.T.);
#10141 = ORIENTED_EDGE('',*,*,#10142,.T.);
#10142 = EDGE_CURVE('',#1713,#5515,#10143,.T.);
#10143 = LINE('',#10144,#10145);
#10144 = CARTESIAN_POINT('',(138.97,-130.2,-4.6E-02));
#10145 = VECTOR('',#10146,1.);
#10146 = DIRECTION('',(0.,0.,1.));
#10147 = ORIENTED_EDGE('',*,*,#5514,.F.);
#10148 = ORIENTED_EDGE('',*,*,#10142,.F.);
#10149 = CYLINDRICAL_SURFACE('',#10150,0.4);
#10150 = AXIS2_PLACEMENT_3D('',#10151,#10152,#10153);
#10151 = CARTESIAN_POINT('',(138.97,-129.8,-4.6E-02));
#10152 = DIRECTION('',(-0.,-0.,-1.));
#10153 = DIRECTION('',(-0.,-1.,0.));
#10154 = ADVANCED_FACE('',(#10155),#10171,.F.);
#10155 = FACE_BOUND('',#10156,.T.);
#10156 = EDGE_LOOP('',(#10157,#10163,#10164,#10170));
#10157 = ORIENTED_EDGE('',*,*,#10158,.T.);
#10158 = EDGE_CURVE('',#1724,#5526,#10159,.T.);
#10159 = LINE('',#10160,#10161);
#10160 = CARTESIAN_POINT('',(142.543288,-121.134543,0.));
#10161 = VECTOR('',#10162,1.);
#10162 = DIRECTION('',(0.,0.,1.));
#10163 = ORIENTED_EDGE('',*,*,#5525,.T.);
#10164 = ORIENTED_EDGE('',*,*,#10165,.F.);
#10165 = EDGE_CURVE('',#1726,#5528,#10166,.T.);
#10166 = LINE('',#10167,#10168);
#10167 = CARTESIAN_POINT('',(141.840515,-121.783122,0.));
#10168 = VECTOR('',#10169,1.);
#10169 = DIRECTION('',(0.,0.,1.));
#10170 = ORIENTED_EDGE('',*,*,#1723,.F.);
#10171 = CYLINDRICAL_SURFACE('',#10172,0.499999448976);
#10172 = AXIS2_PLACEMENT_3D('',#10173,#10174,#10175);
#10173 = CARTESIAN_POINT('',(142.29102909571,-121.5662430048,0.));
#10174 = DIRECTION('',(-0.,-0.,-1.));
#10175 = DIRECTION('',(0.504518364574,0.863400961204,-0.));
#10176 = ADVANCED_FACE('',(#10177),#10188,.T.);
#10177 = FACE_BOUND('',#10178,.T.);
#10178 = EDGE_LOOP('',(#10179,#10185,#10186,#10187));
#10179 = ORIENTED_EDGE('',*,*,#10180,.T.);
#10180 = EDGE_CURVE('',#1735,#5537,#10181,.T.);
#10181 = LINE('',#10182,#10183);
#10182 = CARTESIAN_POINT('',(142.795547,-121.202842,0.));
#10183 = VECTOR('',#10184,1.);
#10184 = DIRECTION('',(0.,0.,1.));
#10185 = ORIENTED_EDGE('',*,*,#5536,.T.);
#10186 = ORIENTED_EDGE('',*,*,#10158,.F.);
#10187 = ORIENTED_EDGE('',*,*,#1734,.F.);
#10188 = CYLINDRICAL_SURFACE('',#10189,0.500008729226);
#10189 = AXIS2_PLACEMENT_3D('',#10190,#10191,#10192);
#10190 = CARTESIAN_POINT('',(142.79554865685,-120.7028332707,0.));
#10191 = DIRECTION('',(0.,0.,-1.));
#10192 = DIRECTION('',(-3.313649430713E-06,-0.999999999995,-0.));
#10193 = ADVANCED_FACE('',(#10194),#10205,.T.);
#10194 = FACE_BOUND('',#10195,.T.);
#10195 = EDGE_LOOP('',(#10196,#10197,#10198,#10204));
#10196 = ORIENTED_EDGE('',*,*,#10165,.T.);
#10197 = ORIENTED_EDGE('',*,*,#5658,.T.);
#10198 = ORIENTED_EDGE('',*,*,#10199,.F.);
#10199 = EDGE_CURVE('',#1849,#5651,#10200,.T.);
#10200 = LINE('',#10201,#10202);
#10201 = CARTESIAN_POINT('',(141.89,-122.,0.));
#10202 = VECTOR('',#10203,1.);
#10203 = DIRECTION('',(0.,0.,1.));
#10204 = ORIENTED_EDGE('',*,*,#1856,.F.);
#10205 = CYLINDRICAL_SURFACE('',#10206,0.499989885034);
#10206 = AXIS2_PLACEMENT_3D('',#10207,#10208,#10209);
#10207 = CARTESIAN_POINT('',(141.39001011497,-121.9999980791,0.));
#10208 = DIRECTION('',(0.,0.,-1.));
#10209 = DIRECTION('',(0.901027997796,0.43376093322,0.));
#10210 = ADVANCED_FACE('',(#10211),#10222,.T.);
#10211 = FACE_BOUND('',#10212,.T.);
#10212 = EDGE_LOOP('',(#10213,#10219,#10220,#10221));
#10213 = ORIENTED_EDGE('',*,*,#10214,.T.);
#10214 = EDGE_CURVE('',#1744,#5546,#10215,.T.);
#10215 = LINE('',#10216,#10217);
#10216 = CARTESIAN_POINT('',(144.384451,-121.202842,0.));
#10217 = VECTOR('',#10218,1.);
#10218 = DIRECTION('',(0.,0.,1.));
#10219 = ORIENTED_EDGE('',*,*,#5545,.T.);
#10220 = ORIENTED_EDGE('',*,*,#10180,.F.);
#10221 = ORIENTED_EDGE('',*,*,#1743,.F.);
#10222 = PLANE('',#10223);
#10223 = AXIS2_PLACEMENT_3D('',#10224,#10225,#10226);
#10224 = CARTESIAN_POINT('',(144.384451,-121.202842,0.));
#10225 = DIRECTION('',(0.,-1.,0.));
#10226 = DIRECTION('',(-1.,0.,0.));
#10227 = ADVANCED_FACE('',(#10228),#10239,.T.);
#10228 = FACE_BOUND('',#10229,.T.);
#10229 = EDGE_LOOP('',(#10230,#10231,#10232,#10238));
#10230 = ORIENTED_EDGE('',*,*,#10199,.T.);
#10231 = ORIENTED_EDGE('',*,*,#5650,.T.);
#10232 = ORIENTED_EDGE('',*,*,#10233,.F.);
#10233 = EDGE_CURVE('',#1840,#5642,#10234,.T.);
#10234 = LINE('',#10235,#10236);
#10235 = CARTESIAN_POINT('',(141.89,-123.405685,0.));
#10236 = VECTOR('',#10237,1.);
#10237 = DIRECTION('',(0.,0.,1.));
#10238 = ORIENTED_EDGE('',*,*,#1848,.F.);
#10239 = PLANE('',#10240);
#10240 = AXIS2_PLACEMENT_3D('',#10241,#10242,#10243);
#10241 = CARTESIAN_POINT('',(141.89,-122.,0.));
#10242 = DIRECTION('',(1.,0.,-0.));
#10243 = DIRECTION('',(0.,-1.,0.));
#10244 = ADVANCED_FACE('',(#10245),#10256,.T.);
#10245 = FACE_BOUND('',#10246,.T.);
#10246 = EDGE_LOOP('',(#10247,#10253,#10254,#10255));
#10247 = ORIENTED_EDGE('',*,*,#10248,.T.);
#10248 = EDGE_CURVE('',#1752,#5554,#10249,.T.);
#10249 = LINE('',#10250,#10251);
#10250 = CARTESIAN_POINT('',(144.636709,-121.134543,0.));
#10251 = VECTOR('',#10252,1.);
#10252 = DIRECTION('',(0.,0.,1.));
#10253 = ORIENTED_EDGE('',*,*,#5553,.T.);
#10254 = ORIENTED_EDGE('',*,*,#10214,.F.);
#10255 = ORIENTED_EDGE('',*,*,#1751,.F.);
#10256 = CYLINDRICAL_SURFACE('',#10257,0.500008729288);
#10257 = AXIS2_PLACEMENT_3D('',#10258,#10259,#10260);
#10258 = CARTESIAN_POINT('',(144.38444834312,-120.7028332707,0.));
#10259 = DIRECTION('',(0.,0.,-1.));
#10260 = DIRECTION('',(0.504512505685,-0.863404384751,0.));
#10261 = ADVANCED_FACE('',(#10262),#10273,.T.);
#10262 = FACE_BOUND('',#10263,.T.);
#10263 = EDGE_LOOP('',(#10264,#10265,#10266,#10272));
#10264 = ORIENTED_EDGE('',*,*,#10233,.T.);
#10265 = ORIENTED_EDGE('',*,*,#5641,.T.);
#10266 = ORIENTED_EDGE('',*,*,#10267,.F.);
#10267 = EDGE_CURVE('',#1831,#5633,#10268,.T.);
#10268 = LINE('',#10269,#10270);
#10269 = CARTESIAN_POINT('',(141.840515,-123.622562,0.));
#10270 = VECTOR('',#10271,1.);
#10271 = DIRECTION('',(0.,0.,1.));
#10272 = ORIENTED_EDGE('',*,*,#1839,.F.);
#10273 = CYLINDRICAL_SURFACE('',#10274,0.499989884977);
#10274 = AXIS2_PLACEMENT_3D('',#10275,#10276,#10277);
#10275 = CARTESIAN_POINT('',(141.39001011502,-123.4056859208,0.));
#10276 = DIRECTION('',(0.,0.,-1.));
#10277 = DIRECTION('',(0.999999999998,1.841808965692E-06,0.));
#10278 = ADVANCED_FACE('',(#10279),#10290,.F.);
#10279 = FACE_BOUND('',#10280,.T.);
#10280 = EDGE_LOOP('',(#10281,#10287,#10288,#10289));
#10281 = ORIENTED_EDGE('',*,*,#10282,.T.);
#10282 = EDGE_CURVE('',#1761,#5563,#10283,.T.);
#10283 = LINE('',#10284,#10285);
#10284 = CARTESIAN_POINT('',(145.339483,-121.783122,0.));
#10285 = VECTOR('',#10286,1.);
#10286 = DIRECTION('',(0.,0.,1.));
#10287 = ORIENTED_EDGE('',*,*,#5562,.T.);
#10288 = ORIENTED_EDGE('',*,*,#10248,.F.);
#10289 = ORIENTED_EDGE('',*,*,#1760,.F.);
#10290 = CYLINDRICAL_SURFACE('',#10291,0.500000669307);
#10291 = AXIS2_PLACEMENT_3D('',#10292,#10293,#10294);
#10292 = CARTESIAN_POINT('',(144.88896646449,-121.5662452595,0.));
#10293 = DIRECTION('',(-0.,-0.,-1.));
#10294 = DIRECTION('',(0.901031864884,-0.433752900236,0.));
#10295 = ADVANCED_FACE('',(#10296),#10307,.F.);
#10296 = FACE_BOUND('',#10297,.T.);
#10297 = EDGE_LOOP('',(#10298,#10299,#10300,#10306));
#10298 = ORIENTED_EDGE('',*,*,#10267,.T.);
#10299 = ORIENTED_EDGE('',*,*,#5632,.T.);
#10300 = ORIENTED_EDGE('',*,*,#10301,.F.);
#10301 = EDGE_CURVE('',#1822,#5624,#10302,.T.);
#10302 = LINE('',#10303,#10304);
#10303 = CARTESIAN_POINT('',(142.543288,-124.27114,0.));
#10304 = VECTOR('',#10305,1.);
#10305 = DIRECTION('',(0.,0.,1.));
#10306 = ORIENTED_EDGE('',*,*,#1830,.F.);
#10307 = CYLINDRICAL_SURFACE('',#10308,0.499999422661);
#10308 = AXIS2_PLACEMENT_3D('',#10309,#10310,#10311);
#10309 = CARTESIAN_POINT('',(142.29102970448,-123.8394396699,0.));
#10310 = DIRECTION('',(-0.,-0.,-1.));
#10311 = DIRECTION('',(-0.901030449374,0.433755840654,0.));
#10312 = ADVANCED_FACE('',(#10313),#10324,.T.);
#10313 = FACE_BOUND('',#10314,.T.);
#10314 = EDGE_LOOP('',(#10315,#10321,#10322,#10323));
#10315 = ORIENTED_EDGE('',*,*,#10316,.T.);
#10316 = EDGE_CURVE('',#1770,#5572,#10317,.T.);
#10317 = LINE('',#10318,#10319);
#10318 = CARTESIAN_POINT('',(145.289998,-121.999999,0.));
#10319 = VECTOR('',#10320,1.);
#10320 = DIRECTION('',(0.,0.,1.));
#10321 = ORIENTED_EDGE('',*,*,#5571,.T.);
#10322 = ORIENTED_EDGE('',*,*,#10282,.F.);
#10323 = ORIENTED_EDGE('',*,*,#1769,.F.);
#10324 = CYLINDRICAL_SURFACE('',#10325,0.499989884978);
#10325 = AXIS2_PLACEMENT_3D('',#10326,#10327,#10328);
#10326 = CARTESIAN_POINT('',(145.78998788497,-121.9999980791,0.));
#10327 = DIRECTION('',(0.,0.,-1.));
#10328 = DIRECTION('',(-0.999999999998,-1.841808624623E-06,-0.));
#10329 = ADVANCED_FACE('',(#10330),#10341,.T.);
#10330 = FACE_BOUND('',#10331,.T.);
#10331 = EDGE_LOOP('',(#10332,#10333,#10334,#10340));
#10332 = ORIENTED_EDGE('',*,*,#10301,.T.);
#10333 = ORIENTED_EDGE('',*,*,#5623,.T.);
#10334 = ORIENTED_EDGE('',*,*,#10335,.F.);
#10335 = EDGE_CURVE('',#1814,#5616,#10336,.T.);
#10336 = LINE('',#10337,#10338);
#10337 = CARTESIAN_POINT('',(142.795546,-124.202841,0.));
#10338 = VECTOR('',#10339,1.);
#10339 = DIRECTION('',(0.,0.,1.));
#10340 = ORIENTED_EDGE('',*,*,#1821,.F.);
#10341 = CYLINDRICAL_SURFACE('',#10342,0.500008729288);
#10342 = AXIS2_PLACEMENT_3D('',#10343,#10344,#10345);
#10343 = CARTESIAN_POINT('',(142.79554865687,-124.7028497292,0.));
#10344 = DIRECTION('',(0.,0.,-1.));
#10345 = DIRECTION('',(-0.504512505685,0.863404384751,0.));
#10346 = ADVANCED_FACE('',(#10347),#10358,.T.);
#10347 = FACE_BOUND('',#10348,.T.);
#10348 = EDGE_LOOP('',(#10349,#10355,#10356,#10357));
#10349 = ORIENTED_EDGE('',*,*,#10350,.T.);
#10350 = EDGE_CURVE('',#1779,#5581,#10351,.T.);
#10351 = LINE('',#10352,#10353);
#10352 = CARTESIAN_POINT('',(145.289998,-123.405684,0.));
#10353 = VECTOR('',#10354,1.);
#10354 = DIRECTION('',(0.,0.,1.));
#10355 = ORIENTED_EDGE('',*,*,#5580,.T.);
#10356 = ORIENTED_EDGE('',*,*,#10316,.F.);
#10357 = ORIENTED_EDGE('',*,*,#1778,.F.);
#10358 = PLANE('',#10359);
#10359 = AXIS2_PLACEMENT_3D('',#10360,#10361,#10362);
#10360 = CARTESIAN_POINT('',(145.289998,-123.405684,0.));
#10361 = DIRECTION('',(-1.,0.,0.));
#10362 = DIRECTION('',(0.,1.,0.));
#10363 = ADVANCED_FACE('',(#10364),#10375,.T.);
#10364 = FACE_BOUND('',#10365,.T.);
#10365 = EDGE_LOOP('',(#10366,#10367,#10368,#10374));
#10366 = ORIENTED_EDGE('',*,*,#10335,.T.);
#10367 = ORIENTED_EDGE('',*,*,#5615,.T.);
#10368 = ORIENTED_EDGE('',*,*,#10369,.F.);
#10369 = EDGE_CURVE('',#1805,#5607,#10370,.T.);
#10370 = LINE('',#10371,#10372);
#10371 = CARTESIAN_POINT('',(144.384452,-124.202842,0.));
#10372 = VECTOR('',#10373,1.);
#10373 = DIRECTION('',(0.,0.,1.));
#10374 = ORIENTED_EDGE('',*,*,#1813,.F.);
#10375 = PLANE('',#10376);
#10376 = AXIS2_PLACEMENT_3D('',#10377,#10378,#10379);
#10377 = CARTESIAN_POINT('',(142.795546,-124.202841,0.));
#10378 = DIRECTION('',(6.29363850017E-07,1.,-0.));
#10379 = DIRECTION('',(1.,-6.29363850017E-07,0.));
#10380 = ADVANCED_FACE('',(#10381),#10392,.T.);
#10381 = FACE_BOUND('',#10382,.T.);
#10382 = EDGE_LOOP('',(#10383,#10389,#10390,#10391));
#10383 = ORIENTED_EDGE('',*,*,#10384,.T.);
#10384 = EDGE_CURVE('',#1787,#5589,#10385,.T.);
#10385 = LINE('',#10386,#10387);
#10386 = CARTESIAN_POINT('',(145.339483,-123.622562,0.));
#10387 = VECTOR('',#10388,1.);
#10388 = DIRECTION('',(0.,0.,1.));
#10389 = ORIENTED_EDGE('',*,*,#5588,.T.);
#10390 = ORIENTED_EDGE('',*,*,#10350,.F.);
#10391 = ORIENTED_EDGE('',*,*,#1786,.F.);
#10392 = CYLINDRICAL_SURFACE('',#10393,0.499989885034);
#10393 = AXIS2_PLACEMENT_3D('',#10394,#10395,#10396);
#10394 = CARTESIAN_POINT('',(145.78998788503,-123.4056859208,0.));
#10395 = DIRECTION('',(0.,0.,-1.));
#10396 = DIRECTION('',(-0.901027997796,-0.43376093322,-0.));
#10397 = ADVANCED_FACE('',(#10398),#10409,.T.);
#10398 = FACE_BOUND('',#10399,.T.);
#10399 = EDGE_LOOP('',(#10400,#10401,#10402,#10408));
#10400 = ORIENTED_EDGE('',*,*,#10369,.T.);
#10401 = ORIENTED_EDGE('',*,*,#5606,.T.);
#10402 = ORIENTED_EDGE('',*,*,#10403,.F.);
#10403 = EDGE_CURVE('',#1796,#5598,#10404,.T.);
#10404 = LINE('',#10405,#10406);
#10405 = CARTESIAN_POINT('',(144.63671,-124.271141,0.));
#10406 = VECTOR('',#10407,1.);
#10407 = DIRECTION('',(0.,0.,1.));
#10408 = ORIENTED_EDGE('',*,*,#1804,.F.);
#10409 = CYLINDRICAL_SURFACE('',#10410,0.500008729288);
#10410 = AXIS2_PLACEMENT_3D('',#10411,#10412,#10413);
#10411 = CARTESIAN_POINT('',(144.38444934312,-124.7028507292,0.));
#10412 = DIRECTION('',(0.,0.,-1.));
#10413 = DIRECTION('',(5.313662767931E-06,0.999999999986,0.));
#10414 = ADVANCED_FACE('',(#10415),#10421,.F.);
#10415 = FACE_BOUND('',#10416,.T.);
#10416 = EDGE_LOOP('',(#10417,#10418,#10419,#10420));
#10417 = ORIENTED_EDGE('',*,*,#10403,.T.);
#10418 = ORIENTED_EDGE('',*,*,#5597,.T.);
#10419 = ORIENTED_EDGE('',*,*,#10384,.F.);
#10420 = ORIENTED_EDGE('',*,*,#1795,.F.);
#10421 = CYLINDRICAL_SURFACE('',#10422,0.499999729127);
#10422 = AXIS2_PLACEMENT_3D('',#10423,#10424,#10425);
#10423 = CARTESIAN_POINT('',(144.88896825432,-123.8394402908,0.));
#10424 = DIRECTION('',(-0.,-0.,-1.));
#10425 = DIRECTION('',(-0.504516781969,-0.863401885979,0.));
#10426 = ADVANCED_FACE('',(#10427),#10438,.F.);
#10427 = FACE_BOUND('',#10428,.T.);
#10428 = EDGE_LOOP('',(#10429,#10430,#10436,#10437));
#10429 = ORIENTED_EDGE('',*,*,#1865,.T.);
#10430 = ORIENTED_EDGE('',*,*,#10431,.T.);
#10431 = EDGE_CURVE('',#1866,#5668,#10432,.T.);
#10432 = LINE('',#10433,#10434);
#10433 = CARTESIAN_POINT('',(123.55,-119.68,-4.6E-02));
#10434 = VECTOR('',#10435,1.);
#10435 = DIRECTION('',(0.,0.,1.));
#10436 = ORIENTED_EDGE('',*,*,#5667,.F.);
#10437 = ORIENTED_EDGE('',*,*,#10431,.F.);
#10438 = CYLINDRICAL_SURFACE('',#10439,2.);
#10439 = AXIS2_PLACEMENT_3D('',#10440,#10441,#10442);
#10440 = CARTESIAN_POINT('',(123.55,-117.68,-4.6E-02));
#10441 = DIRECTION('',(-0.,-0.,-1.));
#10442 = DIRECTION('',(-0.,-1.,0.));
#10443 = ADVANCED_FACE('',(#10444),#10455,.F.);
#10444 = FACE_BOUND('',#10445,.T.);
#10445 = EDGE_LOOP('',(#10446,#10447,#10453,#10454));
#10446 = ORIENTED_EDGE('',*,*,#1876,.T.);
#10447 = ORIENTED_EDGE('',*,*,#10448,.T.);
#10448 = EDGE_CURVE('',#1877,#5679,#10449,.T.);
#10449 = LINE('',#10450,#10451);
#10450 = CARTESIAN_POINT('',(128.63,-118.53,-4.6E-02));
#10451 = VECTOR('',#10452,1.);
#10452 = DIRECTION('',(0.,0.,1.));
#10453 = ORIENTED_EDGE('',*,*,#5678,.F.);
#10454 = ORIENTED_EDGE('',*,*,#10448,.F.);
#10455 = CYLINDRICAL_SURFACE('',#10456,0.85);
#10456 = AXIS2_PLACEMENT_3D('',#10457,#10458,#10459);
#10457 = CARTESIAN_POINT('',(128.63,-117.68,-4.6E-02));
#10458 = DIRECTION('',(-0.,-0.,-1.));
#10459 = DIRECTION('',(-0.,-1.,0.));
#10460 = ADVANCED_FACE('',(#10461),#10472,.F.);
#10461 = FACE_BOUND('',#10462,.T.);
#10462 = EDGE_LOOP('',(#10463,#10464,#10470,#10471));
#10463 = ORIENTED_EDGE('',*,*,#1887,.T.);
#10464 = ORIENTED_EDGE('',*,*,#10465,.T.);
#10465 = EDGE_CURVE('',#1888,#5690,#10466,.T.);
#10466 = LINE('',#10467,#10468);
#10467 = CARTESIAN_POINT('',(126.09,-113.35,-4.6E-02));
#10468 = VECTOR('',#10469,1.);
#10469 = DIRECTION('',(0.,0.,1.));
#10470 = ORIENTED_EDGE('',*,*,#5689,.F.);
#10471 = ORIENTED_EDGE('',*,*,#10465,.F.);
#10472 = CYLINDRICAL_SURFACE('',#10473,0.75);
#10473 = AXIS2_PLACEMENT_3D('',#10474,#10475,#10476);
#10474 = CARTESIAN_POINT('',(126.09,-112.6,-4.6E-02));
#10475 = DIRECTION('',(-0.,-0.,-1.));
#10476 = DIRECTION('',(-0.,-1.,0.));
#10477 = ADVANCED_FACE('',(#10478),#10489,.F.);
#10478 = FACE_BOUND('',#10479,.T.);
#10479 = EDGE_LOOP('',(#10480,#10481,#10487,#10488));
#10480 = ORIENTED_EDGE('',*,*,#1898,.T.);
#10481 = ORIENTED_EDGE('',*,*,#10482,.T.);
#10482 = EDGE_CURVE('',#1899,#5701,#10483,.T.);
#10483 = LINE('',#10484,#10485);
#10484 = CARTESIAN_POINT('',(138.47,-118.53,-4.6E-02));
#10485 = VECTOR('',#10486,1.);
#10486 = DIRECTION('',(0.,0.,1.));
#10487 = ORIENTED_EDGE('',*,*,#5700,.F.);
#10488 = ORIENTED_EDGE('',*,*,#10482,.F.);
#10489 = CYLINDRICAL_SURFACE('',#10490,0.85);
#10490 = AXIS2_PLACEMENT_3D('',#10491,#10492,#10493);
#10491 = CARTESIAN_POINT('',(138.47,-117.68,-4.6E-02));
#10492 = DIRECTION('',(-0.,-0.,-1.));
#10493 = DIRECTION('',(-0.,-1.,0.));
#10494 = ADVANCED_FACE('',(#10495),#10506,.F.);
#10495 = FACE_BOUND('',#10496,.T.);
#10496 = EDGE_LOOP('',(#10497,#10498,#10504,#10505));
#10497 = ORIENTED_EDGE('',*,*,#1909,.T.);
#10498 = ORIENTED_EDGE('',*,*,#10499,.T.);
#10499 = EDGE_CURVE('',#1910,#5712,#10500,.T.);
#10500 = LINE('',#10501,#10502);
#10501 = CARTESIAN_POINT('',(143.55,-119.68,-4.6E-02));
#10502 = VECTOR('',#10503,1.);
#10503 = DIRECTION('',(0.,0.,1.));
#10504 = ORIENTED_EDGE('',*,*,#5711,.F.);
#10505 = ORIENTED_EDGE('',*,*,#10499,.F.);
#10506 = CYLINDRICAL_SURFACE('',#10507,2.);
#10507 = AXIS2_PLACEMENT_3D('',#10508,#10509,#10510);
#10508 = CARTESIAN_POINT('',(143.55,-117.68,-4.6E-02));
#10509 = DIRECTION('',(-0.,-0.,-1.));
#10510 = DIRECTION('',(-0.,-1.,0.));
#10511 = ADVANCED_FACE('',(#10512),#10523,.F.);
#10512 = FACE_BOUND('',#10513,.T.);
#10513 = EDGE_LOOP('',(#10514,#10515,#10521,#10522));
#10514 = ORIENTED_EDGE('',*,*,#1920,.T.);
#10515 = ORIENTED_EDGE('',*,*,#10516,.T.);
#10516 = EDGE_CURVE('',#1921,#5723,#10517,.T.);
#10517 = LINE('',#10518,#10519);
#10518 = CARTESIAN_POINT('',(139.74,-115.89,-4.6E-02));
#10519 = VECTOR('',#10520,1.);
#10520 = DIRECTION('',(0.,0.,1.));
#10521 = ORIENTED_EDGE('',*,*,#5722,.F.);
#10522 = ORIENTED_EDGE('',*,*,#10516,.F.);
#10523 = CYLINDRICAL_SURFACE('',#10524,0.75);
#10524 = AXIS2_PLACEMENT_3D('',#10525,#10526,#10527);
#10525 = CARTESIAN_POINT('',(139.74,-115.14,-4.6E-02));
#10526 = DIRECTION('',(-0.,-0.,-1.));
#10527 = DIRECTION('',(-0.,-1.,0.));
#10528 = ADVANCED_FACE('',(#10529),#10540,.F.);
#10529 = FACE_BOUND('',#10530,.T.);
#10530 = EDGE_LOOP('',(#10531,#10532,#10538,#10539));
#10531 = ORIENTED_EDGE('',*,*,#1931,.T.);
#10532 = ORIENTED_EDGE('',*,*,#10533,.T.);
#10533 = EDGE_CURVE('',#1932,#5734,#10534,.T.);
#10534 = LINE('',#10535,#10536);
#10535 = CARTESIAN_POINT('',(147.4,-154.8,-4.6E-02));
#10536 = VECTOR('',#10537,1.);
#10537 = DIRECTION('',(0.,0.,1.));
#10538 = ORIENTED_EDGE('',*,*,#5733,.F.);
#10539 = ORIENTED_EDGE('',*,*,#10533,.F.);
#10540 = CYLINDRICAL_SURFACE('',#10541,0.4);
#10541 = AXIS2_PLACEMENT_3D('',#10542,#10543,#10544);
#10542 = CARTESIAN_POINT('',(147.4,-154.4,-4.6E-02));
#10543 = DIRECTION('',(-0.,-0.,-1.));
#10544 = DIRECTION('',(-0.,-1.,0.));
#10545 = ADVANCED_FACE('',(#10546),#10557,.F.);
#10546 = FACE_BOUND('',#10547,.T.);
#10547 = EDGE_LOOP('',(#10548,#10549,#10555,#10556));
#10548 = ORIENTED_EDGE('',*,*,#1942,.T.);
#10549 = ORIENTED_EDGE('',*,*,#10550,.T.);
#10550 = EDGE_CURVE('',#1943,#5745,#10551,.T.);
#10551 = LINE('',#10552,#10553);
#10552 = CARTESIAN_POINT('',(159.78,-154.6,-4.6E-02));
#10553 = VECTOR('',#10554,1.);
#10554 = DIRECTION('',(0.,0.,1.));
#10555 = ORIENTED_EDGE('',*,*,#5744,.F.);
#10556 = ORIENTED_EDGE('',*,*,#10550,.F.);
#10557 = CYLINDRICAL_SURFACE('',#10558,0.4);
#10558 = AXIS2_PLACEMENT_3D('',#10559,#10560,#10561);
#10559 = CARTESIAN_POINT('',(159.78,-154.2,-4.6E-02));
#10560 = DIRECTION('',(-0.,-0.,-1.));
#10561 = DIRECTION('',(-0.,-1.,0.));
#10562 = ADVANCED_FACE('',(#10563),#10579,.F.);
#10563 = FACE_BOUND('',#10564,.T.);
#10564 = EDGE_LOOP('',(#10565,#10571,#10572,#10578));
#10565 = ORIENTED_EDGE('',*,*,#10566,.T.);
#10566 = EDGE_CURVE('',#1954,#5756,#10567,.T.);
#10567 = LINE('',#10568,#10569);
#10568 = CARTESIAN_POINT('',(162.343288,-146.134543,0.));
#10569 = VECTOR('',#10570,1.);
#10570 = DIRECTION('',(0.,0.,1.));
#10571 = ORIENTED_EDGE('',*,*,#5755,.T.);
#10572 = ORIENTED_EDGE('',*,*,#10573,.F.);
#10573 = EDGE_CURVE('',#1956,#5758,#10574,.T.);
#10574 = LINE('',#10575,#10576);
#10575 = CARTESIAN_POINT('',(161.640515,-146.783122,0.));
#10576 = VECTOR('',#10577,1.);
#10577 = DIRECTION('',(0.,0.,1.));
#10578 = ORIENTED_EDGE('',*,*,#1953,.F.);
#10579 = CYLINDRICAL_SURFACE('',#10580,0.499999448976);
#10580 = AXIS2_PLACEMENT_3D('',#10581,#10582,#10583);
#10581 = CARTESIAN_POINT('',(162.09102909571,-146.5662430048,0.));
#10582 = DIRECTION('',(-0.,-0.,-1.));
#10583 = DIRECTION('',(0.504518364574,0.863400961204,-0.));
#10584 = ADVANCED_FACE('',(#10585),#10596,.T.);
#10585 = FACE_BOUND('',#10586,.T.);
#10586 = EDGE_LOOP('',(#10587,#10593,#10594,#10595));
#10587 = ORIENTED_EDGE('',*,*,#10588,.T.);
#10588 = EDGE_CURVE('',#1965,#5767,#10589,.T.);
#10589 = LINE('',#10590,#10591);
#10590 = CARTESIAN_POINT('',(162.595547,-146.202842,0.));
#10591 = VECTOR('',#10592,1.);
#10592 = DIRECTION('',(0.,0.,1.));
#10593 = ORIENTED_EDGE('',*,*,#5766,.T.);
#10594 = ORIENTED_EDGE('',*,*,#10566,.F.);
#10595 = ORIENTED_EDGE('',*,*,#1964,.F.);
#10596 = CYLINDRICAL_SURFACE('',#10597,0.500008729226);
#10597 = AXIS2_PLACEMENT_3D('',#10598,#10599,#10600);
#10598 = CARTESIAN_POINT('',(162.59554865685,-145.7028332707,0.));
#10599 = DIRECTION('',(0.,0.,-1.));
#10600 = DIRECTION('',(-3.313649430712E-06,-0.999999999995,-0.));
#10601 = ADVANCED_FACE('',(#10602),#10613,.T.);
#10602 = FACE_BOUND('',#10603,.T.);
#10603 = EDGE_LOOP('',(#10604,#10605,#10606,#10612));
#10604 = ORIENTED_EDGE('',*,*,#10573,.T.);
#10605 = ORIENTED_EDGE('',*,*,#5888,.T.);
#10606 = ORIENTED_EDGE('',*,*,#10607,.F.);
#10607 = EDGE_CURVE('',#2079,#5881,#10608,.T.);
#10608 = LINE('',#10609,#10610);
#10609 = CARTESIAN_POINT('',(161.69,-147.,0.));
#10610 = VECTOR('',#10611,1.);
#10611 = DIRECTION('',(0.,0.,1.));
#10612 = ORIENTED_EDGE('',*,*,#2086,.F.);
#10613 = CYLINDRICAL_SURFACE('',#10614,0.499989885034);
#10614 = AXIS2_PLACEMENT_3D('',#10615,#10616,#10617);
#10615 = CARTESIAN_POINT('',(161.19001011496,-146.9999980791,0.));
#10616 = DIRECTION('',(0.,0.,-1.));
#10617 = DIRECTION('',(0.901027997796,0.43376093322,0.));
#10618 = ADVANCED_FACE('',(#10619),#10630,.T.);
#10619 = FACE_BOUND('',#10620,.T.);
#10620 = EDGE_LOOP('',(#10621,#10627,#10628,#10629));
#10621 = ORIENTED_EDGE('',*,*,#10622,.T.);
#10622 = EDGE_CURVE('',#1974,#5776,#10623,.T.);
#10623 = LINE('',#10624,#10625);
#10624 = CARTESIAN_POINT('',(164.184451,-146.202842,0.));
#10625 = VECTOR('',#10626,1.);
#10626 = DIRECTION('',(0.,0.,1.));
#10627 = ORIENTED_EDGE('',*,*,#5775,.T.);
#10628 = ORIENTED_EDGE('',*,*,#10588,.F.);
#10629 = ORIENTED_EDGE('',*,*,#1973,.F.);
#10630 = PLANE('',#10631);
#10631 = AXIS2_PLACEMENT_3D('',#10632,#10633,#10634);
#10632 = CARTESIAN_POINT('',(164.184451,-146.202842,0.));
#10633 = DIRECTION('',(0.,-1.,0.));
#10634 = DIRECTION('',(-1.,0.,0.));
#10635 = ADVANCED_FACE('',(#10636),#10647,.T.);
#10636 = FACE_BOUND('',#10637,.T.);
#10637 = EDGE_LOOP('',(#10638,#10639,#10640,#10646));
#10638 = ORIENTED_EDGE('',*,*,#10607,.T.);
#10639 = ORIENTED_EDGE('',*,*,#5880,.T.);
#10640 = ORIENTED_EDGE('',*,*,#10641,.F.);
#10641 = EDGE_CURVE('',#2070,#5872,#10642,.T.);
#10642 = LINE('',#10643,#10644);
#10643 = CARTESIAN_POINT('',(161.69,-148.405685,0.));
#10644 = VECTOR('',#10645,1.);
#10645 = DIRECTION('',(0.,0.,1.));
#10646 = ORIENTED_EDGE('',*,*,#2078,.F.);
#10647 = PLANE('',#10648);
#10648 = AXIS2_PLACEMENT_3D('',#10649,#10650,#10651);
#10649 = CARTESIAN_POINT('',(161.69,-147.,0.));
#10650 = DIRECTION('',(1.,0.,-0.));
#10651 = DIRECTION('',(0.,-1.,0.));
#10652 = ADVANCED_FACE('',(#10653),#10664,.T.);
#10653 = FACE_BOUND('',#10654,.T.);
#10654 = EDGE_LOOP('',(#10655,#10661,#10662,#10663));
#10655 = ORIENTED_EDGE('',*,*,#10656,.T.);
#10656 = EDGE_CURVE('',#1982,#5784,#10657,.T.);
#10657 = LINE('',#10658,#10659);
#10658 = CARTESIAN_POINT('',(164.436709,-146.134543,0.));
#10659 = VECTOR('',#10660,1.);
#10660 = DIRECTION('',(0.,0.,1.));
#10661 = ORIENTED_EDGE('',*,*,#5783,.T.);
#10662 = ORIENTED_EDGE('',*,*,#10622,.F.);
#10663 = ORIENTED_EDGE('',*,*,#1981,.F.);
#10664 = CYLINDRICAL_SURFACE('',#10665,0.500008729289);
#10665 = AXIS2_PLACEMENT_3D('',#10666,#10667,#10668);
#10666 = CARTESIAN_POINT('',(164.18444834312,-145.7028332707,0.));
#10667 = DIRECTION('',(0.,0.,-1.));
#10668 = DIRECTION('',(0.504512505685,-0.863404384751,0.));
#10669 = ADVANCED_FACE('',(#10670),#10681,.T.);
#10670 = FACE_BOUND('',#10671,.T.);
#10671 = EDGE_LOOP('',(#10672,#10673,#10674,#10680));
#10672 = ORIENTED_EDGE('',*,*,#10641,.T.);
#10673 = ORIENTED_EDGE('',*,*,#5871,.T.);
#10674 = ORIENTED_EDGE('',*,*,#10675,.F.);
#10675 = EDGE_CURVE('',#2061,#5863,#10676,.T.);
#10676 = LINE('',#10677,#10678);
#10677 = CARTESIAN_POINT('',(161.640515,-148.622562,0.));
#10678 = VECTOR('',#10679,1.);
#10679 = DIRECTION('',(0.,0.,1.));
#10680 = ORIENTED_EDGE('',*,*,#2069,.F.);
#10681 = CYLINDRICAL_SURFACE('',#10682,0.499989884977);
#10682 = AXIS2_PLACEMENT_3D('',#10683,#10684,#10685);
#10683 = CARTESIAN_POINT('',(161.19001011502,-148.4056859208,0.));
#10684 = DIRECTION('',(0.,0.,-1.));
#10685 = DIRECTION('',(0.999999999998,1.841808653046E-06,0.));
#10686 = ADVANCED_FACE('',(#10687),#10698,.F.);
#10687 = FACE_BOUND('',#10688,.T.);
#10688 = EDGE_LOOP('',(#10689,#10695,#10696,#10697));
#10689 = ORIENTED_EDGE('',*,*,#10690,.T.);
#10690 = EDGE_CURVE('',#1991,#5793,#10691,.T.);
#10691 = LINE('',#10692,#10693);
#10692 = CARTESIAN_POINT('',(165.139483,-146.783122,0.));
#10693 = VECTOR('',#10694,1.);
#10694 = DIRECTION('',(0.,0.,1.));
#10695 = ORIENTED_EDGE('',*,*,#5792,.T.);
#10696 = ORIENTED_EDGE('',*,*,#10656,.F.);
#10697 = ORIENTED_EDGE('',*,*,#1990,.F.);
#10698 = CYLINDRICAL_SURFACE('',#10699,0.500000669307);
#10699 = AXIS2_PLACEMENT_3D('',#10700,#10701,#10702);
#10700 = CARTESIAN_POINT('',(164.68896646449,-146.5662452595,0.));
#10701 = DIRECTION('',(-0.,-0.,-1.));
#10702 = DIRECTION('',(0.901031864884,-0.433752900236,0.));
#10703 = ADVANCED_FACE('',(#10704),#10715,.F.);
#10704 = FACE_BOUND('',#10705,.T.);
#10705 = EDGE_LOOP('',(#10706,#10707,#10708,#10714));
#10706 = ORIENTED_EDGE('',*,*,#10675,.T.);
#10707 = ORIENTED_EDGE('',*,*,#5862,.T.);
#10708 = ORIENTED_EDGE('',*,*,#10709,.F.);
#10709 = EDGE_CURVE('',#2052,#5854,#10710,.T.);
#10710 = LINE('',#10711,#10712);
#10711 = CARTESIAN_POINT('',(162.343288,-149.27114,0.));
#10712 = VECTOR('',#10713,1.);
#10713 = DIRECTION('',(0.,0.,1.));
#10714 = ORIENTED_EDGE('',*,*,#2060,.F.);
#10715 = CYLINDRICAL_SURFACE('',#10716,0.499999422661);
#10716 = AXIS2_PLACEMENT_3D('',#10717,#10718,#10719);
#10717 = CARTESIAN_POINT('',(162.09102970448,-148.8394396699,0.));
#10718 = DIRECTION('',(-0.,-0.,-1.));
#10719 = DIRECTION('',(-0.901030449374,0.433755840654,0.));
#10720 = ADVANCED_FACE('',(#10721),#10732,.T.);
#10721 = FACE_BOUND('',#10722,.T.);
#10722 = EDGE_LOOP('',(#10723,#10729,#10730,#10731));
#10723 = ORIENTED_EDGE('',*,*,#10724,.T.);
#10724 = EDGE_CURVE('',#2000,#5802,#10725,.T.);
#10725 = LINE('',#10726,#10727);
#10726 = CARTESIAN_POINT('',(165.089998,-146.999999,0.));
#10727 = VECTOR('',#10728,1.);
#10728 = DIRECTION('',(0.,0.,1.));
#10729 = ORIENTED_EDGE('',*,*,#5801,.T.);
#10730 = ORIENTED_EDGE('',*,*,#10690,.F.);
#10731 = ORIENTED_EDGE('',*,*,#1999,.F.);
#10732 = CYLINDRICAL_SURFACE('',#10733,0.499989884978);
#10733 = AXIS2_PLACEMENT_3D('',#10734,#10735,#10736);
#10734 = CARTESIAN_POINT('',(165.58998788497,-146.9999980791,0.));
#10735 = DIRECTION('',(0.,0.,-1.));
#10736 = DIRECTION('',(-0.999999999998,-1.841808539356E-06,-0.));
#10737 = ADVANCED_FACE('',(#10738),#10749,.T.);
#10738 = FACE_BOUND('',#10739,.T.);
#10739 = EDGE_LOOP('',(#10740,#10741,#10742,#10748));
#10740 = ORIENTED_EDGE('',*,*,#10709,.T.);
#10741 = ORIENTED_EDGE('',*,*,#5853,.T.);
#10742 = ORIENTED_EDGE('',*,*,#10743,.F.);
#10743 = EDGE_CURVE('',#2044,#5846,#10744,.T.);
#10744 = LINE('',#10745,#10746);
#10745 = CARTESIAN_POINT('',(162.595546,-149.202841,0.));
#10746 = VECTOR('',#10747,1.);
#10747 = DIRECTION('',(0.,0.,1.));
#10748 = ORIENTED_EDGE('',*,*,#2051,.F.);
#10749 = CYLINDRICAL_SURFACE('',#10750,0.500008729288);
#10750 = AXIS2_PLACEMENT_3D('',#10751,#10752,#10753);
#10751 = CARTESIAN_POINT('',(162.59554865687,-149.7028497292,0.));
#10752 = DIRECTION('',(0.,0.,-1.));
#10753 = DIRECTION('',(-0.504512505686,0.863404384751,0.));
#10754 = ADVANCED_FACE('',(#10755),#10766,.T.);
#10755 = FACE_BOUND('',#10756,.T.);
#10756 = EDGE_LOOP('',(#10757,#10763,#10764,#10765));
#10757 = ORIENTED_EDGE('',*,*,#10758,.T.);
#10758 = EDGE_CURVE('',#2009,#5811,#10759,.T.);
#10759 = LINE('',#10760,#10761);
#10760 = CARTESIAN_POINT('',(165.089998,-148.405684,0.));
#10761 = VECTOR('',#10762,1.);
#10762 = DIRECTION('',(0.,0.,1.));
#10763 = ORIENTED_EDGE('',*,*,#5810,.T.);
#10764 = ORIENTED_EDGE('',*,*,#10724,.F.);
#10765 = ORIENTED_EDGE('',*,*,#2008,.F.);
#10766 = PLANE('',#10767);
#10767 = AXIS2_PLACEMENT_3D('',#10768,#10769,#10770);
#10768 = CARTESIAN_POINT('',(165.089998,-148.405684,0.));
#10769 = DIRECTION('',(-1.,0.,0.));
#10770 = DIRECTION('',(0.,1.,0.));
#10771 = ADVANCED_FACE('',(#10772),#10783,.T.);
#10772 = FACE_BOUND('',#10773,.T.);
#10773 = EDGE_LOOP('',(#10774,#10775,#10776,#10782));
#10774 = ORIENTED_EDGE('',*,*,#10743,.T.);
#10775 = ORIENTED_EDGE('',*,*,#5845,.T.);
#10776 = ORIENTED_EDGE('',*,*,#10777,.F.);
#10777 = EDGE_CURVE('',#2035,#5837,#10778,.T.);
#10778 = LINE('',#10779,#10780);
#10779 = CARTESIAN_POINT('',(164.184452,-149.202842,0.));
#10780 = VECTOR('',#10781,1.);
#10781 = DIRECTION('',(0.,0.,1.));
#10782 = ORIENTED_EDGE('',*,*,#2043,.F.);
#10783 = PLANE('',#10784);
#10784 = AXIS2_PLACEMENT_3D('',#10785,#10786,#10787);
#10785 = CARTESIAN_POINT('',(162.595546,-149.202841,0.));
#10786 = DIRECTION('',(6.29363850017E-07,1.,-0.));
#10787 = DIRECTION('',(1.,-6.29363850017E-07,0.));
#10788 = ADVANCED_FACE('',(#10789),#10800,.T.);
#10789 = FACE_BOUND('',#10790,.T.);
#10790 = EDGE_LOOP('',(#10791,#10797,#10798,#10799));
#10791 = ORIENTED_EDGE('',*,*,#10792,.T.);
#10792 = EDGE_CURVE('',#2017,#5819,#10793,.T.);
#10793 = LINE('',#10794,#10795);
#10794 = CARTESIAN_POINT('',(165.139483,-148.622562,0.));
#10795 = VECTOR('',#10796,1.);
#10796 = DIRECTION('',(0.,0.,1.));
#10797 = ORIENTED_EDGE('',*,*,#5818,.T.);
#10798 = ORIENTED_EDGE('',*,*,#10758,.F.);
#10799 = ORIENTED_EDGE('',*,*,#2016,.F.);
#10800 = CYLINDRICAL_SURFACE('',#10801,0.499989885034);
#10801 = AXIS2_PLACEMENT_3D('',#10802,#10803,#10804);
#10802 = CARTESIAN_POINT('',(165.58998788503,-148.4056859208,0.));
#10803 = DIRECTION('',(0.,0.,-1.));
#10804 = DIRECTION('',(-0.901027997796,-0.43376093322,-0.));
#10805 = ADVANCED_FACE('',(#10806),#10817,.T.);
#10806 = FACE_BOUND('',#10807,.T.);
#10807 = EDGE_LOOP('',(#10808,#10809,#10810,#10816));
#10808 = ORIENTED_EDGE('',*,*,#10777,.T.);
#10809 = ORIENTED_EDGE('',*,*,#5836,.T.);
#10810 = ORIENTED_EDGE('',*,*,#10811,.F.);
#10811 = EDGE_CURVE('',#2026,#5828,#10812,.T.);
#10812 = LINE('',#10813,#10814);
#10813 = CARTESIAN_POINT('',(164.43671,-149.271141,0.));
#10814 = VECTOR('',#10815,1.);
#10815 = DIRECTION('',(0.,0.,1.));
#10816 = ORIENTED_EDGE('',*,*,#2034,.F.);
#10817 = CYLINDRICAL_SURFACE('',#10818,0.500008729288);
#10818 = AXIS2_PLACEMENT_3D('',#10819,#10820,#10821);
#10819 = CARTESIAN_POINT('',(164.18444934312,-149.7028507292,0.));
#10820 = DIRECTION('',(0.,0.,-1.));
#10821 = DIRECTION('',(5.313662540564E-06,0.999999999986,0.));
#10822 = ADVANCED_FACE('',(#10823),#10829,.F.);
#10823 = FACE_BOUND('',#10824,.T.);
#10824 = EDGE_LOOP('',(#10825,#10826,#10827,#10828));
#10825 = ORIENTED_EDGE('',*,*,#10811,.T.);
#10826 = ORIENTED_EDGE('',*,*,#5827,.T.);
#10827 = ORIENTED_EDGE('',*,*,#10792,.F.);
#10828 = ORIENTED_EDGE('',*,*,#2025,.F.);
#10829 = CYLINDRICAL_SURFACE('',#10830,0.499999729127);
#10830 = AXIS2_PLACEMENT_3D('',#10831,#10832,#10833);
#10831 = CARTESIAN_POINT('',(164.68896825432,-148.8394402908,0.));
#10832 = DIRECTION('',(-0.,-0.,-1.));
#10833 = DIRECTION('',(-0.504516781969,-0.863401885979,0.));
#10834 = ADVANCED_FACE('',(#10835),#10846,.F.);
#10835 = FACE_BOUND('',#10836,.T.);
#10836 = EDGE_LOOP('',(#10837,#10838,#10844,#10845));
#10837 = ORIENTED_EDGE('',*,*,#2095,.T.);
#10838 = ORIENTED_EDGE('',*,*,#10839,.T.);
#10839 = EDGE_CURVE('',#2096,#5898,#10840,.T.);
#10840 = LINE('',#10841,#10842);
#10841 = CARTESIAN_POINT('',(148.63,-143.53,-4.6E-02));
#10842 = VECTOR('',#10843,1.);
#10843 = DIRECTION('',(0.,0.,1.));
#10844 = ORIENTED_EDGE('',*,*,#5897,.F.);
#10845 = ORIENTED_EDGE('',*,*,#10839,.F.);
#10846 = CYLINDRICAL_SURFACE('',#10847,0.85);
#10847 = AXIS2_PLACEMENT_3D('',#10848,#10849,#10850);
#10848 = CARTESIAN_POINT('',(148.63,-142.68,-4.6E-02));
#10849 = DIRECTION('',(-0.,-0.,-1.));
#10850 = DIRECTION('',(-0.,-1.,0.));
#10851 = ADVANCED_FACE('',(#10852),#10863,.F.);
#10852 = FACE_BOUND('',#10853,.T.);
#10853 = EDGE_LOOP('',(#10854,#10855,#10861,#10862));
#10854 = ORIENTED_EDGE('',*,*,#2106,.T.);
#10855 = ORIENTED_EDGE('',*,*,#10856,.T.);
#10856 = EDGE_CURVE('',#2107,#5909,#10857,.T.);
#10857 = LINE('',#10858,#10859);
#10858 = CARTESIAN_POINT('',(146.09,-138.35,-4.6E-02));
#10859 = VECTOR('',#10860,1.);
#10860 = DIRECTION('',(0.,0.,1.));
#10861 = ORIENTED_EDGE('',*,*,#5908,.F.);
#10862 = ORIENTED_EDGE('',*,*,#10856,.F.);
#10863 = CYLINDRICAL_SURFACE('',#10864,0.75);
#10864 = AXIS2_PLACEMENT_3D('',#10865,#10866,#10867);
#10865 = CARTESIAN_POINT('',(146.09,-137.6,-4.6E-02));
#10866 = DIRECTION('',(-0.,-0.,-1.));
#10867 = DIRECTION('',(-0.,-1.,0.));
#10868 = ADVANCED_FACE('',(#10869),#10880,.F.);
#10869 = FACE_BOUND('',#10870,.T.);
#10870 = EDGE_LOOP('',(#10871,#10872,#10878,#10879));
#10871 = ORIENTED_EDGE('',*,*,#2117,.T.);
#10872 = ORIENTED_EDGE('',*,*,#10873,.T.);
#10873 = EDGE_CURVE('',#2118,#5920,#10874,.T.);
#10874 = LINE('',#10875,#10876);
#10875 = CARTESIAN_POINT('',(158.47,-143.53,-4.6E-02));
#10876 = VECTOR('',#10877,1.);
#10877 = DIRECTION('',(0.,0.,1.));
#10878 = ORIENTED_EDGE('',*,*,#5919,.F.);
#10879 = ORIENTED_EDGE('',*,*,#10873,.F.);
#10880 = CYLINDRICAL_SURFACE('',#10881,0.85);
#10881 = AXIS2_PLACEMENT_3D('',#10882,#10883,#10884);
#10882 = CARTESIAN_POINT('',(158.47,-142.68,-4.6E-02));
#10883 = DIRECTION('',(-0.,-0.,-1.));
#10884 = DIRECTION('',(-0.,-1.,0.));
#10885 = ADVANCED_FACE('',(#10886),#10897,.F.);
#10886 = FACE_BOUND('',#10887,.T.);
#10887 = EDGE_LOOP('',(#10888,#10889,#10895,#10896));
#10888 = ORIENTED_EDGE('',*,*,#2128,.T.);
#10889 = ORIENTED_EDGE('',*,*,#10890,.T.);
#10890 = EDGE_CURVE('',#2129,#5931,#10891,.T.);
#10891 = LINE('',#10892,#10893);
#10892 = CARTESIAN_POINT('',(159.74,-140.89,-4.6E-02));
#10893 = VECTOR('',#10894,1.);
#10894 = DIRECTION('',(0.,0.,1.));
#10895 = ORIENTED_EDGE('',*,*,#5930,.F.);
#10896 = ORIENTED_EDGE('',*,*,#10890,.F.);
#10897 = CYLINDRICAL_SURFACE('',#10898,0.75);
#10898 = AXIS2_PLACEMENT_3D('',#10899,#10900,#10901);
#10899 = CARTESIAN_POINT('',(159.74,-140.14,-4.6E-02));
#10900 = DIRECTION('',(-0.,-0.,-1.));
#10901 = DIRECTION('',(-0.,-1.,0.));
#10902 = ADVANCED_FACE('',(#10903),#10914,.F.);
#10903 = FACE_BOUND('',#10904,.T.);
#10904 = EDGE_LOOP('',(#10905,#10906,#10912,#10913));
#10905 = ORIENTED_EDGE('',*,*,#2139,.T.);
#10906 = ORIENTED_EDGE('',*,*,#10907,.T.);
#10907 = EDGE_CURVE('',#2140,#5942,#10908,.T.);
#10908 = LINE('',#10909,#10910);
#10909 = CARTESIAN_POINT('',(163.55,-144.68,-4.6E-02));
#10910 = VECTOR('',#10911,1.);
#10911 = DIRECTION('',(0.,0.,1.));
#10912 = ORIENTED_EDGE('',*,*,#5941,.F.);
#10913 = ORIENTED_EDGE('',*,*,#10907,.F.);
#10914 = CYLINDRICAL_SURFACE('',#10915,2.);
#10915 = AXIS2_PLACEMENT_3D('',#10916,#10917,#10918);
#10916 = CARTESIAN_POINT('',(163.55,-142.68,-4.6E-02));
#10917 = DIRECTION('',(-0.,-0.,-1.));
#10918 = DIRECTION('',(-0.,-1.,0.));
#10919 = ADVANCED_FACE('',(#10920),#10931,.F.);
#10920 = FACE_BOUND('',#10921,.T.);
#10921 = EDGE_LOOP('',(#10922,#10923,#10929,#10930));
#10922 = ORIENTED_EDGE('',*,*,#2150,.T.);
#10923 = ORIENTED_EDGE('',*,*,#10924,.T.);
#10924 = EDGE_CURVE('',#2151,#5953,#10925,.T.);
#10925 = LINE('',#10926,#10927);
#10926 = CARTESIAN_POINT('',(166.09,-138.35,-4.6E-02));
#10927 = VECTOR('',#10928,1.);
#10928 = DIRECTION('',(0.,0.,1.));
#10929 = ORIENTED_EDGE('',*,*,#5952,.F.);
#10930 = ORIENTED_EDGE('',*,*,#10924,.F.);
#10931 = CYLINDRICAL_SURFACE('',#10932,0.75);
#10932 = AXIS2_PLACEMENT_3D('',#10933,#10934,#10935);
#10933 = CARTESIAN_POINT('',(166.09,-137.6,-4.6E-02));
#10934 = DIRECTION('',(-0.,-0.,-1.));
#10935 = DIRECTION('',(-0.,-1.,0.));
#10936 = ADVANCED_FACE('',(#10937),#10948,.F.);
#10937 = FACE_BOUND('',#10938,.T.);
#10938 = EDGE_LOOP('',(#10939,#10940,#10946,#10947));
#10939 = ORIENTED_EDGE('',*,*,#2161,.T.);
#10940 = ORIENTED_EDGE('',*,*,#10941,.T.);
#10941 = EDGE_CURVE('',#2162,#5964,#10942,.T.);
#10942 = LINE('',#10943,#10944);
#10943 = CARTESIAN_POINT('',(167.4,-154.6,-4.6E-02));
#10944 = VECTOR('',#10945,1.);
#10945 = DIRECTION('',(0.,0.,1.));
#10946 = ORIENTED_EDGE('',*,*,#5963,.F.);
#10947 = ORIENTED_EDGE('',*,*,#10941,.F.);
#10948 = CYLINDRICAL_SURFACE('',#10949,0.4);
#10949 = AXIS2_PLACEMENT_3D('',#10950,#10951,#10952);
#10950 = CARTESIAN_POINT('',(167.4,-154.2,-4.6E-02));
#10951 = DIRECTION('',(-0.,-0.,-1.));
#10952 = DIRECTION('',(-0.,-1.,0.));
#10953 = ADVANCED_FACE('',(#10954),#10965,.F.);
#10954 = FACE_BOUND('',#10955,.T.);
#10955 = EDGE_LOOP('',(#10956,#10957,#10963,#10964));
#10956 = ORIENTED_EDGE('',*,*,#2172,.T.);
#10957 = ORIENTED_EDGE('',*,*,#10958,.T.);
#10958 = EDGE_CURVE('',#2173,#5975,#10959,.T.);
#10959 = LINE('',#10960,#10961);
#10960 = CARTESIAN_POINT('',(173.34,-154.408,-4.6E-02));
#10961 = VECTOR('',#10962,1.);
#10962 = DIRECTION('',(0.,0.,1.));
#10963 = ORIENTED_EDGE('',*,*,#5974,.F.);
#10964 = ORIENTED_EDGE('',*,*,#10958,.F.);
#10965 = CYLINDRICAL_SURFACE('',#10966,0.5);
#10966 = AXIS2_PLACEMENT_3D('',#10967,#10968,#10969);
#10967 = CARTESIAN_POINT('',(173.34,-153.908,-4.6E-02));
#10968 = DIRECTION('',(-0.,-0.,-1.));
#10969 = DIRECTION('',(-0.,-1.,0.));
#10970 = ADVANCED_FACE('',(#10971),#10982,.F.);
#10971 = FACE_BOUND('',#10972,.T.);
#10972 = EDGE_LOOP('',(#10973,#10974,#10980,#10981));
#10973 = ORIENTED_EDGE('',*,*,#2183,.T.);
#10974 = ORIENTED_EDGE('',*,*,#10975,.T.);
#10975 = EDGE_CURVE('',#2184,#5986,#10976,.T.);
#10976 = LINE('',#10977,#10978);
#10977 = CARTESIAN_POINT('',(173.34,-151.868,-4.6E-02));
#10978 = VECTOR('',#10979,1.);
#10979 = DIRECTION('',(0.,0.,1.));
#10980 = ORIENTED_EDGE('',*,*,#5985,.F.);
#10981 = ORIENTED_EDGE('',*,*,#10975,.F.);
#10982 = CYLINDRICAL_SURFACE('',#10983,0.5);
#10983 = AXIS2_PLACEMENT_3D('',#10984,#10985,#10986);
#10984 = CARTESIAN_POINT('',(173.34,-151.368,-4.6E-02));
#10985 = DIRECTION('',(-0.,-0.,-1.));
#10986 = DIRECTION('',(-0.,-1.,0.));
#10987 = ADVANCED_FACE('',(#10988),#10999,.F.);
#10988 = FACE_BOUND('',#10989,.T.);
#10989 = EDGE_LOOP('',(#10990,#10991,#10997,#10998));
#10990 = ORIENTED_EDGE('',*,*,#2194,.T.);
#10991 = ORIENTED_EDGE('',*,*,#10992,.T.);
#10992 = EDGE_CURVE('',#2195,#5997,#10993,.T.);
#10993 = LINE('',#10994,#10995);
#10994 = CARTESIAN_POINT('',(173.34,-149.328,-4.6E-02));
#10995 = VECTOR('',#10996,1.);
#10996 = DIRECTION('',(0.,0.,1.));
#10997 = ORIENTED_EDGE('',*,*,#5996,.F.);
#10998 = ORIENTED_EDGE('',*,*,#10992,.F.);
#10999 = CYLINDRICAL_SURFACE('',#11000,0.5);
#11000 = AXIS2_PLACEMENT_3D('',#11001,#11002,#11003);
#11001 = CARTESIAN_POINT('',(173.34,-148.828,-4.6E-02));
#11002 = DIRECTION('',(-0.,-0.,-1.));
#11003 = DIRECTION('',(-0.,-1.,0.));
#11004 = ADVANCED_FACE('',(#11005),#11016,.F.);
#11005 = FACE_BOUND('',#11006,.T.);
#11006 = EDGE_LOOP('',(#11007,#11008,#11014,#11015));
#11007 = ORIENTED_EDGE('',*,*,#2205,.T.);
#11008 = ORIENTED_EDGE('',*,*,#11009,.T.);
#11009 = EDGE_CURVE('',#2206,#6008,#11010,.T.);
#11010 = LINE('',#11011,#11012);
#11011 = CARTESIAN_POINT('',(173.34,-146.788,-4.6E-02));
#11012 = VECTOR('',#11013,1.);
#11013 = DIRECTION('',(0.,0.,1.));
#11014 = ORIENTED_EDGE('',*,*,#6007,.F.);
#11015 = ORIENTED_EDGE('',*,*,#11009,.F.);
#11016 = CYLINDRICAL_SURFACE('',#11017,0.5);
#11017 = AXIS2_PLACEMENT_3D('',#11018,#11019,#11020);
#11018 = CARTESIAN_POINT('',(173.34,-146.288,-4.6E-02));
#11019 = DIRECTION('',(-0.,-0.,-1.));
#11020 = DIRECTION('',(-0.,-1.,0.));
#11021 = ADVANCED_FACE('',(#11022),#11033,.F.);
#11022 = FACE_BOUND('',#11023,.T.);
#11023 = EDGE_LOOP('',(#11024,#11025,#11031,#11032));
#11024 = ORIENTED_EDGE('',*,*,#2216,.T.);
#11025 = ORIENTED_EDGE('',*,*,#11026,.T.);
#11026 = EDGE_CURVE('',#2217,#6019,#11027,.T.);
#11027 = LINE('',#11028,#11029);
#11028 = CARTESIAN_POINT('',(173.34,-144.248,-4.6E-02));
#11029 = VECTOR('',#11030,1.);
#11030 = DIRECTION('',(0.,0.,1.));
#11031 = ORIENTED_EDGE('',*,*,#6018,.F.);
#11032 = ORIENTED_EDGE('',*,*,#11026,.F.);
#11033 = CYLINDRICAL_SURFACE('',#11034,0.5);
#11034 = AXIS2_PLACEMENT_3D('',#11035,#11036,#11037);
#11035 = CARTESIAN_POINT('',(173.34,-143.748,-4.6E-02));
#11036 = DIRECTION('',(-0.,-0.,-1.));
#11037 = DIRECTION('',(-0.,-1.,0.));
#11038 = ADVANCED_FACE('',(#11039),#11050,.F.);
#11039 = FACE_BOUND('',#11040,.T.);
#11040 = EDGE_LOOP('',(#11041,#11042,#11048,#11049));
#11041 = ORIENTED_EDGE('',*,*,#2227,.T.);
#11042 = ORIENTED_EDGE('',*,*,#11043,.T.);
#11043 = EDGE_CURVE('',#2228,#6030,#11044,.T.);
#11044 = LINE('',#11045,#11046);
#11045 = CARTESIAN_POINT('',(188.59,-154.408,-4.6E-02));
#11046 = VECTOR('',#11047,1.);
#11047 = DIRECTION('',(0.,0.,1.));
#11048 = ORIENTED_EDGE('',*,*,#6029,.F.);
#11049 = ORIENTED_EDGE('',*,*,#11043,.F.);
#11050 = CYLINDRICAL_SURFACE('',#11051,0.5);
#11051 = AXIS2_PLACEMENT_3D('',#11052,#11053,#11054);
#11052 = CARTESIAN_POINT('',(188.59,-153.908,-4.6E-02));
#11053 = DIRECTION('',(-0.,-0.,-1.));
#11054 = DIRECTION('',(-0.,-1.,0.));
#11055 = ADVANCED_FACE('',(#11056),#11067,.F.);
#11056 = FACE_BOUND('',#11057,.T.);
#11057 = EDGE_LOOP('',(#11058,#11059,#11065,#11066));
#11058 = ORIENTED_EDGE('',*,*,#2238,.T.);
#11059 = ORIENTED_EDGE('',*,*,#11060,.T.);
#11060 = EDGE_CURVE('',#2239,#6041,#11061,.T.);
#11061 = LINE('',#11062,#11063);
#11062 = CARTESIAN_POINT('',(188.59,-151.868,-4.6E-02));
#11063 = VECTOR('',#11064,1.);
#11064 = DIRECTION('',(0.,0.,1.));
#11065 = ORIENTED_EDGE('',*,*,#6040,.F.);
#11066 = ORIENTED_EDGE('',*,*,#11060,.F.);
#11067 = CYLINDRICAL_SURFACE('',#11068,0.5);
#11068 = AXIS2_PLACEMENT_3D('',#11069,#11070,#11071);
#11069 = CARTESIAN_POINT('',(188.59,-151.368,-4.6E-02));
#11070 = DIRECTION('',(-0.,-0.,-1.));
#11071 = DIRECTION('',(-0.,-1.,0.));
#11072 = ADVANCED_FACE('',(#11073),#11084,.F.);
#11073 = FACE_BOUND('',#11074,.T.);
#11074 = EDGE_LOOP('',(#11075,#11076,#11082,#11083));
#11075 = ORIENTED_EDGE('',*,*,#2249,.T.);
#11076 = ORIENTED_EDGE('',*,*,#11077,.T.);
#11077 = EDGE_CURVE('',#2250,#6052,#11078,.T.);
#11078 = LINE('',#11079,#11080);
#11079 = CARTESIAN_POINT('',(188.59,-149.328,-4.6E-02));
#11080 = VECTOR('',#11081,1.);
#11081 = DIRECTION('',(0.,0.,1.));
#11082 = ORIENTED_EDGE('',*,*,#6051,.F.);
#11083 = ORIENTED_EDGE('',*,*,#11077,.F.);
#11084 = CYLINDRICAL_SURFACE('',#11085,0.5);
#11085 = AXIS2_PLACEMENT_3D('',#11086,#11087,#11088);
#11086 = CARTESIAN_POINT('',(188.59,-148.828,-4.6E-02));
#11087 = DIRECTION('',(-0.,-0.,-1.));
#11088 = DIRECTION('',(-0.,-1.,0.));
#11089 = ADVANCED_FACE('',(#11090),#11101,.F.);
#11090 = FACE_BOUND('',#11091,.T.);
#11091 = EDGE_LOOP('',(#11092,#11093,#11099,#11100));
#11092 = ORIENTED_EDGE('',*,*,#2260,.T.);
#11093 = ORIENTED_EDGE('',*,*,#11094,.T.);
#11094 = EDGE_CURVE('',#2261,#6063,#11095,.T.);
#11095 = LINE('',#11096,#11097);
#11096 = CARTESIAN_POINT('',(188.59,-146.788,-4.6E-02));
#11097 = VECTOR('',#11098,1.);
#11098 = DIRECTION('',(0.,0.,1.));
#11099 = ORIENTED_EDGE('',*,*,#6062,.F.);
#11100 = ORIENTED_EDGE('',*,*,#11094,.F.);
#11101 = CYLINDRICAL_SURFACE('',#11102,0.5);
#11102 = AXIS2_PLACEMENT_3D('',#11103,#11104,#11105);
#11103 = CARTESIAN_POINT('',(188.59,-146.288,-4.6E-02));
#11104 = DIRECTION('',(-0.,-0.,-1.));
#11105 = DIRECTION('',(-0.,-1.,0.));
#11106 = ADVANCED_FACE('',(#11107),#11118,.F.);
#11107 = FACE_BOUND('',#11108,.T.);
#11108 = EDGE_LOOP('',(#11109,#11110,#11116,#11117));
#11109 = ORIENTED_EDGE('',*,*,#2271,.T.);
#11110 = ORIENTED_EDGE('',*,*,#11111,.T.);
#11111 = EDGE_CURVE('',#2272,#6074,#11112,.T.);
#11112 = LINE('',#11113,#11114);
#11113 = CARTESIAN_POINT('',(188.59,-144.248,-4.6E-02));
#11114 = VECTOR('',#11115,1.);
#11115 = DIRECTION('',(0.,0.,1.));
#11116 = ORIENTED_EDGE('',*,*,#6073,.F.);
#11117 = ORIENTED_EDGE('',*,*,#11111,.F.);
#11118 = CYLINDRICAL_SURFACE('',#11119,0.5);
#11119 = AXIS2_PLACEMENT_3D('',#11120,#11121,#11122);
#11120 = CARTESIAN_POINT('',(188.59,-143.748,-4.6E-02));
#11121 = DIRECTION('',(-0.,-0.,-1.));
#11122 = DIRECTION('',(-0.,-1.,0.));
#11123 = ADVANCED_FACE('',(#11124),#11135,.F.);
#11124 = FACE_BOUND('',#11125,.T.);
#11125 = EDGE_LOOP('',(#11126,#11127,#11133,#11134));
#11126 = ORIENTED_EDGE('',*,*,#2282,.T.);
#11127 = ORIENTED_EDGE('',*,*,#11128,.T.);
#11128 = EDGE_CURVE('',#2283,#6085,#11129,.T.);
#11129 = LINE('',#11130,#11131);
#11130 = CARTESIAN_POINT('',(168.63,-143.53,-4.6E-02));
#11131 = VECTOR('',#11132,1.);
#11132 = DIRECTION('',(0.,0.,1.));
#11133 = ORIENTED_EDGE('',*,*,#6084,.F.);
#11134 = ORIENTED_EDGE('',*,*,#11128,.F.);
#11135 = CYLINDRICAL_SURFACE('',#11136,0.85);
#11136 = AXIS2_PLACEMENT_3D('',#11137,#11138,#11139);
#11137 = CARTESIAN_POINT('',(168.63,-142.68,-4.6E-02));
#11138 = DIRECTION('',(-0.,-0.,-1.));
#11139 = DIRECTION('',(-0.,-1.,0.));
#11140 = ADVANCED_FACE('',(#11141),#11152,.F.);
#11141 = FACE_BOUND('',#11142,.T.);
#11142 = EDGE_LOOP('',(#11143,#11144,#11150,#11151));
#11143 = ORIENTED_EDGE('',*,*,#2293,.T.);
#11144 = ORIENTED_EDGE('',*,*,#11145,.T.);
#11145 = EDGE_CURVE('',#2294,#6096,#11146,.T.);
#11146 = LINE('',#11147,#11148);
#11147 = CARTESIAN_POINT('',(173.34,-141.708,-4.6E-02));
#11148 = VECTOR('',#11149,1.);
#11149 = DIRECTION('',(0.,0.,1.));
#11150 = ORIENTED_EDGE('',*,*,#6095,.F.);
#11151 = ORIENTED_EDGE('',*,*,#11145,.F.);
#11152 = CYLINDRICAL_SURFACE('',#11153,0.5);
#11153 = AXIS2_PLACEMENT_3D('',#11154,#11155,#11156);
#11154 = CARTESIAN_POINT('',(173.34,-141.208,-4.6E-02));
#11155 = DIRECTION('',(-0.,-0.,-1.));
#11156 = DIRECTION('',(-0.,-1.,0.));
#11157 = ADVANCED_FACE('',(#11158),#11169,.F.);
#11158 = FACE_BOUND('',#11159,.T.);
#11159 = EDGE_LOOP('',(#11160,#11161,#11167,#11168));
#11160 = ORIENTED_EDGE('',*,*,#2304,.T.);
#11161 = ORIENTED_EDGE('',*,*,#11162,.T.);
#11162 = EDGE_CURVE('',#2305,#6107,#11163,.T.);
#11163 = LINE('',#11164,#11165);
#11164 = CARTESIAN_POINT('',(173.34,-139.168,-4.6E-02));
#11165 = VECTOR('',#11166,1.);
#11166 = DIRECTION('',(0.,0.,1.));
#11167 = ORIENTED_EDGE('',*,*,#6106,.F.);
#11168 = ORIENTED_EDGE('',*,*,#11162,.F.);
#11169 = CYLINDRICAL_SURFACE('',#11170,0.5);
#11170 = AXIS2_PLACEMENT_3D('',#11171,#11172,#11173);
#11171 = CARTESIAN_POINT('',(173.34,-138.668,-4.6E-02));
#11172 = DIRECTION('',(-0.,-0.,-1.));
#11173 = DIRECTION('',(-0.,-1.,0.));
#11174 = ADVANCED_FACE('',(#11175),#11186,.F.);
#11175 = FACE_BOUND('',#11176,.T.);
#11176 = EDGE_LOOP('',(#11177,#11178,#11184,#11185));
#11177 = ORIENTED_EDGE('',*,*,#2315,.T.);
#11178 = ORIENTED_EDGE('',*,*,#11179,.T.);
#11179 = EDGE_CURVE('',#2316,#6118,#11180,.T.);
#11180 = LINE('',#11181,#11182);
#11181 = CARTESIAN_POINT('',(188.59,-141.708,-4.6E-02));
#11182 = VECTOR('',#11183,1.);
#11183 = DIRECTION('',(0.,0.,1.));
#11184 = ORIENTED_EDGE('',*,*,#6117,.F.);
#11185 = ORIENTED_EDGE('',*,*,#11179,.F.);
#11186 = CYLINDRICAL_SURFACE('',#11187,0.5);
#11187 = AXIS2_PLACEMENT_3D('',#11188,#11189,#11190);
#11188 = CARTESIAN_POINT('',(188.59,-141.208,-4.6E-02));
#11189 = DIRECTION('',(-0.,-0.,-1.));
#11190 = DIRECTION('',(-0.,-1.,0.));
#11191 = ADVANCED_FACE('',(#11192),#11203,.F.);
#11192 = FACE_BOUND('',#11193,.T.);
#11193 = EDGE_LOOP('',(#11194,#11195,#11201,#11202));
#11194 = ORIENTED_EDGE('',*,*,#2326,.T.);
#11195 = ORIENTED_EDGE('',*,*,#11196,.T.);
#11196 = EDGE_CURVE('',#2327,#6129,#11197,.T.);
#11197 = LINE('',#11198,#11199);
#11198 = CARTESIAN_POINT('',(188.59,-139.168,-4.6E-02));
#11199 = VECTOR('',#11200,1.);
#11200 = DIRECTION('',(0.,0.,1.));
#11201 = ORIENTED_EDGE('',*,*,#6128,.F.);
#11202 = ORIENTED_EDGE('',*,*,#11196,.F.);
#11203 = CYLINDRICAL_SURFACE('',#11204,0.5);
#11204 = AXIS2_PLACEMENT_3D('',#11205,#11206,#11207);
#11205 = CARTESIAN_POINT('',(188.59,-138.668,-4.6E-02));
#11206 = DIRECTION('',(-0.,-0.,-1.));
#11207 = DIRECTION('',(-0.,-1.,0.));
#11208 = ADVANCED_FACE('',(#11209),#11220,.F.);
#11209 = FACE_BOUND('',#11210,.T.);
#11210 = EDGE_LOOP('',(#11211,#11212,#11218,#11219));
#11211 = ORIENTED_EDGE('',*,*,#2337,.T.);
#11212 = ORIENTED_EDGE('',*,*,#11213,.T.);
#11213 = EDGE_CURVE('',#2338,#6140,#11214,.T.);
#11214 = LINE('',#11215,#11216);
#11215 = CARTESIAN_POINT('',(146.59,-130.2,-4.6E-02));
#11216 = VECTOR('',#11217,1.);
#11217 = DIRECTION('',(0.,0.,1.));
#11218 = ORIENTED_EDGE('',*,*,#6139,.F.);
#11219 = ORIENTED_EDGE('',*,*,#11213,.F.);
#11220 = CYLINDRICAL_SURFACE('',#11221,0.4);
#11221 = AXIS2_PLACEMENT_3D('',#11222,#11223,#11224);
#11222 = CARTESIAN_POINT('',(146.59,-129.8,-4.6E-02));
#11223 = DIRECTION('',(-0.,-0.,-1.));
#11224 = DIRECTION('',(-0.,-1.,0.));
#11225 = ADVANCED_FACE('',(#11226),#11237,.F.);
#11226 = FACE_BOUND('',#11227,.T.);
#11227 = EDGE_LOOP('',(#11228,#11229,#11235,#11236));
#11228 = ORIENTED_EDGE('',*,*,#2348,.T.);
#11229 = ORIENTED_EDGE('',*,*,#11230,.T.);
#11230 = EDGE_CURVE('',#2349,#6151,#11231,.T.);
#11231 = LINE('',#11232,#11233);
#11232 = CARTESIAN_POINT('',(159.98,-130.2,-4.6E-02));
#11233 = VECTOR('',#11234,1.);
#11234 = DIRECTION('',(0.,0.,1.));
#11235 = ORIENTED_EDGE('',*,*,#6150,.F.);
#11236 = ORIENTED_EDGE('',*,*,#11230,.F.);
#11237 = CYLINDRICAL_SURFACE('',#11238,0.4);
#11238 = AXIS2_PLACEMENT_3D('',#11239,#11240,#11241);
#11239 = CARTESIAN_POINT('',(159.98,-129.8,-4.6E-02));
#11240 = DIRECTION('',(-0.,-0.,-1.));
#11241 = DIRECTION('',(-7.105427357601E-14,-1.,0.));
#11242 = ADVANCED_FACE('',(#11243),#11259,.F.);
#11243 = FACE_BOUND('',#11244,.T.);
#11244 = EDGE_LOOP('',(#11245,#11251,#11252,#11258));
#11245 = ORIENTED_EDGE('',*,*,#11246,.T.);
#11246 = EDGE_CURVE('',#2360,#6162,#11247,.T.);
#11247 = LINE('',#11248,#11249);
#11248 = CARTESIAN_POINT('',(165.339483,-121.583122,0.));
#11249 = VECTOR('',#11250,1.);
#11250 = DIRECTION('',(0.,0.,1.));
#11251 = ORIENTED_EDGE('',*,*,#6161,.T.);
#11252 = ORIENTED_EDGE('',*,*,#11253,.F.);
#11253 = EDGE_CURVE('',#2362,#6164,#11254,.T.);
#11254 = LINE('',#11255,#11256);
#11255 = CARTESIAN_POINT('',(164.63671,-120.934545,0.));
#11256 = VECTOR('',#11257,1.);
#11257 = DIRECTION('',(0.,0.,1.));
#11258 = ORIENTED_EDGE('',*,*,#2359,.F.);
#11259 = CYLINDRICAL_SURFACE('',#11260,0.499999092786);
#11260 = AXIS2_PLACEMENT_3D('',#11261,#11262,#11263);
#11261 = CARTESIAN_POINT('',(164.88896839101,-121.3662448922,0.));
#11262 = DIRECTION('',(-0.,-0.,-1.));
#11263 = DIRECTION('',(0.901030852831,-0.43375500256,0.));
#11264 = ADVANCED_FACE('',(#11265),#11276,.T.);
#11265 = FACE_BOUND('',#11266,.T.);
#11266 = EDGE_LOOP('',(#11267,#11273,#11274,#11275));
#11267 = ORIENTED_EDGE('',*,*,#11268,.T.);
#11268 = EDGE_CURVE('',#2371,#6173,#11269,.T.);
#11269 = LINE('',#11270,#11271);
#11270 = CARTESIAN_POINT('',(165.289998,-121.8,0.));
#11271 = VECTOR('',#11272,1.);
#11272 = DIRECTION('',(0.,0.,1.));
#11273 = ORIENTED_EDGE('',*,*,#6172,.T.);
#11274 = ORIENTED_EDGE('',*,*,#11246,.F.);
#11275 = ORIENTED_EDGE('',*,*,#2370,.F.);
#11276 = CYLINDRICAL_SURFACE('',#11277,0.499989885034);
#11277 = AXIS2_PLACEMENT_3D('',#11278,#11279,#11280);
#11278 = CARTESIAN_POINT('',(165.78998788503,-121.7999980791,0.));
#11279 = DIRECTION('',(0.,0.,-1.));
#11280 = DIRECTION('',(-0.999999999993,-3.841811448942E-06,-0.));
#11281 = ADVANCED_FACE('',(#11282),#11293,.T.);
#11282 = FACE_BOUND('',#11283,.T.);
#11283 = EDGE_LOOP('',(#11284,#11285,#11286,#11292));
#11284 = ORIENTED_EDGE('',*,*,#11253,.T.);
#11285 = ORIENTED_EDGE('',*,*,#6294,.T.);
#11286 = ORIENTED_EDGE('',*,*,#11287,.F.);
#11287 = EDGE_CURVE('',#2485,#6287,#11288,.T.);
#11288 = LINE('',#11289,#11290);
#11289 = CARTESIAN_POINT('',(164.384451,-121.002842,0.));
#11290 = VECTOR('',#11291,1.);
#11291 = DIRECTION('',(0.,0.,1.));
#11292 = ORIENTED_EDGE('',*,*,#2492,.F.);
#11293 = CYLINDRICAL_SURFACE('',#11294,0.500040834725);
#11294 = AXIS2_PLACEMENT_3D('',#11295,#11296,#11297);
#11295 = CARTESIAN_POINT('',(164.38444407362,-120.5028011653,0.));
#11296 = DIRECTION('',(0.,0.,-1.));
#11297 = DIRECTION('',(0.50449065128,-0.86341715455,0.));
#11298 = ADVANCED_FACE('',(#11299),#11310,.T.);
#11299 = FACE_BOUND('',#11300,.T.);
#11300 = EDGE_LOOP('',(#11301,#11307,#11308,#11309));
#11301 = ORIENTED_EDGE('',*,*,#11302,.T.);
#11302 = EDGE_CURVE('',#2380,#6182,#11303,.T.);
#11303 = LINE('',#11304,#11305);
#11304 = CARTESIAN_POINT('',(165.289998,-123.205684,0.));
#11305 = VECTOR('',#11306,1.);
#11306 = DIRECTION('',(0.,0.,1.));
#11307 = ORIENTED_EDGE('',*,*,#6181,.T.);
#11308 = ORIENTED_EDGE('',*,*,#11268,.F.);
#11309 = ORIENTED_EDGE('',*,*,#2379,.F.);
#11310 = PLANE('',#11311);
#11311 = AXIS2_PLACEMENT_3D('',#11312,#11313,#11314);
#11312 = CARTESIAN_POINT('',(165.289998,-123.205684,0.));
#11313 = DIRECTION('',(-1.,0.,0.));
#11314 = DIRECTION('',(0.,1.,0.));
#11315 = ADVANCED_FACE('',(#11316),#11327,.T.);
#11316 = FACE_BOUND('',#11317,.T.);
#11317 = EDGE_LOOP('',(#11318,#11319,#11320,#11326));
#11318 = ORIENTED_EDGE('',*,*,#11287,.T.);
#11319 = ORIENTED_EDGE('',*,*,#6286,.T.);
#11320 = ORIENTED_EDGE('',*,*,#11321,.F.);
#11321 = EDGE_CURVE('',#2476,#6278,#11322,.T.);
#11322 = LINE('',#11323,#11324);
#11323 = CARTESIAN_POINT('',(162.795547,-121.002842,0.));
#11324 = VECTOR('',#11325,1.);
#11325 = DIRECTION('',(0.,0.,1.));
#11326 = ORIENTED_EDGE('',*,*,#2484,.F.);
#11327 = PLANE('',#11328);
#11328 = AXIS2_PLACEMENT_3D('',#11329,#11330,#11331);
#11329 = CARTESIAN_POINT('',(164.384451,-121.002842,0.));
#11330 = DIRECTION('',(0.,-1.,0.));
#11331 = DIRECTION('',(-1.,0.,0.));
#11332 = ADVANCED_FACE('',(#11333),#11344,.T.);
#11333 = FACE_BOUND('',#11334,.T.);
#11334 = EDGE_LOOP('',(#11335,#11341,#11342,#11343));
#11335 = ORIENTED_EDGE('',*,*,#11336,.T.);
#11336 = EDGE_CURVE('',#2388,#6190,#11337,.T.);
#11337 = LINE('',#11338,#11339);
#11338 = CARTESIAN_POINT('',(165.339483,-123.422562,0.));
#11339 = VECTOR('',#11340,1.);
#11340 = DIRECTION('',(0.,0.,1.));
#11341 = ORIENTED_EDGE('',*,*,#6189,.T.);
#11342 = ORIENTED_EDGE('',*,*,#11302,.F.);
#11343 = ORIENTED_EDGE('',*,*,#2387,.F.);
#11344 = CYLINDRICAL_SURFACE('',#11345,0.499989885034);
#11345 = AXIS2_PLACEMENT_3D('',#11346,#11347,#11348);
#11346 = CARTESIAN_POINT('',(165.78998788503,-123.2056859208,0.));
#11347 = DIRECTION('',(0.,0.,-1.));
#11348 = DIRECTION('',(-0.901027997796,-0.43376093322,-0.));
#11349 = ADVANCED_FACE('',(#11350),#11361,.T.);
#11350 = FACE_BOUND('',#11351,.T.);
#11351 = EDGE_LOOP('',(#11352,#11353,#11354,#11360));
#11352 = ORIENTED_EDGE('',*,*,#11321,.T.);
#11353 = ORIENTED_EDGE('',*,*,#6277,.T.);
#11354 = ORIENTED_EDGE('',*,*,#11355,.F.);
#11355 = EDGE_CURVE('',#2467,#6269,#11356,.T.);
#11356 = LINE('',#11357,#11358);
#11357 = CARTESIAN_POINT('',(162.543288,-120.934543,0.));
#11358 = VECTOR('',#11359,1.);
#11359 = DIRECTION('',(0.,0.,1.));
#11360 = ORIENTED_EDGE('',*,*,#2475,.F.);
#11361 = CYLINDRICAL_SURFACE('',#11362,0.500008729226);
#11362 = AXIS2_PLACEMENT_3D('',#11363,#11364,#11365);
#11363 = CARTESIAN_POINT('',(162.79554865685,-120.5028332707,0.));
#11364 = DIRECTION('',(0.,0.,-1.));
#11365 = DIRECTION('',(-3.313649260187E-06,-0.999999999995,-0.));
#11366 = ADVANCED_FACE('',(#11367),#11378,.F.);
#11367 = FACE_BOUND('',#11368,.T.);
#11368 = EDGE_LOOP('',(#11369,#11375,#11376,#11377));
#11369 = ORIENTED_EDGE('',*,*,#11370,.T.);
#11370 = EDGE_CURVE('',#2397,#6199,#11371,.T.);
#11371 = LINE('',#11372,#11373);
#11372 = CARTESIAN_POINT('',(164.63671,-124.071141,0.));
#11373 = VECTOR('',#11374,1.);
#11374 = DIRECTION('',(0.,0.,1.));
#11375 = ORIENTED_EDGE('',*,*,#6198,.T.);
#11376 = ORIENTED_EDGE('',*,*,#11336,.F.);
#11377 = ORIENTED_EDGE('',*,*,#2396,.F.);
#11378 = CYLINDRICAL_SURFACE('',#11379,0.499999729127);
#11379 = AXIS2_PLACEMENT_3D('',#11380,#11381,#11382);
#11380 = CARTESIAN_POINT('',(164.88896825432,-123.6394402908,0.));
#11381 = DIRECTION('',(-0.,-0.,-1.));
#11382 = DIRECTION('',(-0.504516781969,-0.863401885979,0.));
#11383 = ADVANCED_FACE('',(#11384),#11395,.F.);
#11384 = FACE_BOUND('',#11385,.T.);
#11385 = EDGE_LOOP('',(#11386,#11387,#11388,#11394));
#11386 = ORIENTED_EDGE('',*,*,#11355,.T.);
#11387 = ORIENTED_EDGE('',*,*,#6268,.T.);
#11388 = ORIENTED_EDGE('',*,*,#11389,.F.);
#11389 = EDGE_CURVE('',#2458,#6260,#11390,.T.);
#11390 = LINE('',#11391,#11392);
#11391 = CARTESIAN_POINT('',(161.840515,-121.583123,0.));
#11392 = VECTOR('',#11393,1.);
#11393 = DIRECTION('',(0.,0.,1.));
#11394 = ORIENTED_EDGE('',*,*,#2466,.F.);
#11395 = CYLINDRICAL_SURFACE('',#11396,0.499999755443);
#11396 = AXIS2_PLACEMENT_3D('',#11397,#11398,#11399);
#11397 = CARTESIAN_POINT('',(162.2910291369,-121.3662433838,0.));
#11398 = DIRECTION('',(-0.,-0.,-1.));
#11399 = DIRECTION('',(0.504517972959,0.863401190039,-0.));
#11400 = ADVANCED_FACE('',(#11401),#11412,.T.);
#11401 = FACE_BOUND('',#11402,.T.);
#11402 = EDGE_LOOP('',(#11403,#11409,#11410,#11411));
#11403 = ORIENTED_EDGE('',*,*,#11404,.T.);
#11404 = EDGE_CURVE('',#2406,#6208,#11405,.T.);
#11405 = LINE('',#11406,#11407);
#11406 = CARTESIAN_POINT('',(164.384452,-124.002842,0.));
#11407 = VECTOR('',#11408,1.);
#11408 = DIRECTION('',(0.,0.,1.));
#11409 = ORIENTED_EDGE('',*,*,#6207,.T.);
#11410 = ORIENTED_EDGE('',*,*,#11370,.F.);
#11411 = ORIENTED_EDGE('',*,*,#2405,.F.);
#11412 = CYLINDRICAL_SURFACE('',#11413,0.500008729288);
#11413 = AXIS2_PLACEMENT_3D('',#11414,#11415,#11416);
#11414 = CARTESIAN_POINT('',(164.38444934312,-124.5028507292,0.));
#11415 = DIRECTION('',(0.,0.,-1.));
#11416 = DIRECTION('',(5.31366276793E-06,0.999999999986,0.));
#11417 = ADVANCED_FACE('',(#11418),#11429,.T.);
#11418 = FACE_BOUND('',#11419,.T.);
#11419 = EDGE_LOOP('',(#11420,#11421,#11422,#11428));
#11420 = ORIENTED_EDGE('',*,*,#11389,.T.);
#11421 = ORIENTED_EDGE('',*,*,#6259,.T.);
#11422 = ORIENTED_EDGE('',*,*,#11423,.F.);
#11423 = EDGE_CURVE('',#2450,#6252,#11424,.T.);
#11424 = LINE('',#11425,#11426);
#11425 = CARTESIAN_POINT('',(161.89,-121.8,0.));
#11426 = VECTOR('',#11427,1.);
#11427 = DIRECTION('',(0.,0.,1.));
#11428 = ORIENTED_EDGE('',*,*,#2457,.F.);
#11429 = CYLINDRICAL_SURFACE('',#11430,0.49998122973);
#11430 = AXIS2_PLACEMENT_3D('',#11431,#11432,#11433);
#11431 = CARTESIAN_POINT('',(161.39001877027,-121.7999971042,0.));
#11432 = DIRECTION('',(0.,0.,-1.));
#11433 = DIRECTION('',(0.901026284456,0.433764492229,0.));
#11434 = ADVANCED_FACE('',(#11435),#11446,.T.);
#11435 = FACE_BOUND('',#11436,.T.);
#11436 = EDGE_LOOP('',(#11437,#11443,#11444,#11445));
#11437 = ORIENTED_EDGE('',*,*,#11438,.T.);
#11438 = EDGE_CURVE('',#2415,#6217,#11439,.T.);
#11439 = LINE('',#11440,#11441);
#11440 = CARTESIAN_POINT('',(162.795546,-124.002841,0.));
#11441 = VECTOR('',#11442,1.);
#11442 = DIRECTION('',(0.,0.,1.));
#11443 = ORIENTED_EDGE('',*,*,#6216,.T.);
#11444 = ORIENTED_EDGE('',*,*,#11404,.F.);
#11445 = ORIENTED_EDGE('',*,*,#2414,.F.);
#11446 = PLANE('',#11447);
#11447 = AXIS2_PLACEMENT_3D('',#11448,#11449,#11450);
#11448 = CARTESIAN_POINT('',(162.795546,-124.002841,0.));
#11449 = DIRECTION('',(6.29363850017E-07,1.,-0.));
#11450 = DIRECTION('',(1.,-6.29363850017E-07,0.));
#11451 = ADVANCED_FACE('',(#11452),#11463,.T.);
#11452 = FACE_BOUND('',#11453,.T.);
#11453 = EDGE_LOOP('',(#11454,#11455,#11456,#11462));
#11454 = ORIENTED_EDGE('',*,*,#11423,.T.);
#11455 = ORIENTED_EDGE('',*,*,#6251,.T.);
#11456 = ORIENTED_EDGE('',*,*,#11457,.F.);
#11457 = EDGE_CURVE('',#2441,#6243,#11458,.T.);
#11458 = LINE('',#11459,#11460);
#11459 = CARTESIAN_POINT('',(161.89,-123.205684,0.));
#11460 = VECTOR('',#11461,1.);
#11461 = DIRECTION('',(0.,0.,1.));
#11462 = ORIENTED_EDGE('',*,*,#2449,.F.);
#11463 = PLANE('',#11464);
#11464 = AXIS2_PLACEMENT_3D('',#11465,#11466,#11467);
#11465 = CARTESIAN_POINT('',(161.89,-121.8,0.));
#11466 = DIRECTION('',(1.,0.,-0.));
#11467 = DIRECTION('',(0.,-1.,0.));
#11468 = ADVANCED_FACE('',(#11469),#11480,.T.);
#11469 = FACE_BOUND('',#11470,.T.);
#11470 = EDGE_LOOP('',(#11471,#11477,#11478,#11479));
#11471 = ORIENTED_EDGE('',*,*,#11472,.T.);
#11472 = EDGE_CURVE('',#2423,#6225,#11473,.T.);
#11473 = LINE('',#11474,#11475);
#11474 = CARTESIAN_POINT('',(162.543288,-124.07114,0.));
#11475 = VECTOR('',#11476,1.);
#11476 = DIRECTION('',(0.,0.,1.));
#11477 = ORIENTED_EDGE('',*,*,#6224,.T.);
#11478 = ORIENTED_EDGE('',*,*,#11438,.F.);
#11479 = ORIENTED_EDGE('',*,*,#2422,.F.);
#11480 = CYLINDRICAL_SURFACE('',#11481,0.500008729288);
#11481 = AXIS2_PLACEMENT_3D('',#11482,#11483,#11484);
#11482 = CARTESIAN_POINT('',(162.79554865687,-124.5028497292,0.));
#11483 = DIRECTION('',(0.,0.,-1.));
#11484 = DIRECTION('',(-0.504512505685,0.863404384751,0.));
#11485 = ADVANCED_FACE('',(#11486),#11497,.T.);
#11486 = FACE_BOUND('',#11487,.T.);
#11487 = EDGE_LOOP('',(#11488,#11489,#11490,#11496));
#11488 = ORIENTED_EDGE('',*,*,#11457,.T.);
#11489 = ORIENTED_EDGE('',*,*,#6242,.T.);
#11490 = ORIENTED_EDGE('',*,*,#11491,.F.);
#11491 = EDGE_CURVE('',#2432,#6234,#11492,.T.);
#11492 = LINE('',#11493,#11494);
#11493 = CARTESIAN_POINT('',(161.840515,-123.422562,0.));
#11494 = VECTOR('',#11495,1.);
#11495 = DIRECTION('',(0.,0.,1.));
#11496 = ORIENTED_EDGE('',*,*,#2440,.F.);
#11497 = CYLINDRICAL_SURFACE('',#11498,0.499989885034);
#11498 = AXIS2_PLACEMENT_3D('',#11499,#11500,#11501);
#11499 = CARTESIAN_POINT('',(161.39001011497,-123.2056859208,0.));
#11500 = DIRECTION('',(0.,0.,-1.));
#11501 = DIRECTION('',(0.999999999993,3.841811733168E-06,0.));
#11502 = ADVANCED_FACE('',(#11503),#11509,.F.);
#11503 = FACE_BOUND('',#11504,.T.);
#11504 = EDGE_LOOP('',(#11505,#11506,#11507,#11508));
#11505 = ORIENTED_EDGE('',*,*,#11491,.T.);
#11506 = ORIENTED_EDGE('',*,*,#6233,.T.);
#11507 = ORIENTED_EDGE('',*,*,#11472,.F.);
#11508 = ORIENTED_EDGE('',*,*,#2431,.F.);
#11509 = CYLINDRICAL_SURFACE('',#11510,0.499999422661);
#11510 = AXIS2_PLACEMENT_3D('',#11511,#11512,#11513);
#11511 = CARTESIAN_POINT('',(162.29102970448,-123.6394396699,0.));
#11512 = DIRECTION('',(-0.,-0.,-1.));
#11513 = DIRECTION('',(-0.901030449374,0.433755840654,0.));
#11514 = ADVANCED_FACE('',(#11515),#11526,.F.);
#11515 = FACE_BOUND('',#11516,.T.);
#11516 = EDGE_LOOP('',(#11517,#11518,#11524,#11525));
#11517 = ORIENTED_EDGE('',*,*,#2501,.T.);
#11518 = ORIENTED_EDGE('',*,*,#11519,.T.);
#11519 = EDGE_CURVE('',#2502,#6304,#11520,.T.);
#11520 = LINE('',#11521,#11522);
#11521 = CARTESIAN_POINT('',(148.63,-118.53,-4.6E-02));
#11522 = VECTOR('',#11523,1.);
#11523 = DIRECTION('',(0.,0.,1.));
#11524 = ORIENTED_EDGE('',*,*,#6303,.F.);
#11525 = ORIENTED_EDGE('',*,*,#11519,.F.);
#11526 = CYLINDRICAL_SURFACE('',#11527,0.85);
#11527 = AXIS2_PLACEMENT_3D('',#11528,#11529,#11530);
#11528 = CARTESIAN_POINT('',(148.63,-117.68,-4.6E-02));
#11529 = DIRECTION('',(-0.,-0.,-1.));
#11530 = DIRECTION('',(-0.,-1.,0.));
#11531 = ADVANCED_FACE('',(#11532),#11543,.F.);
#11532 = FACE_BOUND('',#11533,.T.);
#11533 = EDGE_LOOP('',(#11534,#11535,#11541,#11542));
#11534 = ORIENTED_EDGE('',*,*,#2512,.T.);
#11535 = ORIENTED_EDGE('',*,*,#11536,.T.);
#11536 = EDGE_CURVE('',#2513,#6315,#11537,.T.);
#11537 = LINE('',#11538,#11539);
#11538 = CARTESIAN_POINT('',(146.09,-113.35,-4.6E-02));
#11539 = VECTOR('',#11540,1.);
#11540 = DIRECTION('',(0.,0.,1.));
#11541 = ORIENTED_EDGE('',*,*,#6314,.F.);
#11542 = ORIENTED_EDGE('',*,*,#11536,.F.);
#11543 = CYLINDRICAL_SURFACE('',#11544,0.75);
#11544 = AXIS2_PLACEMENT_3D('',#11545,#11546,#11547);
#11545 = CARTESIAN_POINT('',(146.09,-112.6,-4.6E-02));
#11546 = DIRECTION('',(-0.,-0.,-1.));
#11547 = DIRECTION('',(-0.,-1.,0.));
#11548 = ADVANCED_FACE('',(#11549),#11560,.F.);
#11549 = FACE_BOUND('',#11550,.T.);
#11550 = EDGE_LOOP('',(#11551,#11552,#11558,#11559));
#11551 = ORIENTED_EDGE('',*,*,#2523,.T.);
#11552 = ORIENTED_EDGE('',*,*,#11553,.T.);
#11553 = EDGE_CURVE('',#2524,#6326,#11554,.T.);
#11554 = LINE('',#11555,#11556);
#11555 = CARTESIAN_POINT('',(158.47,-118.53,-4.6E-02));
#11556 = VECTOR('',#11557,1.);
#11557 = DIRECTION('',(0.,0.,1.));
#11558 = ORIENTED_EDGE('',*,*,#6325,.F.);
#11559 = ORIENTED_EDGE('',*,*,#11553,.F.);
#11560 = CYLINDRICAL_SURFACE('',#11561,0.85);
#11561 = AXIS2_PLACEMENT_3D('',#11562,#11563,#11564);
#11562 = CARTESIAN_POINT('',(158.47,-117.68,-4.6E-02));
#11563 = DIRECTION('',(-0.,-0.,-1.));
#11564 = DIRECTION('',(-0.,-1.,0.));
#11565 = ADVANCED_FACE('',(#11566),#11577,.F.);
#11566 = FACE_BOUND('',#11567,.T.);
#11567 = EDGE_LOOP('',(#11568,#11569,#11575,#11576));
#11568 = ORIENTED_EDGE('',*,*,#2534,.T.);
#11569 = ORIENTED_EDGE('',*,*,#11570,.T.);
#11570 = EDGE_CURVE('',#2535,#6337,#11571,.T.);
#11571 = LINE('',#11572,#11573);
#11572 = CARTESIAN_POINT('',(159.74,-115.89,-4.6E-02));
#11573 = VECTOR('',#11574,1.);
#11574 = DIRECTION('',(0.,0.,1.));
#11575 = ORIENTED_EDGE('',*,*,#6336,.F.);
#11576 = ORIENTED_EDGE('',*,*,#11570,.F.);
#11577 = CYLINDRICAL_SURFACE('',#11578,0.75);
#11578 = AXIS2_PLACEMENT_3D('',#11579,#11580,#11581);
#11579 = CARTESIAN_POINT('',(159.74,-115.14,-4.6E-02));
#11580 = DIRECTION('',(-0.,-0.,-1.));
#11581 = DIRECTION('',(-0.,-1.,0.));
#11582 = ADVANCED_FACE('',(#11583),#11594,.F.);
#11583 = FACE_BOUND('',#11584,.T.);
#11584 = EDGE_LOOP('',(#11585,#11586,#11592,#11593));
#11585 = ORIENTED_EDGE('',*,*,#2545,.T.);
#11586 = ORIENTED_EDGE('',*,*,#11587,.T.);
#11587 = EDGE_CURVE('',#2546,#6348,#11588,.T.);
#11588 = LINE('',#11589,#11590);
#11589 = CARTESIAN_POINT('',(163.55,-119.68,-4.6E-02));
#11590 = VECTOR('',#11591,1.);
#11591 = DIRECTION('',(0.,0.,1.));
#11592 = ORIENTED_EDGE('',*,*,#6347,.F.);
#11593 = ORIENTED_EDGE('',*,*,#11587,.F.);
#11594 = CYLINDRICAL_SURFACE('',#11595,2.);
#11595 = AXIS2_PLACEMENT_3D('',#11596,#11597,#11598);
#11596 = CARTESIAN_POINT('',(163.55,-117.68,-4.6E-02));
#11597 = DIRECTION('',(-0.,-0.,-1.));
#11598 = DIRECTION('',(-0.,-1.,0.));
#11599 = ADVANCED_FACE('',(#11600),#11611,.F.);
#11600 = FACE_BOUND('',#11601,.T.);
#11601 = EDGE_LOOP('',(#11602,#11603,#11609,#11610));
#11602 = ORIENTED_EDGE('',*,*,#2556,.T.);
#11603 = ORIENTED_EDGE('',*,*,#11604,.T.);
#11604 = EDGE_CURVE('',#2557,#6359,#11605,.T.);
#11605 = LINE('',#11606,#11607);
#11606 = CARTESIAN_POINT('',(166.09,-113.35,-4.6E-02));
#11607 = VECTOR('',#11608,1.);
#11608 = DIRECTION('',(0.,0.,1.));
#11609 = ORIENTED_EDGE('',*,*,#6358,.F.);
#11610 = ORIENTED_EDGE('',*,*,#11604,.F.);
#11611 = CYLINDRICAL_SURFACE('',#11612,0.75);
#11612 = AXIS2_PLACEMENT_3D('',#11613,#11614,#11615);
#11613 = CARTESIAN_POINT('',(166.09,-112.6,-4.6E-02));
#11614 = DIRECTION('',(-0.,-0.,-1.));
#11615 = DIRECTION('',(-0.,-1.,0.));
#11616 = ADVANCED_FACE('',(#11617),#11628,.F.);
#11617 = FACE_BOUND('',#11618,.T.);
#11618 = EDGE_LOOP('',(#11619,#11620,#11626,#11627));
#11619 = ORIENTED_EDGE('',*,*,#2567,.T.);
#11620 = ORIENTED_EDGE('',*,*,#11621,.T.);
#11621 = EDGE_CURVE('',#2568,#6370,#11622,.T.);
#11622 = LINE('',#11623,#11624);
#11623 = CARTESIAN_POINT('',(167.6,-130.2,-4.6E-02));
#11624 = VECTOR('',#11625,1.);
#11625 = DIRECTION('',(0.,0.,1.));
#11626 = ORIENTED_EDGE('',*,*,#6369,.F.);
#11627 = ORIENTED_EDGE('',*,*,#11621,.F.);
#11628 = CYLINDRICAL_SURFACE('',#11629,0.4);
#11629 = AXIS2_PLACEMENT_3D('',#11630,#11631,#11632);
#11630 = CARTESIAN_POINT('',(167.6,-129.8,-4.6E-02));
#11631 = DIRECTION('',(-0.,-0.,-1.));
#11632 = DIRECTION('',(-0.,-1.,0.));
#11633 = ADVANCED_FACE('',(#11634),#11645,.F.);
#11634 = FACE_BOUND('',#11635,.T.);
#11635 = EDGE_LOOP('',(#11636,#11637,#11643,#11644));
#11636 = ORIENTED_EDGE('',*,*,#2578,.T.);
#11637 = ORIENTED_EDGE('',*,*,#11638,.T.);
#11638 = EDGE_CURVE('',#2579,#6381,#11639,.T.);
#11639 = LINE('',#11640,#11641);
#11640 = CARTESIAN_POINT('',(168.63,-118.53,-4.6E-02));
#11641 = VECTOR('',#11642,1.);
#11642 = DIRECTION('',(0.,0.,1.));
#11643 = ORIENTED_EDGE('',*,*,#6380,.F.);
#11644 = ORIENTED_EDGE('',*,*,#11638,.F.);
#11645 = CYLINDRICAL_SURFACE('',#11646,0.85);
#11646 = AXIS2_PLACEMENT_3D('',#11647,#11648,#11649);
#11647 = CARTESIAN_POINT('',(168.63,-117.68,-4.6E-02));
#11648 = DIRECTION('',(-0.,-0.,-1.));
#11649 = DIRECTION('',(-0.,-1.,0.));
#11650 = ADVANCED_FACE('',(#11651),#11667,.F.);
#11651 = FACE_BOUND('',#11652,.T.);
#11652 = EDGE_LOOP('',(#11653,#11654,#11660,#11661));
#11653 = ORIENTED_EDGE('',*,*,#2589,.T.);
#11654 = ORIENTED_EDGE('',*,*,#11655,.T.);
#11655 = EDGE_CURVE('',#2592,#6394,#11656,.T.);
#11656 = LINE('',#11657,#11658);
#11657 = CARTESIAN_POINT('',(183.64,-110.15,-4.6E-02));
#11658 = VECTOR('',#11659,1.);
#11659 = DIRECTION('',(0.,0.,1.));
#11660 = ORIENTED_EDGE('',*,*,#6391,.F.);
#11661 = ORIENTED_EDGE('',*,*,#11662,.F.);
#11662 = EDGE_CURVE('',#2590,#6392,#11663,.T.);
#11663 = LINE('',#11664,#11665);
#11664 = CARTESIAN_POINT('',(183.64,-108.65,-4.6E-02));
#11665 = VECTOR('',#11666,1.);
#11666 = DIRECTION('',(0.,0.,1.));
#11667 = CYLINDRICAL_SURFACE('',#11668,0.75);
#11668 = AXIS2_PLACEMENT_3D('',#11669,#11670,#11671);
#11669 = CARTESIAN_POINT('',(183.64,-109.4,-4.6E-02));
#11670 = DIRECTION('',(-0.,-0.,-1.));
#11671 = DIRECTION('',(-0.,-1.,0.));
#11672 = ADVANCED_FACE('',(#11673),#11684,.T.);
#11673 = FACE_BOUND('',#11674,.T.);
#11674 = EDGE_LOOP('',(#11675,#11676,#11677,#11678));
#11675 = ORIENTED_EDGE('',*,*,#2617,.T.);
#11676 = ORIENTED_EDGE('',*,*,#11662,.T.);
#11677 = ORIENTED_EDGE('',*,*,#6419,.F.);
#11678 = ORIENTED_EDGE('',*,*,#11679,.F.);
#11679 = EDGE_CURVE('',#2609,#6411,#11680,.T.);
#11680 = LINE('',#11681,#11682);
#11681 = CARTESIAN_POINT('',(182.34,-108.65,-4.6E-02));
#11682 = VECTOR('',#11683,1.);
#11683 = DIRECTION('',(0.,0.,1.));
#11684 = PLANE('',#11685);
#11685 = AXIS2_PLACEMENT_3D('',#11686,#11687,#11688);
#11686 = CARTESIAN_POINT('',(183.64,-108.65,-4.6E-02));
#11687 = DIRECTION('',(0.,-1.,0.));
#11688 = DIRECTION('',(-1.,0.,0.));
#11689 = ADVANCED_FACE('',(#11690),#11701,.F.);
#11690 = FACE_BOUND('',#11691,.T.);
#11691 = EDGE_LOOP('',(#11692,#11693,#11694,#11695));
#11692 = ORIENTED_EDGE('',*,*,#2608,.T.);
#11693 = ORIENTED_EDGE('',*,*,#11679,.T.);
#11694 = ORIENTED_EDGE('',*,*,#6410,.F.);
#11695 = ORIENTED_EDGE('',*,*,#11696,.F.);
#11696 = EDGE_CURVE('',#2601,#6403,#11697,.T.);
#11697 = LINE('',#11698,#11699);
#11698 = CARTESIAN_POINT('',(182.34,-110.15,-4.6E-02));
#11699 = VECTOR('',#11700,1.);
#11700 = DIRECTION('',(0.,0.,1.));
#11701 = CYLINDRICAL_SURFACE('',#11702,0.75);
#11702 = AXIS2_PLACEMENT_3D('',#11703,#11704,#11705);
#11703 = CARTESIAN_POINT('',(182.34,-109.4,-4.6E-02));
#11704 = DIRECTION('',(-0.,0.,-1.));
#11705 = DIRECTION('',(0.,1.,0.));
#11706 = ADVANCED_FACE('',(#11707),#11713,.T.);
#11707 = FACE_BOUND('',#11708,.T.);
#11708 = EDGE_LOOP('',(#11709,#11710,#11711,#11712));
#11709 = ORIENTED_EDGE('',*,*,#2600,.T.);
#11710 = ORIENTED_EDGE('',*,*,#11696,.T.);
#11711 = ORIENTED_EDGE('',*,*,#6402,.F.);
#11712 = ORIENTED_EDGE('',*,*,#11655,.F.);
#11713 = PLANE('',#11714);
#11714 = AXIS2_PLACEMENT_3D('',#11715,#11716,#11717);
#11715 = CARTESIAN_POINT('',(182.34,-110.15,-4.6E-02));
#11716 = DIRECTION('',(0.,1.,0.));
#11717 = DIRECTION('',(1.,0.,0.));
#11718 = ADVANCED_FACE('',(#11719),#11730,.F.);
#11719 = FACE_BOUND('',#11720,.T.);
#11720 = EDGE_LOOP('',(#11721,#11722,#11728,#11729));
#11721 = ORIENTED_EDGE('',*,*,#2625,.T.);
#11722 = ORIENTED_EDGE('',*,*,#11723,.T.);
#11723 = EDGE_CURVE('',#2626,#6428,#11724,.T.);
#11724 = LINE('',#11725,#11726);
#11725 = CARTESIAN_POINT('',(99.59,-105.4,-4.6E-02));
#11726 = VECTOR('',#11727,1.);
#11727 = DIRECTION('',(0.,0.,1.));
#11728 = ORIENTED_EDGE('',*,*,#6427,.F.);
#11729 = ORIENTED_EDGE('',*,*,#11723,.F.);
#11730 = CYLINDRICAL_SURFACE('',#11731,0.4);
#11731 = AXIS2_PLACEMENT_3D('',#11732,#11733,#11734);
#11732 = CARTESIAN_POINT('',(99.59,-105.,-4.6E-02));
#11733 = DIRECTION('',(-0.,-0.,-1.));
#11734 = DIRECTION('',(-0.,-1.,0.));
#11735 = ADVANCED_FACE('',(#11736),#11747,.F.);
#11736 = FACE_BOUND('',#11737,.T.);
#11737 = EDGE_LOOP('',(#11738,#11739,#11745,#11746));
#11738 = ORIENTED_EDGE('',*,*,#2636,.T.);
#11739 = ORIENTED_EDGE('',*,*,#11740,.T.);
#11740 = EDGE_CURVE('',#2637,#6439,#11741,.T.);
#11741 = LINE('',#11742,#11743);
#11742 = CARTESIAN_POINT('',(107.21,-105.4,-4.6E-02));
#11743 = VECTOR('',#11744,1.);
#11744 = DIRECTION('',(0.,0.,1.));
#11745 = ORIENTED_EDGE('',*,*,#6438,.F.);
#11746 = ORIENTED_EDGE('',*,*,#11740,.F.);
#11747 = CYLINDRICAL_SURFACE('',#11748,0.4);
#11748 = AXIS2_PLACEMENT_3D('',#11749,#11750,#11751);
#11749 = CARTESIAN_POINT('',(107.21,-105.,-4.6E-02));
#11750 = DIRECTION('',(-0.,-0.,-1.));
#11751 = DIRECTION('',(-3.552713678801E-14,-1.,0.));
#11752 = ADVANCED_FACE('',(#11753),#11769,.F.);
#11753 = FACE_BOUND('',#11754,.T.);
#11754 = EDGE_LOOP('',(#11755,#11761,#11762,#11768));
#11755 = ORIENTED_EDGE('',*,*,#11756,.T.);
#11756 = EDGE_CURVE('',#2648,#6450,#11757,.T.);
#11757 = LINE('',#11758,#11759);
#11758 = CARTESIAN_POINT('',(105.279483,-96.935922,0.));
#11759 = VECTOR('',#11760,1.);
#11760 = DIRECTION('',(0.,0.,1.));
#11761 = ORIENTED_EDGE('',*,*,#6449,.T.);
#11762 = ORIENTED_EDGE('',*,*,#11763,.F.);
#11763 = EDGE_CURVE('',#2650,#6452,#11764,.T.);
#11764 = LINE('',#11765,#11766);
#11765 = CARTESIAN_POINT('',(104.57671,-96.287345,0.));
#11766 = VECTOR('',#11767,1.);
#11767 = DIRECTION('',(0.,0.,1.));
#11768 = ORIENTED_EDGE('',*,*,#2647,.F.);
#11769 = CYLINDRICAL_SURFACE('',#11770,0.499999092786);
#11770 = AXIS2_PLACEMENT_3D('',#11771,#11772,#11773);
#11771 = CARTESIAN_POINT('',(104.82896839101,-96.71904489222,0.));
#11772 = DIRECTION('',(-0.,-0.,-1.));
#11773 = DIRECTION('',(0.901030852831,-0.43375500256,0.));
#11774 = ADVANCED_FACE('',(#11775),#11786,.T.);
#11775 = FACE_BOUND('',#11776,.T.);
#11776 = EDGE_LOOP('',(#11777,#11783,#11784,#11785));
#11777 = ORIENTED_EDGE('',*,*,#11778,.T.);
#11778 = EDGE_CURVE('',#2659,#6461,#11779,.T.);
#11779 = LINE('',#11780,#11781);
#11780 = CARTESIAN_POINT('',(105.229998,-97.1528,0.));
#11781 = VECTOR('',#11782,1.);
#11782 = DIRECTION('',(0.,0.,1.));
#11783 = ORIENTED_EDGE('',*,*,#6460,.T.);
#11784 = ORIENTED_EDGE('',*,*,#11756,.F.);
#11785 = ORIENTED_EDGE('',*,*,#2658,.F.);
#11786 = CYLINDRICAL_SURFACE('',#11787,0.499989885034);
#11787 = AXIS2_PLACEMENT_3D('',#11788,#11789,#11790);
#11788 = CARTESIAN_POINT('',(105.72998788503,-97.15279807913,0.));
#11789 = DIRECTION('',(0.,0.,-1.));
#11790 = DIRECTION('',(-0.999999999993,-3.841811448942E-06,-0.));
#11791 = ADVANCED_FACE('',(#11792),#11803,.T.);
#11792 = FACE_BOUND('',#11793,.T.);
#11793 = EDGE_LOOP('',(#11794,#11795,#11796,#11802));
#11794 = ORIENTED_EDGE('',*,*,#11763,.T.);
#11795 = ORIENTED_EDGE('',*,*,#6582,.T.);
#11796 = ORIENTED_EDGE('',*,*,#11797,.F.);
#11797 = EDGE_CURVE('',#2773,#6575,#11798,.T.);
#11798 = LINE('',#11799,#11800);
#11799 = CARTESIAN_POINT('',(104.324451,-96.355642,0.));
#11800 = VECTOR('',#11801,1.);
#11801 = DIRECTION('',(0.,0.,1.));
#11802 = ORIENTED_EDGE('',*,*,#2780,.F.);
#11803 = CYLINDRICAL_SURFACE('',#11804,0.500040834725);
#11804 = AXIS2_PLACEMENT_3D('',#11805,#11806,#11807);
#11805 = CARTESIAN_POINT('',(104.32444407362,-95.85560116532,0.));
#11806 = DIRECTION('',(0.,0.,-1.));
#11807 = DIRECTION('',(0.50449065128,-0.86341715455,0.));
#11808 = ADVANCED_FACE('',(#11809),#11820,.T.);
#11809 = FACE_BOUND('',#11810,.T.);
#11810 = EDGE_LOOP('',(#11811,#11817,#11818,#11819));
#11811 = ORIENTED_EDGE('',*,*,#11812,.T.);
#11812 = EDGE_CURVE('',#2668,#6470,#11813,.T.);
#11813 = LINE('',#11814,#11815);
#11814 = CARTESIAN_POINT('',(105.229998,-98.558484,0.));
#11815 = VECTOR('',#11816,1.);
#11816 = DIRECTION('',(0.,0.,1.));
#11817 = ORIENTED_EDGE('',*,*,#6469,.T.);
#11818 = ORIENTED_EDGE('',*,*,#11778,.F.);
#11819 = ORIENTED_EDGE('',*,*,#2667,.F.);
#11820 = PLANE('',#11821);
#11821 = AXIS2_PLACEMENT_3D('',#11822,#11823,#11824);
#11822 = CARTESIAN_POINT('',(105.229998,-98.558484,0.));
#11823 = DIRECTION('',(-1.,0.,0.));
#11824 = DIRECTION('',(0.,1.,0.));
#11825 = ADVANCED_FACE('',(#11826),#11837,.T.);
#11826 = FACE_BOUND('',#11827,.T.);
#11827 = EDGE_LOOP('',(#11828,#11829,#11830,#11836));
#11828 = ORIENTED_EDGE('',*,*,#11797,.T.);
#11829 = ORIENTED_EDGE('',*,*,#6574,.T.);
#11830 = ORIENTED_EDGE('',*,*,#11831,.F.);
#11831 = EDGE_CURVE('',#2764,#6566,#11832,.T.);
#11832 = LINE('',#11833,#11834);
#11833 = CARTESIAN_POINT('',(102.735547,-96.355642,0.));
#11834 = VECTOR('',#11835,1.);
#11835 = DIRECTION('',(0.,0.,1.));
#11836 = ORIENTED_EDGE('',*,*,#2772,.F.);
#11837 = PLANE('',#11838);
#11838 = AXIS2_PLACEMENT_3D('',#11839,#11840,#11841);
#11839 = CARTESIAN_POINT('',(104.324451,-96.355642,0.));
#11840 = DIRECTION('',(0.,-1.,0.));
#11841 = DIRECTION('',(-1.,0.,0.));
#11842 = ADVANCED_FACE('',(#11843),#11854,.T.);
#11843 = FACE_BOUND('',#11844,.T.);
#11844 = EDGE_LOOP('',(#11845,#11851,#11852,#11853));
#11845 = ORIENTED_EDGE('',*,*,#11846,.T.);
#11846 = EDGE_CURVE('',#2676,#6478,#11847,.T.);
#11847 = LINE('',#11848,#11849);
#11848 = CARTESIAN_POINT('',(105.279483,-98.775362,0.));
#11849 = VECTOR('',#11850,1.);
#11850 = DIRECTION('',(0.,0.,1.));
#11851 = ORIENTED_EDGE('',*,*,#6477,.T.);
#11852 = ORIENTED_EDGE('',*,*,#11812,.F.);
#11853 = ORIENTED_EDGE('',*,*,#2675,.F.);
#11854 = CYLINDRICAL_SURFACE('',#11855,0.499989885034);
#11855 = AXIS2_PLACEMENT_3D('',#11856,#11857,#11858);
#11856 = CARTESIAN_POINT('',(105.72998788503,-98.55848592086,0.));
#11857 = DIRECTION('',(0.,0.,-1.));
#11858 = DIRECTION('',(-0.901027997796,-0.43376093322,-0.));
#11859 = ADVANCED_FACE('',(#11860),#11871,.T.);
#11860 = FACE_BOUND('',#11861,.T.);
#11861 = EDGE_LOOP('',(#11862,#11863,#11864,#11870));
#11862 = ORIENTED_EDGE('',*,*,#11831,.T.);
#11863 = ORIENTED_EDGE('',*,*,#6565,.T.);
#11864 = ORIENTED_EDGE('',*,*,#11865,.F.);
#11865 = EDGE_CURVE('',#2755,#6557,#11866,.T.);
#11866 = LINE('',#11867,#11868);
#11867 = CARTESIAN_POINT('',(102.483288,-96.287343,0.));
#11868 = VECTOR('',#11869,1.);
#11869 = DIRECTION('',(0.,0.,1.));
#11870 = ORIENTED_EDGE('',*,*,#2763,.F.);
#11871 = CYLINDRICAL_SURFACE('',#11872,0.500008729226);
#11872 = AXIS2_PLACEMENT_3D('',#11873,#11874,#11875);
#11873 = CARTESIAN_POINT('',(102.73554865685,-95.85563327077,0.));
#11874 = DIRECTION('',(0.,0.,-1.));
#11875 = DIRECTION('',(-3.313649288608E-06,-0.999999999995,-0.));
#11876 = ADVANCED_FACE('',(#11877),#11888,.F.);
#11877 = FACE_BOUND('',#11878,.T.);
#11878 = EDGE_LOOP('',(#11879,#11885,#11886,#11887));
#11879 = ORIENTED_EDGE('',*,*,#11880,.T.);
#11880 = EDGE_CURVE('',#2685,#6487,#11881,.T.);
#11881 = LINE('',#11882,#11883);
#11882 = CARTESIAN_POINT('',(104.57671,-99.423941,0.));
#11883 = VECTOR('',#11884,1.);
#11884 = DIRECTION('',(0.,0.,1.));
#11885 = ORIENTED_EDGE('',*,*,#6486,.T.);
#11886 = ORIENTED_EDGE('',*,*,#11846,.F.);
#11887 = ORIENTED_EDGE('',*,*,#2684,.F.);
#11888 = CYLINDRICAL_SURFACE('',#11889,0.499999729127);
#11889 = AXIS2_PLACEMENT_3D('',#11890,#11891,#11892);
#11890 = CARTESIAN_POINT('',(104.82896825432,-98.99224029088,0.));
#11891 = DIRECTION('',(-0.,-0.,-1.));
#11892 = DIRECTION('',(-0.504516781969,-0.863401885979,0.));
#11893 = ADVANCED_FACE('',(#11894),#11905,.F.);
#11894 = FACE_BOUND('',#11895,.T.);
#11895 = EDGE_LOOP('',(#11896,#11897,#11898,#11904));
#11896 = ORIENTED_EDGE('',*,*,#11865,.T.);
#11897 = ORIENTED_EDGE('',*,*,#6556,.T.);
#11898 = ORIENTED_EDGE('',*,*,#11899,.F.);
#11899 = EDGE_CURVE('',#2746,#6548,#11900,.T.);
#11900 = LINE('',#11901,#11902);
#11901 = CARTESIAN_POINT('',(101.780515,-96.935923,0.));
#11902 = VECTOR('',#11903,1.);
#11903 = DIRECTION('',(0.,0.,1.));
#11904 = ORIENTED_EDGE('',*,*,#2754,.F.);
#11905 = CYLINDRICAL_SURFACE('',#11906,0.499999755443);
#11906 = AXIS2_PLACEMENT_3D('',#11907,#11908,#11909);
#11907 = CARTESIAN_POINT('',(102.2310291369,-96.71904338386,0.));
#11908 = DIRECTION('',(-0.,-0.,-1.));
#11909 = DIRECTION('',(0.50451797296,0.863401190039,-0.));
#11910 = ADVANCED_FACE('',(#11911),#11922,.T.);
#11911 = FACE_BOUND('',#11912,.T.);
#11912 = EDGE_LOOP('',(#11913,#11919,#11920,#11921));
#11913 = ORIENTED_EDGE('',*,*,#11914,.T.);
#11914 = EDGE_CURVE('',#2694,#6496,#11915,.T.);
#11915 = LINE('',#11916,#11917);
#11916 = CARTESIAN_POINT('',(104.324452,-99.355642,0.));
#11917 = VECTOR('',#11918,1.);
#11918 = DIRECTION('',(0.,0.,1.));
#11919 = ORIENTED_EDGE('',*,*,#6495,.T.);
#11920 = ORIENTED_EDGE('',*,*,#11880,.F.);
#11921 = ORIENTED_EDGE('',*,*,#2693,.F.);
#11922 = CYLINDRICAL_SURFACE('',#11923,0.500008729288);
#11923 = AXIS2_PLACEMENT_3D('',#11924,#11925,#11926);
#11924 = CARTESIAN_POINT('',(104.32444934312,-99.85565072928,0.));
#11925 = DIRECTION('',(0.,0.,-1.));
#11926 = DIRECTION('',(5.313662739509E-06,0.999999999986,0.));
#11927 = ADVANCED_FACE('',(#11928),#11939,.T.);
#11928 = FACE_BOUND('',#11929,.T.);
#11929 = EDGE_LOOP('',(#11930,#11931,#11932,#11938));
#11930 = ORIENTED_EDGE('',*,*,#11899,.T.);
#11931 = ORIENTED_EDGE('',*,*,#6547,.T.);
#11932 = ORIENTED_EDGE('',*,*,#11933,.F.);
#11933 = EDGE_CURVE('',#2738,#6540,#11934,.T.);
#11934 = LINE('',#11935,#11936);
#11935 = CARTESIAN_POINT('',(101.83,-97.1528,0.));
#11936 = VECTOR('',#11937,1.);
#11937 = DIRECTION('',(0.,0.,1.));
#11938 = ORIENTED_EDGE('',*,*,#2745,.F.);
#11939 = CYLINDRICAL_SURFACE('',#11940,0.49998122973);
#11940 = AXIS2_PLACEMENT_3D('',#11941,#11942,#11943);
#11941 = CARTESIAN_POINT('',(101.33001877027,-97.15279710423,0.));
#11942 = DIRECTION('',(0.,0.,-1.));
#11943 = DIRECTION('',(0.901026284457,0.433764492229,0.));
#11944 = ADVANCED_FACE('',(#11945),#11956,.T.);
#11945 = FACE_BOUND('',#11946,.T.);
#11946 = EDGE_LOOP('',(#11947,#11953,#11954,#11955));
#11947 = ORIENTED_EDGE('',*,*,#11948,.T.);
#11948 = EDGE_CURVE('',#2703,#6505,#11949,.T.);
#11949 = LINE('',#11950,#11951);
#11950 = CARTESIAN_POINT('',(102.735546,-99.355641,0.));
#11951 = VECTOR('',#11952,1.);
#11952 = DIRECTION('',(0.,0.,1.));
#11953 = ORIENTED_EDGE('',*,*,#6504,.T.);
#11954 = ORIENTED_EDGE('',*,*,#11914,.F.);
#11955 = ORIENTED_EDGE('',*,*,#2702,.F.);
#11956 = PLANE('',#11957);
#11957 = AXIS2_PLACEMENT_3D('',#11958,#11959,#11960);
#11958 = CARTESIAN_POINT('',(102.735546,-99.355641,0.));
#11959 = DIRECTION('',(6.29363850017E-07,1.,-0.));
#11960 = DIRECTION('',(1.,-6.29363850017E-07,0.));
#11961 = ADVANCED_FACE('',(#11962),#11973,.T.);
#11962 = FACE_BOUND('',#11963,.T.);
#11963 = EDGE_LOOP('',(#11964,#11965,#11966,#11972));
#11964 = ORIENTED_EDGE('',*,*,#11933,.T.);
#11965 = ORIENTED_EDGE('',*,*,#6539,.T.);
#11966 = ORIENTED_EDGE('',*,*,#11967,.F.);
#11967 = EDGE_CURVE('',#2729,#6531,#11968,.T.);
#11968 = LINE('',#11969,#11970);
#11969 = CARTESIAN_POINT('',(101.83,-98.558484,0.));
#11970 = VECTOR('',#11971,1.);
#11971 = DIRECTION('',(0.,0.,1.));
#11972 = ORIENTED_EDGE('',*,*,#2737,.F.);
#11973 = PLANE('',#11974);
#11974 = AXIS2_PLACEMENT_3D('',#11975,#11976,#11977);
#11975 = CARTESIAN_POINT('',(101.83,-97.1528,0.));
#11976 = DIRECTION('',(1.,0.,-0.));
#11977 = DIRECTION('',(0.,-1.,0.));
#11978 = ADVANCED_FACE('',(#11979),#11990,.T.);
#11979 = FACE_BOUND('',#11980,.T.);
#11980 = EDGE_LOOP('',(#11981,#11987,#11988,#11989));
#11981 = ORIENTED_EDGE('',*,*,#11982,.T.);
#11982 = EDGE_CURVE('',#2711,#6513,#11983,.T.);
#11983 = LINE('',#11984,#11985);
#11984 = CARTESIAN_POINT('',(102.483288,-99.42394,0.));
#11985 = VECTOR('',#11986,1.);
#11986 = DIRECTION('',(0.,0.,1.));
#11987 = ORIENTED_EDGE('',*,*,#6512,.T.);
#11988 = ORIENTED_EDGE('',*,*,#11948,.F.);
#11989 = ORIENTED_EDGE('',*,*,#2710,.F.);
#11990 = CYLINDRICAL_SURFACE('',#11991,0.500008729288);
#11991 = AXIS2_PLACEMENT_3D('',#11992,#11993,#11994);
#11992 = CARTESIAN_POINT('',(102.73554865687,-99.85564972928,0.));
#11993 = DIRECTION('',(0.,0.,-1.));
#11994 = DIRECTION('',(-0.504512505685,0.863404384751,0.));
#11995 = ADVANCED_FACE('',(#11996),#12007,.T.);
#11996 = FACE_BOUND('',#11997,.T.);
#11997 = EDGE_LOOP('',(#11998,#11999,#12000,#12006));
#11998 = ORIENTED_EDGE('',*,*,#11967,.T.);
#11999 = ORIENTED_EDGE('',*,*,#6530,.T.);
#12000 = ORIENTED_EDGE('',*,*,#12001,.F.);
#12001 = EDGE_CURVE('',#2720,#6522,#12002,.T.);
#12002 = LINE('',#12003,#12004);
#12003 = CARTESIAN_POINT('',(101.780515,-98.775362,0.));
#12004 = VECTOR('',#12005,1.);
#12005 = DIRECTION('',(0.,0.,1.));
#12006 = ORIENTED_EDGE('',*,*,#2728,.F.);
#12007 = CYLINDRICAL_SURFACE('',#12008,0.499989885034);
#12008 = AXIS2_PLACEMENT_3D('',#12009,#12010,#12011);
#12009 = CARTESIAN_POINT('',(101.33001011496,-98.55848592086,0.));
#12010 = DIRECTION('',(0.,0.,-1.));
#12011 = DIRECTION('',(0.999999999993,3.841811363674E-06,0.));
#12012 = ADVANCED_FACE('',(#12013),#12019,.F.);
#12013 = FACE_BOUND('',#12014,.T.);
#12014 = EDGE_LOOP('',(#12015,#12016,#12017,#12018));
#12015 = ORIENTED_EDGE('',*,*,#12001,.T.);
#12016 = ORIENTED_EDGE('',*,*,#6521,.T.);
#12017 = ORIENTED_EDGE('',*,*,#11982,.F.);
#12018 = ORIENTED_EDGE('',*,*,#2719,.F.);
#12019 = CYLINDRICAL_SURFACE('',#12020,0.499999422661);
#12020 = AXIS2_PLACEMENT_3D('',#12021,#12022,#12023);
#12021 = CARTESIAN_POINT('',(102.23102970448,-98.9922396699,0.));
#12022 = DIRECTION('',(-0.,-0.,-1.));
#12023 = DIRECTION('',(-0.901030449374,0.433755840654,0.));
#12024 = ADVANCED_FACE('',(#12025),#12036,.F.);
#12025 = FACE_BOUND('',#12026,.T.);
#12026 = EDGE_LOOP('',(#12027,#12028,#12034,#12035));
#12027 = ORIENTED_EDGE('',*,*,#2789,.T.);
#12028 = ORIENTED_EDGE('',*,*,#12029,.T.);
#12029 = EDGE_CURVE('',#2790,#6592,#12030,.T.);
#12030 = LINE('',#12031,#12032);
#12031 = CARTESIAN_POINT('',(119.98,-105.4,-4.6E-02));
#12032 = VECTOR('',#12033,1.);
#12033 = DIRECTION('',(0.,0.,1.));
#12034 = ORIENTED_EDGE('',*,*,#6591,.F.);
#12035 = ORIENTED_EDGE('',*,*,#12029,.F.);
#12036 = CYLINDRICAL_SURFACE('',#12037,0.4);
#12037 = AXIS2_PLACEMENT_3D('',#12038,#12039,#12040);
#12038 = CARTESIAN_POINT('',(119.98,-105.,-4.6E-02));
#12039 = DIRECTION('',(-0.,0.,-1.));
#12040 = DIRECTION('',(3.5527136788E-14,-1.,-0.));
#12041 = ADVANCED_FACE('',(#12042),#12053,.F.);
#12042 = FACE_BOUND('',#12043,.T.);
#12043 = EDGE_LOOP('',(#12044,#12045,#12051,#12052));
#12044 = ORIENTED_EDGE('',*,*,#2800,.T.);
#12045 = ORIENTED_EDGE('',*,*,#12046,.T.);
#12046 = EDGE_CURVE('',#2801,#6603,#12047,.T.);
#12047 = LINE('',#12048,#12049);
#12048 = CARTESIAN_POINT('',(98.43,-93.53,-4.6E-02));
#12049 = VECTOR('',#12050,1.);
#12050 = DIRECTION('',(0.,0.,1.));
#12051 = ORIENTED_EDGE('',*,*,#6602,.F.);
#12052 = ORIENTED_EDGE('',*,*,#12046,.F.);
#12053 = CYLINDRICAL_SURFACE('',#12054,0.85);
#12054 = AXIS2_PLACEMENT_3D('',#12055,#12056,#12057);
#12055 = CARTESIAN_POINT('',(98.43,-92.68,-4.6E-02));
#12056 = DIRECTION('',(-0.,-0.,-1.));
#12057 = DIRECTION('',(-0.,-1.,0.));
#12058 = ADVANCED_FACE('',(#12059),#12070,.F.);
#12059 = FACE_BOUND('',#12060,.T.);
#12060 = EDGE_LOOP('',(#12061,#12062,#12068,#12069));
#12061 = ORIENTED_EDGE('',*,*,#2811,.T.);
#12062 = ORIENTED_EDGE('',*,*,#12063,.T.);
#12063 = EDGE_CURVE('',#2812,#6614,#12064,.T.);
#12064 = LINE('',#12065,#12066);
#12065 = CARTESIAN_POINT('',(103.51,-94.68,-4.6E-02));
#12066 = VECTOR('',#12067,1.);
#12067 = DIRECTION('',(0.,0.,1.));
#12068 = ORIENTED_EDGE('',*,*,#6613,.F.);
#12069 = ORIENTED_EDGE('',*,*,#12063,.F.);
#12070 = CYLINDRICAL_SURFACE('',#12071,2.);
#12071 = AXIS2_PLACEMENT_3D('',#12072,#12073,#12074);
#12072 = CARTESIAN_POINT('',(103.51,-92.68,-4.6E-02));
#12073 = DIRECTION('',(-0.,-0.,-1.));
#12074 = DIRECTION('',(-0.,-1.,0.));
#12075 = ADVANCED_FACE('',(#12076),#12087,.F.);
#12076 = FACE_BOUND('',#12077,.T.);
#12077 = EDGE_LOOP('',(#12078,#12079,#12085,#12086));
#12078 = ORIENTED_EDGE('',*,*,#2822,.T.);
#12079 = ORIENTED_EDGE('',*,*,#12080,.T.);
#12080 = EDGE_CURVE('',#2823,#6625,#12081,.T.);
#12081 = LINE('',#12082,#12083);
#12082 = CARTESIAN_POINT('',(108.59,-93.53,-4.6E-02));
#12083 = VECTOR('',#12084,1.);
#12084 = DIRECTION('',(0.,0.,1.));
#12085 = ORIENTED_EDGE('',*,*,#6624,.F.);
#12086 = ORIENTED_EDGE('',*,*,#12080,.F.);
#12087 = CYLINDRICAL_SURFACE('',#12088,0.85);
#12088 = AXIS2_PLACEMENT_3D('',#12089,#12090,#12091);
#12089 = CARTESIAN_POINT('',(108.59,-92.68,-4.6E-02));
#12090 = DIRECTION('',(-0.,-0.,-1.));
#12091 = DIRECTION('',(-0.,-1.,0.));
#12092 = ADVANCED_FACE('',(#12093),#12104,.F.);
#12093 = FACE_BOUND('',#12094,.T.);
#12094 = EDGE_LOOP('',(#12095,#12096,#12102,#12103));
#12095 = ORIENTED_EDGE('',*,*,#2833,.T.);
#12096 = ORIENTED_EDGE('',*,*,#12097,.T.);
#12097 = EDGE_CURVE('',#2834,#6636,#12098,.T.);
#12098 = LINE('',#12099,#12100);
#12099 = CARTESIAN_POINT('',(99.7,-90.89,-4.6E-02));
#12100 = VECTOR('',#12101,1.);
#12101 = DIRECTION('',(0.,0.,1.));
#12102 = ORIENTED_EDGE('',*,*,#6635,.F.);
#12103 = ORIENTED_EDGE('',*,*,#12097,.F.);
#12104 = CYLINDRICAL_SURFACE('',#12105,0.75);
#12105 = AXIS2_PLACEMENT_3D('',#12106,#12107,#12108);
#12106 = CARTESIAN_POINT('',(99.7,-90.14,-4.6E-02));
#12107 = DIRECTION('',(-0.,-0.,-1.));
#12108 = DIRECTION('',(-0.,-1.,0.));
#12109 = ADVANCED_FACE('',(#12110),#12121,.F.);
#12110 = FACE_BOUND('',#12111,.T.);
#12111 = EDGE_LOOP('',(#12112,#12113,#12119,#12120));
#12112 = ORIENTED_EDGE('',*,*,#2844,.T.);
#12113 = ORIENTED_EDGE('',*,*,#12114,.T.);
#12114 = EDGE_CURVE('',#2845,#6647,#12115,.T.);
#12115 = LINE('',#12116,#12117);
#12116 = CARTESIAN_POINT('',(106.05,-88.35,-4.6E-02));
#12117 = VECTOR('',#12118,1.);
#12118 = DIRECTION('',(0.,0.,1.));
#12119 = ORIENTED_EDGE('',*,*,#6646,.F.);
#12120 = ORIENTED_EDGE('',*,*,#12114,.F.);
#12121 = CYLINDRICAL_SURFACE('',#12122,0.75);
#12122 = AXIS2_PLACEMENT_3D('',#12123,#12124,#12125);
#12123 = CARTESIAN_POINT('',(106.05,-87.6,-4.6E-02));
#12124 = DIRECTION('',(-0.,-0.,-1.));
#12125 = DIRECTION('',(-0.,-1.,0.));
#12126 = ADVANCED_FACE('',(#12127),#12138,.F.);
#12127 = FACE_BOUND('',#12128,.T.);
#12128 = EDGE_LOOP('',(#12129,#12130,#12136,#12137));
#12129 = ORIENTED_EDGE('',*,*,#2855,.T.);
#12130 = ORIENTED_EDGE('',*,*,#12131,.T.);
#12131 = EDGE_CURVE('',#2856,#6658,#12132,.T.);
#12132 = LINE('',#12133,#12134);
#12133 = CARTESIAN_POINT('',(118.47,-93.53,-4.6E-02));
#12134 = VECTOR('',#12135,1.);
#12135 = DIRECTION('',(0.,0.,1.));
#12136 = ORIENTED_EDGE('',*,*,#6657,.F.);
#12137 = ORIENTED_EDGE('',*,*,#12131,.F.);
#12138 = CYLINDRICAL_SURFACE('',#12139,0.85);
#12139 = AXIS2_PLACEMENT_3D('',#12140,#12141,#12142);
#12140 = CARTESIAN_POINT('',(118.47,-92.68,-4.6E-02));
#12141 = DIRECTION('',(-0.,-0.,-1.));
#12142 = DIRECTION('',(-0.,-1.,0.));
#12143 = ADVANCED_FACE('',(#12144),#12155,.F.);
#12144 = FACE_BOUND('',#12145,.T.);
#12145 = EDGE_LOOP('',(#12146,#12147,#12153,#12154));
#12146 = ORIENTED_EDGE('',*,*,#2866,.T.);
#12147 = ORIENTED_EDGE('',*,*,#12148,.T.);
#12148 = EDGE_CURVE('',#2867,#6669,#12149,.T.);
#12149 = LINE('',#12150,#12151);
#12150 = CARTESIAN_POINT('',(119.74,-90.89,-4.6E-02));
#12151 = VECTOR('',#12152,1.);
#12152 = DIRECTION('',(0.,0.,1.));
#12153 = ORIENTED_EDGE('',*,*,#6668,.F.);
#12154 = ORIENTED_EDGE('',*,*,#12148,.F.);
#12155 = CYLINDRICAL_SURFACE('',#12156,0.75);
#12156 = AXIS2_PLACEMENT_3D('',#12157,#12158,#12159);
#12157 = CARTESIAN_POINT('',(119.74,-90.14,-4.6E-02));
#12158 = DIRECTION('',(-0.,-0.,-1.));
#12159 = DIRECTION('',(-0.,-1.,0.));
#12160 = ADVANCED_FACE('',(#12161),#12172,.F.);
#12161 = FACE_BOUND('',#12162,.T.);
#12162 = EDGE_LOOP('',(#12163,#12164,#12170,#12171));
#12163 = ORIENTED_EDGE('',*,*,#2877,.T.);
#12164 = ORIENTED_EDGE('',*,*,#12165,.T.);
#12165 = EDGE_CURVE('',#2878,#6680,#12166,.T.);
#12166 = LINE('',#12167,#12168);
#12167 = CARTESIAN_POINT('',(127.6,-105.4,-4.6E-02));
#12168 = VECTOR('',#12169,1.);
#12169 = DIRECTION('',(0.,0.,1.));
#12170 = ORIENTED_EDGE('',*,*,#6679,.F.);
#12171 = ORIENTED_EDGE('',*,*,#12165,.F.);
#12172 = CYLINDRICAL_SURFACE('',#12173,0.4);
#12173 = AXIS2_PLACEMENT_3D('',#12174,#12175,#12176);
#12174 = CARTESIAN_POINT('',(127.6,-105.,-4.6E-02));
#12175 = DIRECTION('',(-0.,-0.,-1.));
#12176 = DIRECTION('',(-0.,-1.,0.));
#12177 = ADVANCED_FACE('',(#12178),#12194,.F.);
#12178 = FACE_BOUND('',#12179,.T.);
#12179 = EDGE_LOOP('',(#12180,#12186,#12187,#12193));
#12180 = ORIENTED_EDGE('',*,*,#12181,.T.);
#12181 = EDGE_CURVE('',#2889,#6691,#12182,.T.);
#12182 = LINE('',#12183,#12184);
#12183 = CARTESIAN_POINT('',(122.543288,-96.187343,0.));
#12184 = VECTOR('',#12185,1.);
#12185 = DIRECTION('',(0.,0.,1.));
#12186 = ORIENTED_EDGE('',*,*,#6690,.T.);
#12187 = ORIENTED_EDGE('',*,*,#12188,.F.);
#12188 = EDGE_CURVE('',#2891,#6693,#12189,.T.);
#12189 = LINE('',#12190,#12191);
#12190 = CARTESIAN_POINT('',(121.840515,-96.835922,0.));
#12191 = VECTOR('',#12192,1.);
#12192 = DIRECTION('',(0.,0.,1.));
#12193 = ORIENTED_EDGE('',*,*,#2888,.F.);
#12194 = CYLINDRICAL_SURFACE('',#12195,0.499999448976);
#12195 = AXIS2_PLACEMENT_3D('',#12196,#12197,#12198);
#12196 = CARTESIAN_POINT('',(122.29102909571,-96.61904300484,0.));
#12197 = DIRECTION('',(-0.,-0.,-1.));
#12198 = DIRECTION('',(0.504518364574,0.863400961204,-0.));
#12199 = ADVANCED_FACE('',(#12200),#12211,.T.);
#12200 = FACE_BOUND('',#12201,.T.);
#12201 = EDGE_LOOP('',(#12202,#12208,#12209,#12210));
#12202 = ORIENTED_EDGE('',*,*,#12203,.T.);
#12203 = EDGE_CURVE('',#2900,#6702,#12204,.T.);
#12204 = LINE('',#12205,#12206);
#12205 = CARTESIAN_POINT('',(122.795547,-96.255642,0.));
#12206 = VECTOR('',#12207,1.);
#12207 = DIRECTION('',(0.,0.,1.));
#12208 = ORIENTED_EDGE('',*,*,#6701,.T.);
#12209 = ORIENTED_EDGE('',*,*,#12181,.F.);
#12210 = ORIENTED_EDGE('',*,*,#2899,.F.);
#12211 = CYLINDRICAL_SURFACE('',#12212,0.500008729226);
#12212 = AXIS2_PLACEMENT_3D('',#12213,#12214,#12215);
#12213 = CARTESIAN_POINT('',(122.79554865685,-95.75563327077,0.));
#12214 = DIRECTION('',(0.,0.,-1.));
#12215 = DIRECTION('',(-3.313649260187E-06,-0.999999999995,-0.));
#12216 = ADVANCED_FACE('',(#12217),#12228,.T.);
#12217 = FACE_BOUND('',#12218,.T.);
#12218 = EDGE_LOOP('',(#12219,#12220,#12221,#12227));
#12219 = ORIENTED_EDGE('',*,*,#12188,.T.);
#12220 = ORIENTED_EDGE('',*,*,#6823,.T.);
#12221 = ORIENTED_EDGE('',*,*,#12222,.F.);
#12222 = EDGE_CURVE('',#3014,#6816,#12223,.T.);
#12223 = LINE('',#12224,#12225);
#12224 = CARTESIAN_POINT('',(121.89,-97.0528,0.));
#12225 = VECTOR('',#12226,1.);
#12226 = DIRECTION('',(0.,0.,1.));
#12227 = ORIENTED_EDGE('',*,*,#3021,.F.);
#12228 = CYLINDRICAL_SURFACE('',#12229,0.499989885034);
#12229 = AXIS2_PLACEMENT_3D('',#12230,#12231,#12232);
#12230 = CARTESIAN_POINT('',(121.39001011496,-97.05279807913,0.));
#12231 = DIRECTION('',(0.,0.,-1.));
#12232 = DIRECTION('',(0.901027997796,0.43376093322,0.));
#12233 = ADVANCED_FACE('',(#12234),#12245,.T.);
#12234 = FACE_BOUND('',#12235,.T.);
#12235 = EDGE_LOOP('',(#12236,#12242,#12243,#12244));
#12236 = ORIENTED_EDGE('',*,*,#12237,.T.);
#12237 = EDGE_CURVE('',#2909,#6711,#12238,.T.);
#12238 = LINE('',#12239,#12240);
#12239 = CARTESIAN_POINT('',(124.384451,-96.255642,0.));
#12240 = VECTOR('',#12241,1.);
#12241 = DIRECTION('',(0.,0.,1.));
#12242 = ORIENTED_EDGE('',*,*,#6710,.T.);
#12243 = ORIENTED_EDGE('',*,*,#12203,.F.);
#12244 = ORIENTED_EDGE('',*,*,#2908,.F.);
#12245 = PLANE('',#12246);
#12246 = AXIS2_PLACEMENT_3D('',#12247,#12248,#12249);
#12247 = CARTESIAN_POINT('',(124.384451,-96.255642,0.));
#12248 = DIRECTION('',(0.,-1.,0.));
#12249 = DIRECTION('',(-1.,0.,0.));
#12250 = ADVANCED_FACE('',(#12251),#12262,.T.);
#12251 = FACE_BOUND('',#12252,.T.);
#12252 = EDGE_LOOP('',(#12253,#12254,#12255,#12261));
#12253 = ORIENTED_EDGE('',*,*,#12222,.T.);
#12254 = ORIENTED_EDGE('',*,*,#6815,.T.);
#12255 = ORIENTED_EDGE('',*,*,#12256,.F.);
#12256 = EDGE_CURVE('',#3005,#6807,#12257,.T.);
#12257 = LINE('',#12258,#12259);
#12258 = CARTESIAN_POINT('',(121.89,-98.458485,0.));
#12259 = VECTOR('',#12260,1.);
#12260 = DIRECTION('',(0.,0.,1.));
#12261 = ORIENTED_EDGE('',*,*,#3013,.F.);
#12262 = PLANE('',#12263);
#12263 = AXIS2_PLACEMENT_3D('',#12264,#12265,#12266);
#12264 = CARTESIAN_POINT('',(121.89,-97.0528,0.));
#12265 = DIRECTION('',(1.,0.,-0.));
#12266 = DIRECTION('',(0.,-1.,0.));
#12267 = ADVANCED_FACE('',(#12268),#12279,.T.);
#12268 = FACE_BOUND('',#12269,.T.);
#12269 = EDGE_LOOP('',(#12270,#12276,#12277,#12278));
#12270 = ORIENTED_EDGE('',*,*,#12271,.T.);
#12271 = EDGE_CURVE('',#2917,#6719,#12272,.T.);
#12272 = LINE('',#12273,#12274);
#12273 = CARTESIAN_POINT('',(124.636709,-96.187343,0.));
#12274 = VECTOR('',#12275,1.);
#12275 = DIRECTION('',(0.,0.,1.));
#12276 = ORIENTED_EDGE('',*,*,#6718,.T.);
#12277 = ORIENTED_EDGE('',*,*,#12237,.F.);
#12278 = ORIENTED_EDGE('',*,*,#2916,.F.);
#12279 = CYLINDRICAL_SURFACE('',#12280,0.500008729288);
#12280 = AXIS2_PLACEMENT_3D('',#12281,#12282,#12283);
#12281 = CARTESIAN_POINT('',(124.38444834312,-95.75563327071,0.));
#12282 = DIRECTION('',(0.,0.,-1.));
#12283 = DIRECTION('',(0.504512505685,-0.863404384751,0.));
#12284 = ADVANCED_FACE('',(#12285),#12296,.T.);
#12285 = FACE_BOUND('',#12286,.T.);
#12286 = EDGE_LOOP('',(#12287,#12288,#12289,#12295));
#12287 = ORIENTED_EDGE('',*,*,#12256,.T.);
#12288 = ORIENTED_EDGE('',*,*,#6806,.T.);
#12289 = ORIENTED_EDGE('',*,*,#12290,.F.);
#12290 = EDGE_CURVE('',#2996,#6798,#12291,.T.);
#12291 = LINE('',#12292,#12293);
#12292 = CARTESIAN_POINT('',(121.840515,-98.675362,0.));
#12293 = VECTOR('',#12294,1.);
#12294 = DIRECTION('',(0.,0.,1.));
#12295 = ORIENTED_EDGE('',*,*,#3004,.F.);
#12296 = CYLINDRICAL_SURFACE('',#12297,0.499989884978);
#12297 = AXIS2_PLACEMENT_3D('',#12298,#12299,#12300);
#12298 = CARTESIAN_POINT('',(121.39001011502,-98.45848592088,0.));
#12299 = DIRECTION('',(0.,0.,-1.));
#12300 = DIRECTION('',(0.999999999998,1.841808596201E-06,0.));
#12301 = ADVANCED_FACE('',(#12302),#12313,.F.);
#12302 = FACE_BOUND('',#12303,.T.);
#12303 = EDGE_LOOP('',(#12304,#12310,#12311,#12312));
#12304 = ORIENTED_EDGE('',*,*,#12305,.T.);
#12305 = EDGE_CURVE('',#2926,#6728,#12306,.T.);
#12306 = LINE('',#12307,#12308);
#12307 = CARTESIAN_POINT('',(125.339483,-96.835922,0.));
#12308 = VECTOR('',#12309,1.);
#12309 = DIRECTION('',(0.,0.,1.));
#12310 = ORIENTED_EDGE('',*,*,#6727,.T.);
#12311 = ORIENTED_EDGE('',*,*,#12271,.F.);
#12312 = ORIENTED_EDGE('',*,*,#2925,.F.);
#12313 = CYLINDRICAL_SURFACE('',#12314,0.500000669307);
#12314 = AXIS2_PLACEMENT_3D('',#12315,#12316,#12317);
#12315 = CARTESIAN_POINT('',(124.88896646449,-96.61904525956,0.));
#12316 = DIRECTION('',(-0.,-0.,-1.));
#12317 = DIRECTION('',(0.901031864884,-0.433752900236,0.));
#12318 = ADVANCED_FACE('',(#12319),#12330,.F.);
#12319 = FACE_BOUND('',#12320,.T.);
#12320 = EDGE_LOOP('',(#12321,#12322,#12323,#12329));
#12321 = ORIENTED_EDGE('',*,*,#12290,.T.);
#12322 = ORIENTED_EDGE('',*,*,#6797,.T.);
#12323 = ORIENTED_EDGE('',*,*,#12324,.F.);
#12324 = EDGE_CURVE('',#2987,#6789,#12325,.T.);
#12325 = LINE('',#12326,#12327);
#12326 = CARTESIAN_POINT('',(122.543288,-99.32394,0.));
#12327 = VECTOR('',#12328,1.);
#12328 = DIRECTION('',(0.,0.,1.));
#12329 = ORIENTED_EDGE('',*,*,#2995,.F.);
#12330 = CYLINDRICAL_SURFACE('',#12331,0.499999422661);
#12331 = AXIS2_PLACEMENT_3D('',#12332,#12333,#12334);
#12332 = CARTESIAN_POINT('',(122.29102970448,-98.8922396699,0.));
#12333 = DIRECTION('',(-0.,-0.,-1.));
#12334 = DIRECTION('',(-0.901030449374,0.433755840654,0.));
#12335 = ADVANCED_FACE('',(#12336),#12347,.T.);
#12336 = FACE_BOUND('',#12337,.T.);
#12337 = EDGE_LOOP('',(#12338,#12344,#12345,#12346));
#12338 = ORIENTED_EDGE('',*,*,#12339,.T.);
#12339 = EDGE_CURVE('',#2935,#6737,#12340,.T.);
#12340 = LINE('',#12341,#12342);
#12341 = CARTESIAN_POINT('',(125.289998,-97.052799,0.));
#12342 = VECTOR('',#12343,1.);
#12343 = DIRECTION('',(0.,0.,1.));
#12344 = ORIENTED_EDGE('',*,*,#6736,.T.);
#12345 = ORIENTED_EDGE('',*,*,#12305,.F.);
#12346 = ORIENTED_EDGE('',*,*,#2934,.F.);
#12347 = CYLINDRICAL_SURFACE('',#12348,0.499989884978);
#12348 = AXIS2_PLACEMENT_3D('',#12349,#12350,#12351);
#12349 = CARTESIAN_POINT('',(125.78998788497,-97.05279807911,0.));
#12350 = DIRECTION('',(0.,0.,-1.));
#12351 = DIRECTION('',(-0.999999999998,-1.841808567778E-06,-0.));
#12352 = ADVANCED_FACE('',(#12353),#12364,.T.);
#12353 = FACE_BOUND('',#12354,.T.);
#12354 = EDGE_LOOP('',(#12355,#12356,#12357,#12363));
#12355 = ORIENTED_EDGE('',*,*,#12324,.T.);
#12356 = ORIENTED_EDGE('',*,*,#6788,.T.);
#12357 = ORIENTED_EDGE('',*,*,#12358,.F.);
#12358 = EDGE_CURVE('',#2979,#6781,#12359,.T.);
#12359 = LINE('',#12360,#12361);
#12360 = CARTESIAN_POINT('',(122.795546,-99.255641,0.));
#12361 = VECTOR('',#12362,1.);
#12362 = DIRECTION('',(0.,0.,1.));
#12363 = ORIENTED_EDGE('',*,*,#2986,.F.);
#12364 = CYLINDRICAL_SURFACE('',#12365,0.500008729288);
#12365 = AXIS2_PLACEMENT_3D('',#12366,#12367,#12368);
#12366 = CARTESIAN_POINT('',(122.79554865687,-99.75564972928,0.));
#12367 = DIRECTION('',(0.,0.,-1.));
#12368 = DIRECTION('',(-0.504512505685,0.863404384751,0.));
#12369 = ADVANCED_FACE('',(#12370),#12381,.T.);
#12370 = FACE_BOUND('',#12371,.T.);
#12371 = EDGE_LOOP('',(#12372,#12378,#12379,#12380));
#12372 = ORIENTED_EDGE('',*,*,#12373,.T.);
#12373 = EDGE_CURVE('',#2944,#6746,#12374,.T.);
#12374 = LINE('',#12375,#12376);
#12375 = CARTESIAN_POINT('',(125.289998,-98.458484,0.));
#12376 = VECTOR('',#12377,1.);
#12377 = DIRECTION('',(0.,0.,1.));
#12378 = ORIENTED_EDGE('',*,*,#6745,.T.);
#12379 = ORIENTED_EDGE('',*,*,#12339,.F.);
#12380 = ORIENTED_EDGE('',*,*,#2943,.F.);
#12381 = PLANE('',#12382);
#12382 = AXIS2_PLACEMENT_3D('',#12383,#12384,#12385);
#12383 = CARTESIAN_POINT('',(125.289998,-98.458484,0.));
#12384 = DIRECTION('',(-1.,0.,0.));
#12385 = DIRECTION('',(0.,1.,0.));
#12386 = ADVANCED_FACE('',(#12387),#12398,.T.);
#12387 = FACE_BOUND('',#12388,.T.);
#12388 = EDGE_LOOP('',(#12389,#12390,#12391,#12397));
#12389 = ORIENTED_EDGE('',*,*,#12358,.T.);
#12390 = ORIENTED_EDGE('',*,*,#6780,.T.);
#12391 = ORIENTED_EDGE('',*,*,#12392,.F.);
#12392 = EDGE_CURVE('',#2970,#6772,#12393,.T.);
#12393 = LINE('',#12394,#12395);
#12394 = CARTESIAN_POINT('',(124.384452,-99.255642,0.));
#12395 = VECTOR('',#12396,1.);
#12396 = DIRECTION('',(0.,0.,1.));
#12397 = ORIENTED_EDGE('',*,*,#2978,.F.);
#12398 = PLANE('',#12399);
#12399 = AXIS2_PLACEMENT_3D('',#12400,#12401,#12402);
#12400 = CARTESIAN_POINT('',(122.795546,-99.255641,0.));
#12401 = DIRECTION('',(6.29363850017E-07,1.,-0.));
#12402 = DIRECTION('',(1.,-6.29363850017E-07,0.));
#12403 = ADVANCED_FACE('',(#12404),#12415,.T.);
#12404 = FACE_BOUND('',#12405,.T.);
#12405 = EDGE_LOOP('',(#12406,#12412,#12413,#12414));
#12406 = ORIENTED_EDGE('',*,*,#12407,.T.);
#12407 = EDGE_CURVE('',#2952,#6754,#12408,.T.);
#12408 = LINE('',#12409,#12410);
#12409 = CARTESIAN_POINT('',(125.339483,-98.675362,0.));
#12410 = VECTOR('',#12411,1.);
#12411 = DIRECTION('',(0.,0.,1.));
#12412 = ORIENTED_EDGE('',*,*,#6753,.T.);
#12413 = ORIENTED_EDGE('',*,*,#12373,.F.);
#12414 = ORIENTED_EDGE('',*,*,#2951,.F.);
#12415 = CYLINDRICAL_SURFACE('',#12416,0.499989885034);
#12416 = AXIS2_PLACEMENT_3D('',#12417,#12418,#12419);
#12417 = CARTESIAN_POINT('',(125.78998788503,-98.45848592086,0.));
#12418 = DIRECTION('',(0.,0.,-1.));
#12419 = DIRECTION('',(-0.901027997796,-0.43376093322,-0.));
#12420 = ADVANCED_FACE('',(#12421),#12432,.T.);
#12421 = FACE_BOUND('',#12422,.T.);
#12422 = EDGE_LOOP('',(#12423,#12424,#12425,#12431));
#12423 = ORIENTED_EDGE('',*,*,#12392,.T.);
#12424 = ORIENTED_EDGE('',*,*,#6771,.T.);
#12425 = ORIENTED_EDGE('',*,*,#12426,.F.);
#12426 = EDGE_CURVE('',#2961,#6763,#12427,.T.);
#12427 = LINE('',#12428,#12429);
#12428 = CARTESIAN_POINT('',(124.63671,-99.323941,0.));
#12429 = VECTOR('',#12430,1.);
#12430 = DIRECTION('',(0.,0.,1.));
#12431 = ORIENTED_EDGE('',*,*,#2969,.F.);
#12432 = CYLINDRICAL_SURFACE('',#12433,0.500008729288);
#12433 = AXIS2_PLACEMENT_3D('',#12434,#12435,#12436);
#12434 = CARTESIAN_POINT('',(124.38444934312,-99.75565072928,0.));
#12435 = DIRECTION('',(0.,0.,-1.));
#12436 = DIRECTION('',(5.313662853193E-06,0.999999999986,0.));
#12437 = ADVANCED_FACE('',(#12438),#12444,.F.);
#12438 = FACE_BOUND('',#12439,.T.);
#12439 = EDGE_LOOP('',(#12440,#12441,#12442,#12443));
#12440 = ORIENTED_EDGE('',*,*,#12426,.T.);
#12441 = ORIENTED_EDGE('',*,*,#6762,.T.);
#12442 = ORIENTED_EDGE('',*,*,#12407,.F.);
#12443 = ORIENTED_EDGE('',*,*,#2960,.F.);
#12444 = CYLINDRICAL_SURFACE('',#12445,0.499999729127);
#12445 = AXIS2_PLACEMENT_3D('',#12446,#12447,#12448);
#12446 = CARTESIAN_POINT('',(124.88896825432,-98.89224029088,0.));
#12447 = DIRECTION('',(-0.,-0.,-1.));
#12448 = DIRECTION('',(-0.504516781969,-0.863401885979,0.));
#12449 = ADVANCED_FACE('',(#12450),#12461,.F.);
#12450 = FACE_BOUND('',#12451,.T.);
#12451 = EDGE_LOOP('',(#12452,#12453,#12459,#12460));
#12452 = ORIENTED_EDGE('',*,*,#3030,.T.);
#12453 = ORIENTED_EDGE('',*,*,#12454,.T.);
#12454 = EDGE_CURVE('',#3031,#6833,#12455,.T.);
#12455 = LINE('',#12456,#12457);
#12456 = CARTESIAN_POINT('',(139.78,-105.4,-4.6E-02));
#12457 = VECTOR('',#12458,1.);
#12458 = DIRECTION('',(0.,0.,1.));
#12459 = ORIENTED_EDGE('',*,*,#6832,.F.);
#12460 = ORIENTED_EDGE('',*,*,#12454,.F.);
#12461 = CYLINDRICAL_SURFACE('',#12462,0.4);
#12462 = AXIS2_PLACEMENT_3D('',#12463,#12464,#12465);
#12463 = CARTESIAN_POINT('',(139.78,-105.,-4.6E-02));
#12464 = DIRECTION('',(-0.,-0.,-1.));
#12465 = DIRECTION('',(-0.,-1.,0.));
#12466 = ADVANCED_FACE('',(#12467),#12483,.F.);
#12467 = FACE_BOUND('',#12468,.T.);
#12468 = EDGE_LOOP('',(#12469,#12475,#12476,#12482));
#12469 = ORIENTED_EDGE('',*,*,#12470,.T.);
#12470 = EDGE_CURVE('',#3042,#6844,#12471,.T.);
#12471 = LINE('',#12472,#12473);
#12472 = CARTESIAN_POINT('',(145.339483,-96.783122,0.));
#12473 = VECTOR('',#12474,1.);
#12474 = DIRECTION('',(0.,0.,1.));
#12475 = ORIENTED_EDGE('',*,*,#6843,.T.);
#12476 = ORIENTED_EDGE('',*,*,#12477,.F.);
#12477 = EDGE_CURVE('',#3044,#6846,#12478,.T.);
#12478 = LINE('',#12479,#12480);
#12479 = CARTESIAN_POINT('',(144.63671,-96.134545,0.));
#12480 = VECTOR('',#12481,1.);
#12481 = DIRECTION('',(0.,0.,1.));
#12482 = ORIENTED_EDGE('',*,*,#3041,.F.);
#12483 = CYLINDRICAL_SURFACE('',#12484,0.499999092786);
#12484 = AXIS2_PLACEMENT_3D('',#12485,#12486,#12487);
#12485 = CARTESIAN_POINT('',(144.88896839101,-96.56624489222,0.));
#12486 = DIRECTION('',(-0.,-0.,-1.));
#12487 = DIRECTION('',(0.901030852831,-0.43375500256,0.));
#12488 = ADVANCED_FACE('',(#12489),#12500,.T.);
#12489 = FACE_BOUND('',#12490,.T.);
#12490 = EDGE_LOOP('',(#12491,#12497,#12498,#12499));
#12491 = ORIENTED_EDGE('',*,*,#12492,.T.);
#12492 = EDGE_CURVE('',#3053,#6855,#12493,.T.);
#12493 = LINE('',#12494,#12495);
#12494 = CARTESIAN_POINT('',(145.289998,-97.,0.));
#12495 = VECTOR('',#12496,1.);
#12496 = DIRECTION('',(0.,0.,1.));
#12497 = ORIENTED_EDGE('',*,*,#6854,.T.);
#12498 = ORIENTED_EDGE('',*,*,#12470,.F.);
#12499 = ORIENTED_EDGE('',*,*,#3052,.F.);
#12500 = CYLINDRICAL_SURFACE('',#12501,0.499989885034);
#12501 = AXIS2_PLACEMENT_3D('',#12502,#12503,#12504);
#12502 = CARTESIAN_POINT('',(145.78998788503,-96.99999807913,0.));
#12503 = DIRECTION('',(0.,0.,-1.));
#12504 = DIRECTION('',(-0.999999999993,-3.841811392097E-06,-0.));
#12505 = ADVANCED_FACE('',(#12506),#12517,.T.);
#12506 = FACE_BOUND('',#12507,.T.);
#12507 = EDGE_LOOP('',(#12508,#12509,#12510,#12516));
#12508 = ORIENTED_EDGE('',*,*,#12477,.T.);
#12509 = ORIENTED_EDGE('',*,*,#6976,.T.);
#12510 = ORIENTED_EDGE('',*,*,#12511,.F.);
#12511 = EDGE_CURVE('',#3167,#6969,#12512,.T.);
#12512 = LINE('',#12513,#12514);
#12513 = CARTESIAN_POINT('',(144.384451,-96.202842,0.));
#12514 = VECTOR('',#12515,1.);
#12515 = DIRECTION('',(0.,0.,1.));
#12516 = ORIENTED_EDGE('',*,*,#3174,.F.);
#12517 = CYLINDRICAL_SURFACE('',#12518,0.500040834725);
#12518 = AXIS2_PLACEMENT_3D('',#12519,#12520,#12521);
#12519 = CARTESIAN_POINT('',(144.38444407362,-95.70280116532,0.));
#12520 = DIRECTION('',(0.,0.,-1.));
#12521 = DIRECTION('',(0.50449065128,-0.86341715455,0.));
#12522 = ADVANCED_FACE('',(#12523),#12534,.T.);
#12523 = FACE_BOUND('',#12524,.T.);
#12524 = EDGE_LOOP('',(#12525,#12531,#12532,#12533));
#12525 = ORIENTED_EDGE('',*,*,#12526,.T.);
#12526 = EDGE_CURVE('',#3062,#6864,#12527,.T.);
#12527 = LINE('',#12528,#12529);
#12528 = CARTESIAN_POINT('',(145.289998,-98.405684,0.));
#12529 = VECTOR('',#12530,1.);
#12530 = DIRECTION('',(0.,0.,1.));
#12531 = ORIENTED_EDGE('',*,*,#6863,.T.);
#12532 = ORIENTED_EDGE('',*,*,#12492,.F.);
#12533 = ORIENTED_EDGE('',*,*,#3061,.F.);
#12534 = PLANE('',#12535);
#12535 = AXIS2_PLACEMENT_3D('',#12536,#12537,#12538);
#12536 = CARTESIAN_POINT('',(145.289998,-98.405684,0.));
#12537 = DIRECTION('',(-1.,0.,0.));
#12538 = DIRECTION('',(0.,1.,0.));
#12539 = ADVANCED_FACE('',(#12540),#12551,.T.);
#12540 = FACE_BOUND('',#12541,.T.);
#12541 = EDGE_LOOP('',(#12542,#12543,#12544,#12550));
#12542 = ORIENTED_EDGE('',*,*,#12511,.T.);
#12543 = ORIENTED_EDGE('',*,*,#6968,.T.);
#12544 = ORIENTED_EDGE('',*,*,#12545,.F.);
#12545 = EDGE_CURVE('',#3158,#6960,#12546,.T.);
#12546 = LINE('',#12547,#12548);
#12547 = CARTESIAN_POINT('',(142.795547,-96.202842,0.));
#12548 = VECTOR('',#12549,1.);
#12549 = DIRECTION('',(0.,0.,1.));
#12550 = ORIENTED_EDGE('',*,*,#3166,.F.);
#12551 = PLANE('',#12552);
#12552 = AXIS2_PLACEMENT_3D('',#12553,#12554,#12555);
#12553 = CARTESIAN_POINT('',(144.384451,-96.202842,0.));
#12554 = DIRECTION('',(0.,-1.,0.));
#12555 = DIRECTION('',(-1.,0.,0.));
#12556 = ADVANCED_FACE('',(#12557),#12568,.T.);
#12557 = FACE_BOUND('',#12558,.T.);
#12558 = EDGE_LOOP('',(#12559,#12565,#12566,#12567));
#12559 = ORIENTED_EDGE('',*,*,#12560,.T.);
#12560 = EDGE_CURVE('',#3070,#6872,#12561,.T.);
#12561 = LINE('',#12562,#12563);
#12562 = CARTESIAN_POINT('',(145.339483,-98.622562,0.));
#12563 = VECTOR('',#12564,1.);
#12564 = DIRECTION('',(0.,0.,1.));
#12565 = ORIENTED_EDGE('',*,*,#6871,.T.);
#12566 = ORIENTED_EDGE('',*,*,#12526,.F.);
#12567 = ORIENTED_EDGE('',*,*,#3069,.F.);
#12568 = CYLINDRICAL_SURFACE('',#12569,0.499989885034);
#12569 = AXIS2_PLACEMENT_3D('',#12570,#12571,#12572);
#12570 = CARTESIAN_POINT('',(145.78998788503,-98.40568592086,0.));
#12571 = DIRECTION('',(0.,0.,-1.));
#12572 = DIRECTION('',(-0.901027997796,-0.43376093322,-0.));
#12573 = ADVANCED_FACE('',(#12574),#12585,.T.);
#12574 = FACE_BOUND('',#12575,.T.);
#12575 = EDGE_LOOP('',(#12576,#12577,#12578,#12584));
#12576 = ORIENTED_EDGE('',*,*,#12545,.T.);
#12577 = ORIENTED_EDGE('',*,*,#6959,.T.);
#12578 = ORIENTED_EDGE('',*,*,#12579,.F.);
#12579 = EDGE_CURVE('',#3149,#6951,#12580,.T.);
#12580 = LINE('',#12581,#12582);
#12581 = CARTESIAN_POINT('',(142.543288,-96.134543,0.));
#12582 = VECTOR('',#12583,1.);
#12583 = DIRECTION('',(0.,0.,1.));
#12584 = ORIENTED_EDGE('',*,*,#3157,.F.);
#12585 = CYLINDRICAL_SURFACE('',#12586,0.500008729226);
#12586 = AXIS2_PLACEMENT_3D('',#12587,#12588,#12589);
#12587 = CARTESIAN_POINT('',(142.79554865685,-95.70283327077,0.));
#12588 = DIRECTION('',(0.,0.,-1.));
#12589 = DIRECTION('',(-3.313649430713E-06,-0.999999999995,-0.));
#12590 = ADVANCED_FACE('',(#12591),#12602,.F.);
#12591 = FACE_BOUND('',#12592,.T.);
#12592 = EDGE_LOOP('',(#12593,#12599,#12600,#12601));
#12593 = ORIENTED_EDGE('',*,*,#12594,.T.);
#12594 = EDGE_CURVE('',#3079,#6881,#12595,.T.);
#12595 = LINE('',#12596,#12597);
#12596 = CARTESIAN_POINT('',(144.63671,-99.271141,0.));
#12597 = VECTOR('',#12598,1.);
#12598 = DIRECTION('',(0.,0.,1.));
#12599 = ORIENTED_EDGE('',*,*,#6880,.T.);
#12600 = ORIENTED_EDGE('',*,*,#12560,.F.);
#12601 = ORIENTED_EDGE('',*,*,#3078,.F.);
#12602 = CYLINDRICAL_SURFACE('',#12603,0.499999729127);
#12603 = AXIS2_PLACEMENT_3D('',#12604,#12605,#12606);
#12604 = CARTESIAN_POINT('',(144.88896825432,-98.83944029088,0.));
#12605 = DIRECTION('',(-0.,-0.,-1.));
#12606 = DIRECTION('',(-0.504516781969,-0.863401885979,0.));
#12607 = ADVANCED_FACE('',(#12608),#12619,.F.);
#12608 = FACE_BOUND('',#12609,.T.);
#12609 = EDGE_LOOP('',(#12610,#12611,#12612,#12618));
#12610 = ORIENTED_EDGE('',*,*,#12579,.T.);
#12611 = ORIENTED_EDGE('',*,*,#6950,.T.);
#12612 = ORIENTED_EDGE('',*,*,#12613,.F.);
#12613 = EDGE_CURVE('',#3140,#6942,#12614,.T.);
#12614 = LINE('',#12615,#12616);
#12615 = CARTESIAN_POINT('',(141.840515,-96.783123,0.));
#12616 = VECTOR('',#12617,1.);
#12617 = DIRECTION('',(0.,0.,1.));
#12618 = ORIENTED_EDGE('',*,*,#3148,.F.);
#12619 = CYLINDRICAL_SURFACE('',#12620,0.499999755443);
#12620 = AXIS2_PLACEMENT_3D('',#12621,#12622,#12623);
#12621 = CARTESIAN_POINT('',(142.2910291369,-96.56624338386,0.));
#12622 = DIRECTION('',(-0.,-0.,-1.));
#12623 = DIRECTION('',(0.504517972959,0.863401190039,-0.));
#12624 = ADVANCED_FACE('',(#12625),#12636,.T.);
#12625 = FACE_BOUND('',#12626,.T.);
#12626 = EDGE_LOOP('',(#12627,#12633,#12634,#12635));
#12627 = ORIENTED_EDGE('',*,*,#12628,.T.);
#12628 = EDGE_CURVE('',#3088,#6890,#12629,.T.);
#12629 = LINE('',#12630,#12631);
#12630 = CARTESIAN_POINT('',(144.384451,-99.202841,0.));
#12631 = VECTOR('',#12632,1.);
#12632 = DIRECTION('',(0.,0.,1.));
#12633 = ORIENTED_EDGE('',*,*,#6889,.T.);
#12634 = ORIENTED_EDGE('',*,*,#12594,.F.);
#12635 = ORIENTED_EDGE('',*,*,#3087,.F.);
#12636 = CYLINDRICAL_SURFACE('',#12637,0.50002311711);
#12637 = AXIS2_PLACEMENT_3D('',#12638,#12639,#12640);
#12638 = CARTESIAN_POINT('',(144.38444373621,-99.70286411705,0.));
#12639 = DIRECTION('',(0.,0.,-1.));
#12640 = DIRECTION('',(1.45268932324E-05,0.999999999894,0.));
#12641 = ADVANCED_FACE('',(#12642),#12653,.T.);
#12642 = FACE_BOUND('',#12643,.T.);
#12643 = EDGE_LOOP('',(#12644,#12645,#12646,#12652));
#12644 = ORIENTED_EDGE('',*,*,#12613,.T.);
#12645 = ORIENTED_EDGE('',*,*,#6941,.T.);
#12646 = ORIENTED_EDGE('',*,*,#12647,.F.);
#12647 = EDGE_CURVE('',#3132,#6934,#12648,.T.);
#12648 = LINE('',#12649,#12650);
#12649 = CARTESIAN_POINT('',(141.89,-97.,0.));
#12650 = VECTOR('',#12651,1.);
#12651 = DIRECTION('',(0.,0.,1.));
#12652 = ORIENTED_EDGE('',*,*,#3139,.F.);
#12653 = CYLINDRICAL_SURFACE('',#12654,0.49998122973);
#12654 = AXIS2_PLACEMENT_3D('',#12655,#12656,#12657);
#12655 = CARTESIAN_POINT('',(141.39001877027,-96.99999710423,0.));
#12656 = DIRECTION('',(0.,0.,-1.));
#12657 = DIRECTION('',(0.901026284456,0.433764492229,0.));
#12658 = ADVANCED_FACE('',(#12659),#12670,.T.);
#12659 = FACE_BOUND('',#12660,.T.);
#12660 = EDGE_LOOP('',(#12661,#12667,#12668,#12669));
#12661 = ORIENTED_EDGE('',*,*,#12662,.T.);
#12662 = EDGE_CURVE('',#3097,#6899,#12663,.T.);
#12663 = LINE('',#12664,#12665);
#12664 = CARTESIAN_POINT('',(142.795546,-99.202841,0.));
#12665 = VECTOR('',#12666,1.);
#12666 = DIRECTION('',(0.,0.,1.));
#12667 = ORIENTED_EDGE('',*,*,#6898,.T.);
#12668 = ORIENTED_EDGE('',*,*,#12628,.F.);
#12669 = ORIENTED_EDGE('',*,*,#3096,.F.);
#12670 = PLANE('',#12671);
#12671 = AXIS2_PLACEMENT_3D('',#12672,#12673,#12674);
#12672 = CARTESIAN_POINT('',(142.795546,-99.202841,0.));
#12673 = DIRECTION('',(0.,1.,0.));
#12674 = DIRECTION('',(1.,0.,0.));
#12675 = ADVANCED_FACE('',(#12676),#12687,.T.);
#12676 = FACE_BOUND('',#12677,.T.);
#12677 = EDGE_LOOP('',(#12678,#12679,#12680,#12686));
#12678 = ORIENTED_EDGE('',*,*,#12647,.T.);
#12679 = ORIENTED_EDGE('',*,*,#6933,.T.);
#12680 = ORIENTED_EDGE('',*,*,#12681,.F.);
#12681 = EDGE_CURVE('',#3123,#6925,#12682,.T.);
#12682 = LINE('',#12683,#12684);
#12683 = CARTESIAN_POINT('',(141.89,-98.405684,0.));
#12684 = VECTOR('',#12685,1.);
#12685 = DIRECTION('',(0.,0.,1.));
#12686 = ORIENTED_EDGE('',*,*,#3131,.F.);
#12687 = PLANE('',#12688);
#12688 = AXIS2_PLACEMENT_3D('',#12689,#12690,#12691);
#12689 = CARTESIAN_POINT('',(141.89,-97.,0.));
#12690 = DIRECTION('',(1.,0.,-0.));
#12691 = DIRECTION('',(0.,-1.,0.));
#12692 = ADVANCED_FACE('',(#12693),#12704,.T.);
#12693 = FACE_BOUND('',#12694,.T.);
#12694 = EDGE_LOOP('',(#12695,#12701,#12702,#12703));
#12695 = ORIENTED_EDGE('',*,*,#12696,.T.);
#12696 = EDGE_CURVE('',#3105,#6907,#12697,.T.);
#12697 = LINE('',#12698,#12699);
#12698 = CARTESIAN_POINT('',(142.543288,-99.27114,0.));
#12699 = VECTOR('',#12700,1.);
#12700 = DIRECTION('',(0.,0.,1.));
#12701 = ORIENTED_EDGE('',*,*,#6906,.T.);
#12702 = ORIENTED_EDGE('',*,*,#12662,.F.);
#12703 = ORIENTED_EDGE('',*,*,#3104,.F.);
#12704 = CYLINDRICAL_SURFACE('',#12705,0.500008729288);
#12705 = AXIS2_PLACEMENT_3D('',#12706,#12707,#12708);
#12706 = CARTESIAN_POINT('',(142.79554865687,-99.70284972928,0.));
#12707 = DIRECTION('',(0.,0.,-1.));
#12708 = DIRECTION('',(-0.504512505685,0.863404384751,0.));
#12709 = ADVANCED_FACE('',(#12710),#12721,.T.);
#12710 = FACE_BOUND('',#12711,.T.);
#12711 = EDGE_LOOP('',(#12712,#12713,#12714,#12720));
#12712 = ORIENTED_EDGE('',*,*,#12681,.T.);
#12713 = ORIENTED_EDGE('',*,*,#6924,.T.);
#12714 = ORIENTED_EDGE('',*,*,#12715,.F.);
#12715 = EDGE_CURVE('',#3114,#6916,#12716,.T.);
#12716 = LINE('',#12717,#12718);
#12717 = CARTESIAN_POINT('',(141.840515,-98.622562,0.));
#12718 = VECTOR('',#12719,1.);
#12719 = DIRECTION('',(0.,0.,1.));
#12720 = ORIENTED_EDGE('',*,*,#3122,.F.);
#12721 = CYLINDRICAL_SURFACE('',#12722,0.499989885034);
#12722 = AXIS2_PLACEMENT_3D('',#12723,#12724,#12725);
#12723 = CARTESIAN_POINT('',(141.39001011497,-98.40568592086,0.));
#12724 = DIRECTION('',(0.,0.,-1.));
#12725 = DIRECTION('',(0.999999999993,3.84181176159E-06,0.));
#12726 = ADVANCED_FACE('',(#12727),#12733,.F.);
#12727 = FACE_BOUND('',#12728,.T.);
#12728 = EDGE_LOOP('',(#12729,#12730,#12731,#12732));
#12729 = ORIENTED_EDGE('',*,*,#12715,.T.);
#12730 = ORIENTED_EDGE('',*,*,#6915,.T.);
#12731 = ORIENTED_EDGE('',*,*,#12696,.F.);
#12732 = ORIENTED_EDGE('',*,*,#3113,.F.);
#12733 = CYLINDRICAL_SURFACE('',#12734,0.499999422661);
#12734 = AXIS2_PLACEMENT_3D('',#12735,#12736,#12737);
#12735 = CARTESIAN_POINT('',(142.29102970448,-98.8394396699,0.));
#12736 = DIRECTION('',(-0.,-0.,-1.));
#12737 = DIRECTION('',(-0.901030449374,0.433755840654,0.));
#12738 = ADVANCED_FACE('',(#12739),#12750,.F.);
#12739 = FACE_BOUND('',#12740,.T.);
#12740 = EDGE_LOOP('',(#12741,#12742,#12748,#12749));
#12741 = ORIENTED_EDGE('',*,*,#3183,.T.);
#12742 = ORIENTED_EDGE('',*,*,#12743,.T.);
#12743 = EDGE_CURVE('',#3184,#6986,#12744,.T.);
#12744 = LINE('',#12745,#12746);
#12745 = CARTESIAN_POINT('',(123.55,-94.68,-4.6E-02));
#12746 = VECTOR('',#12747,1.);
#12747 = DIRECTION('',(0.,0.,1.));
#12748 = ORIENTED_EDGE('',*,*,#6985,.F.);
#12749 = ORIENTED_EDGE('',*,*,#12743,.F.);
#12750 = CYLINDRICAL_SURFACE('',#12751,2.);
#12751 = AXIS2_PLACEMENT_3D('',#12752,#12753,#12754);
#12752 = CARTESIAN_POINT('',(123.55,-92.68,-4.6E-02));
#12753 = DIRECTION('',(-0.,-0.,-1.));
#12754 = DIRECTION('',(-0.,-1.,0.));
#12755 = ADVANCED_FACE('',(#12756),#12767,.F.);
#12756 = FACE_BOUND('',#12757,.T.);
#12757 = EDGE_LOOP('',(#12758,#12759,#12765,#12766));
#12758 = ORIENTED_EDGE('',*,*,#3194,.T.);
#12759 = ORIENTED_EDGE('',*,*,#12760,.T.);
#12760 = EDGE_CURVE('',#3195,#6997,#12761,.T.);
#12761 = LINE('',#12762,#12763);
#12762 = CARTESIAN_POINT('',(128.63,-93.53,-4.6E-02));
#12763 = VECTOR('',#12764,1.);
#12764 = DIRECTION('',(0.,0.,1.));
#12765 = ORIENTED_EDGE('',*,*,#6996,.F.);
#12766 = ORIENTED_EDGE('',*,*,#12760,.F.);
#12767 = CYLINDRICAL_SURFACE('',#12768,0.85);
#12768 = AXIS2_PLACEMENT_3D('',#12769,#12770,#12771);
#12769 = CARTESIAN_POINT('',(128.63,-92.68,-4.6E-02));
#12770 = DIRECTION('',(-0.,-0.,-1.));
#12771 = DIRECTION('',(-0.,-1.,0.));
#12772 = ADVANCED_FACE('',(#12773),#12784,.F.);
#12773 = FACE_BOUND('',#12774,.T.);
#12774 = EDGE_LOOP('',(#12775,#12776,#12782,#12783));
#12775 = ORIENTED_EDGE('',*,*,#3205,.T.);
#12776 = ORIENTED_EDGE('',*,*,#12777,.T.);
#12777 = EDGE_CURVE('',#3206,#7008,#12778,.T.);
#12778 = LINE('',#12779,#12780);
#12779 = CARTESIAN_POINT('',(126.09,-88.35,-4.6E-02));
#12780 = VECTOR('',#12781,1.);
#12781 = DIRECTION('',(0.,0.,1.));
#12782 = ORIENTED_EDGE('',*,*,#7007,.F.);
#12783 = ORIENTED_EDGE('',*,*,#12777,.F.);
#12784 = CYLINDRICAL_SURFACE('',#12785,0.75);
#12785 = AXIS2_PLACEMENT_3D('',#12786,#12787,#12788);
#12786 = CARTESIAN_POINT('',(126.09,-87.6,-4.6E-02));
#12787 = DIRECTION('',(-0.,-0.,-1.));
#12788 = DIRECTION('',(-0.,-1.,0.));
#12789 = ADVANCED_FACE('',(#12790),#12801,.F.);
#12790 = FACE_BOUND('',#12791,.T.);
#12791 = EDGE_LOOP('',(#12792,#12793,#12799,#12800));
#12792 = ORIENTED_EDGE('',*,*,#3216,.T.);
#12793 = ORIENTED_EDGE('',*,*,#12794,.T.);
#12794 = EDGE_CURVE('',#3217,#7019,#12795,.T.);
#12795 = LINE('',#12796,#12797);
#12796 = CARTESIAN_POINT('',(138.47,-93.53,-4.6E-02));
#12797 = VECTOR('',#12798,1.);
#12798 = DIRECTION('',(0.,0.,1.));
#12799 = ORIENTED_EDGE('',*,*,#7018,.F.);
#12800 = ORIENTED_EDGE('',*,*,#12794,.F.);
#12801 = CYLINDRICAL_SURFACE('',#12802,0.85);
#12802 = AXIS2_PLACEMENT_3D('',#12803,#12804,#12805);
#12803 = CARTESIAN_POINT('',(138.47,-92.68,-4.6E-02));
#12804 = DIRECTION('',(-0.,-0.,-1.));
#12805 = DIRECTION('',(-0.,-1.,0.));
#12806 = ADVANCED_FACE('',(#12807),#12818,.F.);
#12807 = FACE_BOUND('',#12808,.T.);
#12808 = EDGE_LOOP('',(#12809,#12810,#12816,#12817));
#12809 = ORIENTED_EDGE('',*,*,#3227,.T.);
#12810 = ORIENTED_EDGE('',*,*,#12811,.T.);
#12811 = EDGE_CURVE('',#3228,#7030,#12812,.T.);
#12812 = LINE('',#12813,#12814);
#12813 = CARTESIAN_POINT('',(143.55,-94.68,-4.6E-02));
#12814 = VECTOR('',#12815,1.);
#12815 = DIRECTION('',(0.,0.,1.));
#12816 = ORIENTED_EDGE('',*,*,#7029,.F.);
#12817 = ORIENTED_EDGE('',*,*,#12811,.F.);
#12818 = CYLINDRICAL_SURFACE('',#12819,2.);
#12819 = AXIS2_PLACEMENT_3D('',#12820,#12821,#12822);
#12820 = CARTESIAN_POINT('',(143.55,-92.68,-4.6E-02));
#12821 = DIRECTION('',(-0.,-0.,-1.));
#12822 = DIRECTION('',(-0.,-1.,0.));
#12823 = ADVANCED_FACE('',(#12824),#12835,.F.);
#12824 = FACE_BOUND('',#12825,.T.);
#12825 = EDGE_LOOP('',(#12826,#12827,#12833,#12834));
#12826 = ORIENTED_EDGE('',*,*,#3238,.T.);
#12827 = ORIENTED_EDGE('',*,*,#12828,.T.);
#12828 = EDGE_CURVE('',#3239,#7041,#12829,.T.);
#12829 = LINE('',#12830,#12831);
#12830 = CARTESIAN_POINT('',(139.74,-90.89,-4.6E-02));
#12831 = VECTOR('',#12832,1.);
#12832 = DIRECTION('',(0.,0.,1.));
#12833 = ORIENTED_EDGE('',*,*,#7040,.F.);
#12834 = ORIENTED_EDGE('',*,*,#12828,.F.);
#12835 = CYLINDRICAL_SURFACE('',#12836,0.75);
#12836 = AXIS2_PLACEMENT_3D('',#12837,#12838,#12839);
#12837 = CARTESIAN_POINT('',(139.74,-90.14,-4.6E-02));
#12838 = DIRECTION('',(-0.,-0.,-1.));
#12839 = DIRECTION('',(-0.,-1.,0.));
#12840 = ADVANCED_FACE('',(#12841),#12852,.F.);
#12841 = FACE_BOUND('',#12842,.T.);
#12842 = EDGE_LOOP('',(#12843,#12844,#12850,#12851));
#12843 = ORIENTED_EDGE('',*,*,#3249,.T.);
#12844 = ORIENTED_EDGE('',*,*,#12845,.T.);
#12845 = EDGE_CURVE('',#3250,#7052,#12846,.T.);
#12846 = LINE('',#12847,#12848);
#12847 = CARTESIAN_POINT('',(99.37,-81.,-4.6E-02));
#12848 = VECTOR('',#12849,1.);
#12849 = DIRECTION('',(0.,0.,1.));
#12850 = ORIENTED_EDGE('',*,*,#7051,.F.);
#12851 = ORIENTED_EDGE('',*,*,#12845,.F.);
#12852 = CYLINDRICAL_SURFACE('',#12853,0.4);
#12853 = AXIS2_PLACEMENT_3D('',#12854,#12855,#12856);
#12854 = CARTESIAN_POINT('',(99.37,-80.6,-4.6E-02));
#12855 = DIRECTION('',(-0.,-0.,-1.));
#12856 = DIRECTION('',(-0.,-1.,0.));
#12857 = ADVANCED_FACE('',(#12858),#12869,.F.);
#12858 = FACE_BOUND('',#12859,.T.);
#12859 = EDGE_LOOP('',(#12860,#12861,#12867,#12868));
#12860 = ORIENTED_EDGE('',*,*,#3260,.T.);
#12861 = ORIENTED_EDGE('',*,*,#12862,.T.);
#12862 = EDGE_CURVE('',#3261,#7063,#12863,.T.);
#12863 = LINE('',#12864,#12865);
#12864 = CARTESIAN_POINT('',(106.99,-81.,-4.6E-02));
#12865 = VECTOR('',#12866,1.);
#12866 = DIRECTION('',(0.,0.,1.));
#12867 = ORIENTED_EDGE('',*,*,#7062,.F.);
#12868 = ORIENTED_EDGE('',*,*,#12862,.F.);
#12869 = CYLINDRICAL_SURFACE('',#12870,0.4);
#12870 = AXIS2_PLACEMENT_3D('',#12871,#12872,#12873);
#12871 = CARTESIAN_POINT('',(106.99,-80.6,-4.6E-02));
#12872 = DIRECTION('',(-0.,-0.,-1.));
#12873 = DIRECTION('',(-3.552713678801E-14,-1.,0.));
#12874 = ADVANCED_FACE('',(#12875),#12886,.F.);
#12875 = FACE_BOUND('',#12876,.T.);
#12876 = EDGE_LOOP('',(#12877,#12878,#12884,#12885));
#12877 = ORIENTED_EDGE('',*,*,#3271,.T.);
#12878 = ORIENTED_EDGE('',*,*,#12879,.T.);
#12879 = EDGE_CURVE('',#3272,#7074,#12880,.T.);
#12880 = LINE('',#12881,#12882);
#12881 = CARTESIAN_POINT('',(119.98,-81.,-4.6E-02));
#12882 = VECTOR('',#12883,1.);
#12883 = DIRECTION('',(0.,0.,1.));
#12884 = ORIENTED_EDGE('',*,*,#7073,.F.);
#12885 = ORIENTED_EDGE('',*,*,#12879,.F.);
#12886 = CYLINDRICAL_SURFACE('',#12887,0.4);
#12887 = AXIS2_PLACEMENT_3D('',#12888,#12889,#12890);
#12888 = CARTESIAN_POINT('',(119.98,-80.6,-4.6E-02));
#12889 = DIRECTION('',(-0.,0.,-1.));
#12890 = DIRECTION('',(3.5527136788E-14,-1.,-0.));
#12891 = ADVANCED_FACE('',(#12892),#12903,.F.);
#12892 = FACE_BOUND('',#12893,.T.);
#12893 = EDGE_LOOP('',(#12894,#12895,#12901,#12902));
#12894 = ORIENTED_EDGE('',*,*,#3282,.T.);
#12895 = ORIENTED_EDGE('',*,*,#12896,.T.);
#12896 = EDGE_CURVE('',#3283,#7085,#12897,.T.);
#12897 = LINE('',#12898,#12899);
#12898 = CARTESIAN_POINT('',(98.31,-69.2,-4.6E-02));
#12899 = VECTOR('',#12900,1.);
#12900 = DIRECTION('',(0.,0.,1.));
#12901 = ORIENTED_EDGE('',*,*,#7084,.F.);
#12902 = ORIENTED_EDGE('',*,*,#12896,.F.);
#12903 = CYLINDRICAL_SURFACE('',#12904,0.85);
#12904 = AXIS2_PLACEMENT_3D('',#12905,#12906,#12907);
#12905 = CARTESIAN_POINT('',(98.31,-68.35,-4.6E-02));
#12906 = DIRECTION('',(-0.,-0.,-1.));
#12907 = DIRECTION('',(-0.,-1.,0.));
#12908 = ADVANCED_FACE('',(#12909),#12925,.F.);
#12909 = FACE_BOUND('',#12910,.T.);
#12910 = EDGE_LOOP('',(#12911,#12917,#12918,#12924));
#12911 = ORIENTED_EDGE('',*,*,#12912,.T.);
#12912 = EDGE_CURVE('',#3294,#7096,#12913,.T.);
#12913 = LINE('',#12914,#12915);
#12914 = CARTESIAN_POINT('',(102.383288,-71.804543,0.));
#12915 = VECTOR('',#12916,1.);
#12916 = DIRECTION('',(0.,0.,1.));
#12917 = ORIENTED_EDGE('',*,*,#7095,.T.);
#12918 = ORIENTED_EDGE('',*,*,#12919,.F.);
#12919 = EDGE_CURVE('',#3296,#7098,#12920,.T.);
#12920 = LINE('',#12921,#12922);
#12921 = CARTESIAN_POINT('',(101.680515,-72.453122,0.));
#12922 = VECTOR('',#12923,1.);
#12923 = DIRECTION('',(0.,0.,1.));
#12924 = ORIENTED_EDGE('',*,*,#3293,.F.);
#12925 = CYLINDRICAL_SURFACE('',#12926,0.499999448976);
#12926 = AXIS2_PLACEMENT_3D('',#12927,#12928,#12929);
#12927 = CARTESIAN_POINT('',(102.13102909571,-72.23624300484,0.));
#12928 = DIRECTION('',(-0.,-0.,-1.));
#12929 = DIRECTION('',(0.504518364574,0.863400961204,-0.));
#12930 = ADVANCED_FACE('',(#12931),#12942,.T.);
#12931 = FACE_BOUND('',#12932,.T.);
#12932 = EDGE_LOOP('',(#12933,#12939,#12940,#12941));
#12933 = ORIENTED_EDGE('',*,*,#12934,.T.);
#12934 = EDGE_CURVE('',#3305,#7107,#12935,.T.);
#12935 = LINE('',#12936,#12937);
#12936 = CARTESIAN_POINT('',(102.635547,-71.872842,0.));
#12937 = VECTOR('',#12938,1.);
#12938 = DIRECTION('',(0.,0.,1.));
#12939 = ORIENTED_EDGE('',*,*,#7106,.T.);
#12940 = ORIENTED_EDGE('',*,*,#12912,.F.);
#12941 = ORIENTED_EDGE('',*,*,#3304,.F.);
#12942 = CYLINDRICAL_SURFACE('',#12943,0.500008729226);
#12943 = AXIS2_PLACEMENT_3D('',#12944,#12945,#12946);
#12944 = CARTESIAN_POINT('',(102.63554865685,-71.37283327077,0.));
#12945 = DIRECTION('',(0.,0.,-1.));
#12946 = DIRECTION('',(-3.313649430713E-06,-0.999999999995,-0.));
#12947 = ADVANCED_FACE('',(#12948),#12959,.T.);
#12948 = FACE_BOUND('',#12949,.T.);
#12949 = EDGE_LOOP('',(#12950,#12951,#12952,#12958));
#12950 = ORIENTED_EDGE('',*,*,#12919,.T.);
#12951 = ORIENTED_EDGE('',*,*,#7228,.T.);
#12952 = ORIENTED_EDGE('',*,*,#12953,.F.);
#12953 = EDGE_CURVE('',#3419,#7221,#12954,.T.);
#12954 = LINE('',#12955,#12956);
#12955 = CARTESIAN_POINT('',(101.73,-72.67,0.));
#12956 = VECTOR('',#12957,1.);
#12957 = DIRECTION('',(0.,0.,1.));
#12958 = ORIENTED_EDGE('',*,*,#3426,.F.);
#12959 = CYLINDRICAL_SURFACE('',#12960,0.499989885034);
#12960 = AXIS2_PLACEMENT_3D('',#12961,#12962,#12963);
#12961 = CARTESIAN_POINT('',(101.23001011496,-72.66999807913,0.));
#12962 = DIRECTION('',(0.,0.,-1.));
#12963 = DIRECTION('',(0.901027997796,0.43376093322,0.));
#12964 = ADVANCED_FACE('',(#12965),#12976,.T.);
#12965 = FACE_BOUND('',#12966,.T.);
#12966 = EDGE_LOOP('',(#12967,#12973,#12974,#12975));
#12967 = ORIENTED_EDGE('',*,*,#12968,.T.);
#12968 = EDGE_CURVE('',#3314,#7116,#12969,.T.);
#12969 = LINE('',#12970,#12971);
#12970 = CARTESIAN_POINT('',(104.224451,-71.872842,0.));
#12971 = VECTOR('',#12972,1.);
#12972 = DIRECTION('',(0.,0.,1.));
#12973 = ORIENTED_EDGE('',*,*,#7115,.T.);
#12974 = ORIENTED_EDGE('',*,*,#12934,.F.);
#12975 = ORIENTED_EDGE('',*,*,#3313,.F.);
#12976 = PLANE('',#12977);
#12977 = AXIS2_PLACEMENT_3D('',#12978,#12979,#12980);
#12978 = CARTESIAN_POINT('',(104.224451,-71.872842,0.));
#12979 = DIRECTION('',(0.,-1.,0.));
#12980 = DIRECTION('',(-1.,0.,0.));
#12981 = ADVANCED_FACE('',(#12982),#12993,.T.);
#12982 = FACE_BOUND('',#12983,.T.);
#12983 = EDGE_LOOP('',(#12984,#12985,#12986,#12992));
#12984 = ORIENTED_EDGE('',*,*,#12953,.T.);
#12985 = ORIENTED_EDGE('',*,*,#7220,.T.);
#12986 = ORIENTED_EDGE('',*,*,#12987,.F.);
#12987 = EDGE_CURVE('',#3410,#7212,#12988,.T.);
#12988 = LINE('',#12989,#12990);
#12989 = CARTESIAN_POINT('',(101.73,-74.075684,0.));
#12990 = VECTOR('',#12991,1.);
#12991 = DIRECTION('',(0.,0.,1.));
#12992 = ORIENTED_EDGE('',*,*,#3418,.F.);
#12993 = PLANE('',#12994);
#12994 = AXIS2_PLACEMENT_3D('',#12995,#12996,#12997);
#12995 = CARTESIAN_POINT('',(101.73,-72.67,0.));
#12996 = DIRECTION('',(1.,0.,-0.));
#12997 = DIRECTION('',(0.,-1.,0.));
#12998 = ADVANCED_FACE('',(#12999),#13010,.T.);
#12999 = FACE_BOUND('',#13000,.T.);
#13000 = EDGE_LOOP('',(#13001,#13007,#13008,#13009));
#13001 = ORIENTED_EDGE('',*,*,#13002,.T.);
#13002 = EDGE_CURVE('',#3322,#7124,#13003,.T.);
#13003 = LINE('',#13004,#13005);
#13004 = CARTESIAN_POINT('',(104.476709,-71.804543,0.));
#13005 = VECTOR('',#13006,1.);
#13006 = DIRECTION('',(0.,0.,1.));
#13007 = ORIENTED_EDGE('',*,*,#7123,.T.);
#13008 = ORIENTED_EDGE('',*,*,#12968,.F.);
#13009 = ORIENTED_EDGE('',*,*,#3321,.F.);
#13010 = CYLINDRICAL_SURFACE('',#13011,0.500008729288);
#13011 = AXIS2_PLACEMENT_3D('',#13012,#13013,#13014);
#13012 = CARTESIAN_POINT('',(104.22444834312,-71.37283327071,0.));
#13013 = DIRECTION('',(0.,0.,-1.));
#13014 = DIRECTION('',(0.504512505685,-0.863404384751,0.));
#13015 = ADVANCED_FACE('',(#13016),#13027,.T.);
#13016 = FACE_BOUND('',#13017,.T.);
#13017 = EDGE_LOOP('',(#13018,#13019,#13020,#13026));
#13018 = ORIENTED_EDGE('',*,*,#12987,.T.);
#13019 = ORIENTED_EDGE('',*,*,#7211,.T.);
#13020 = ORIENTED_EDGE('',*,*,#13021,.F.);
#13021 = EDGE_CURVE('',#3401,#7203,#13022,.T.);
#13022 = LINE('',#13023,#13024);
#13023 = CARTESIAN_POINT('',(101.680515,-74.292562,0.));
#13024 = VECTOR('',#13025,1.);
#13025 = DIRECTION('',(0.,0.,1.));
#13026 = ORIENTED_EDGE('',*,*,#3409,.F.);
#13027 = CYLINDRICAL_SURFACE('',#13028,0.499989885034);
#13028 = AXIS2_PLACEMENT_3D('',#13029,#13030,#13031);
#13029 = CARTESIAN_POINT('',(101.23001011496,-74.07568592086,0.));
#13030 = DIRECTION('',(0.,0.,-1.));
#13031 = DIRECTION('',(0.999999999993,3.841811363674E-06,0.));
#13032 = ADVANCED_FACE('',(#13033),#13044,.F.);
#13033 = FACE_BOUND('',#13034,.T.);
#13034 = EDGE_LOOP('',(#13035,#13041,#13042,#13043));
#13035 = ORIENTED_EDGE('',*,*,#13036,.T.);
#13036 = EDGE_CURVE('',#3331,#7133,#13037,.T.);
#13037 = LINE('',#13038,#13039);
#13038 = CARTESIAN_POINT('',(105.179483,-72.453122,0.));
#13039 = VECTOR('',#13040,1.);
#13040 = DIRECTION('',(0.,0.,1.));
#13041 = ORIENTED_EDGE('',*,*,#7132,.T.);
#13042 = ORIENTED_EDGE('',*,*,#13002,.F.);
#13043 = ORIENTED_EDGE('',*,*,#3330,.F.);
#13044 = CYLINDRICAL_SURFACE('',#13045,0.500000669307);
#13045 = AXIS2_PLACEMENT_3D('',#13046,#13047,#13048);
#13046 = CARTESIAN_POINT('',(104.72896646449,-72.23624525956,0.));
#13047 = DIRECTION('',(-0.,-0.,-1.));
#13048 = DIRECTION('',(0.901031864884,-0.433752900236,0.));
#13049 = ADVANCED_FACE('',(#13050),#13061,.F.);
#13050 = FACE_BOUND('',#13051,.T.);
#13051 = EDGE_LOOP('',(#13052,#13053,#13054,#13060));
#13052 = ORIENTED_EDGE('',*,*,#13021,.T.);
#13053 = ORIENTED_EDGE('',*,*,#7202,.T.);
#13054 = ORIENTED_EDGE('',*,*,#13055,.F.);
#13055 = EDGE_CURVE('',#3392,#7194,#13056,.T.);
#13056 = LINE('',#13057,#13058);
#13057 = CARTESIAN_POINT('',(102.383288,-74.94114,0.));
#13058 = VECTOR('',#13059,1.);
#13059 = DIRECTION('',(0.,0.,1.));
#13060 = ORIENTED_EDGE('',*,*,#3400,.F.);
#13061 = CYLINDRICAL_SURFACE('',#13062,0.499999422661);
#13062 = AXIS2_PLACEMENT_3D('',#13063,#13064,#13065);
#13063 = CARTESIAN_POINT('',(102.13102970448,-74.5094396699,0.));
#13064 = DIRECTION('',(-0.,-0.,-1.));
#13065 = DIRECTION('',(-0.901030449374,0.433755840654,0.));
#13066 = ADVANCED_FACE('',(#13067),#13078,.T.);
#13067 = FACE_BOUND('',#13068,.T.);
#13068 = EDGE_LOOP('',(#13069,#13075,#13076,#13077));
#13069 = ORIENTED_EDGE('',*,*,#13070,.T.);
#13070 = EDGE_CURVE('',#3340,#7142,#13071,.T.);
#13071 = LINE('',#13072,#13073);
#13072 = CARTESIAN_POINT('',(105.129998,-72.669999,0.));
#13073 = VECTOR('',#13074,1.);
#13074 = DIRECTION('',(0.,0.,1.));
#13075 = ORIENTED_EDGE('',*,*,#7141,.T.);
#13076 = ORIENTED_EDGE('',*,*,#13036,.F.);
#13077 = ORIENTED_EDGE('',*,*,#3339,.F.);
#13078 = CYLINDRICAL_SURFACE('',#13079,0.499989884978);
#13079 = AXIS2_PLACEMENT_3D('',#13080,#13081,#13082);
#13080 = CARTESIAN_POINT('',(105.62998788497,-72.66999807911,0.));
#13081 = DIRECTION('',(0.,0.,-1.));
#13082 = DIRECTION('',(-0.999999999998,-1.841808624623E-06,-0.));
#13083 = ADVANCED_FACE('',(#13084),#13095,.T.);
#13084 = FACE_BOUND('',#13085,.T.);
#13085 = EDGE_LOOP('',(#13086,#13087,#13088,#13094));
#13086 = ORIENTED_EDGE('',*,*,#13055,.T.);
#13087 = ORIENTED_EDGE('',*,*,#7193,.T.);
#13088 = ORIENTED_EDGE('',*,*,#13089,.F.);
#13089 = EDGE_CURVE('',#3384,#7186,#13090,.T.);
#13090 = LINE('',#13091,#13092);
#13091 = CARTESIAN_POINT('',(102.635546,-74.872841,0.));
#13092 = VECTOR('',#13093,1.);
#13093 = DIRECTION('',(0.,0.,1.));
#13094 = ORIENTED_EDGE('',*,*,#3391,.F.);
#13095 = CYLINDRICAL_SURFACE('',#13096,0.500008729288);
#13096 = AXIS2_PLACEMENT_3D('',#13097,#13098,#13099);
#13097 = CARTESIAN_POINT('',(102.63554865687,-75.37284972928,0.));
#13098 = DIRECTION('',(0.,0.,-1.));
#13099 = DIRECTION('',(-0.504512505685,0.863404384751,0.));
#13100 = ADVANCED_FACE('',(#13101),#13112,.T.);
#13101 = FACE_BOUND('',#13102,.T.);
#13102 = EDGE_LOOP('',(#13103,#13109,#13110,#13111));
#13103 = ORIENTED_EDGE('',*,*,#13104,.T.);
#13104 = EDGE_CURVE('',#3349,#7151,#13105,.T.);
#13105 = LINE('',#13106,#13107);
#13106 = CARTESIAN_POINT('',(105.129998,-74.075684,0.));
#13107 = VECTOR('',#13108,1.);
#13108 = DIRECTION('',(0.,0.,1.));
#13109 = ORIENTED_EDGE('',*,*,#7150,.T.);
#13110 = ORIENTED_EDGE('',*,*,#13070,.F.);
#13111 = ORIENTED_EDGE('',*,*,#3348,.F.);
#13112 = PLANE('',#13113);
#13113 = AXIS2_PLACEMENT_3D('',#13114,#13115,#13116);
#13114 = CARTESIAN_POINT('',(105.129998,-74.075684,0.));
#13115 = DIRECTION('',(-1.,0.,0.));
#13116 = DIRECTION('',(0.,1.,0.));
#13117 = ADVANCED_FACE('',(#13118),#13129,.T.);
#13118 = FACE_BOUND('',#13119,.T.);
#13119 = EDGE_LOOP('',(#13120,#13121,#13122,#13128));
#13120 = ORIENTED_EDGE('',*,*,#13089,.T.);
#13121 = ORIENTED_EDGE('',*,*,#7185,.T.);
#13122 = ORIENTED_EDGE('',*,*,#13123,.F.);
#13123 = EDGE_CURVE('',#3375,#7177,#13124,.T.);
#13124 = LINE('',#13125,#13126);
#13125 = CARTESIAN_POINT('',(104.224452,-74.872842,0.));
#13126 = VECTOR('',#13127,1.);
#13127 = DIRECTION('',(0.,0.,1.));
#13128 = ORIENTED_EDGE('',*,*,#3383,.F.);
#13129 = PLANE('',#13130);
#13130 = AXIS2_PLACEMENT_3D('',#13131,#13132,#13133);
#13131 = CARTESIAN_POINT('',(102.635546,-74.872841,0.));
#13132 = DIRECTION('',(6.293638589608E-07,1.,-0.));
#13133 = DIRECTION('',(1.,-6.293638589608E-07,0.));
#13134 = ADVANCED_FACE('',(#13135),#13146,.T.);
#13135 = FACE_BOUND('',#13136,.T.);
#13136 = EDGE_LOOP('',(#13137,#13143,#13144,#13145));
#13137 = ORIENTED_EDGE('',*,*,#13138,.T.);
#13138 = EDGE_CURVE('',#3357,#7159,#13139,.T.);
#13139 = LINE('',#13140,#13141);
#13140 = CARTESIAN_POINT('',(105.179483,-74.292562,0.));
#13141 = VECTOR('',#13142,1.);
#13142 = DIRECTION('',(0.,0.,1.));
#13143 = ORIENTED_EDGE('',*,*,#7158,.T.);
#13144 = ORIENTED_EDGE('',*,*,#13104,.F.);
#13145 = ORIENTED_EDGE('',*,*,#3356,.F.);
#13146 = CYLINDRICAL_SURFACE('',#13147,0.499989885034);
#13147 = AXIS2_PLACEMENT_3D('',#13148,#13149,#13150);
#13148 = CARTESIAN_POINT('',(105.62998788503,-74.07568592086,0.));
#13149 = DIRECTION('',(0.,0.,-1.));
#13150 = DIRECTION('',(-0.901027997796,-0.43376093322,-0.));
#13151 = ADVANCED_FACE('',(#13152),#13163,.T.);
#13152 = FACE_BOUND('',#13153,.T.);
#13153 = EDGE_LOOP('',(#13154,#13155,#13156,#13162));
#13154 = ORIENTED_EDGE('',*,*,#13123,.T.);
#13155 = ORIENTED_EDGE('',*,*,#7176,.T.);
#13156 = ORIENTED_EDGE('',*,*,#13157,.F.);
#13157 = EDGE_CURVE('',#3366,#7168,#13158,.T.);
#13158 = LINE('',#13159,#13160);
#13159 = CARTESIAN_POINT('',(104.47671,-74.941141,0.));
#13160 = VECTOR('',#13161,1.);
#13161 = DIRECTION('',(0.,0.,1.));
#13162 = ORIENTED_EDGE('',*,*,#3374,.F.);
#13163 = CYLINDRICAL_SURFACE('',#13164,0.500008729288);
#13164 = AXIS2_PLACEMENT_3D('',#13165,#13166,#13167);
#13165 = CARTESIAN_POINT('',(104.22444934312,-75.37285072928,0.));
#13166 = DIRECTION('',(0.,0.,-1.));
#13167 = DIRECTION('',(5.31366276793E-06,0.999999999986,0.));
#13168 = ADVANCED_FACE('',(#13169),#13175,.F.);
#13169 = FACE_BOUND('',#13170,.T.);
#13170 = EDGE_LOOP('',(#13171,#13172,#13173,#13174));
#13171 = ORIENTED_EDGE('',*,*,#13157,.T.);
#13172 = ORIENTED_EDGE('',*,*,#7167,.T.);
#13173 = ORIENTED_EDGE('',*,*,#13138,.F.);
#13174 = ORIENTED_EDGE('',*,*,#3365,.F.);
#13175 = CYLINDRICAL_SURFACE('',#13176,0.499999729127);
#13176 = AXIS2_PLACEMENT_3D('',#13177,#13178,#13179);
#13177 = CARTESIAN_POINT('',(104.72896825432,-74.50944029088,0.));
#13178 = DIRECTION('',(-0.,-0.,-1.));
#13179 = DIRECTION('',(-0.504516781969,-0.863401885979,0.));
#13180 = ADVANCED_FACE('',(#13181),#13192,.F.);
#13181 = FACE_BOUND('',#13182,.T.);
#13182 = EDGE_LOOP('',(#13183,#13184,#13190,#13191));
#13183 = ORIENTED_EDGE('',*,*,#3435,.T.);
#13184 = ORIENTED_EDGE('',*,*,#13185,.T.);
#13185 = EDGE_CURVE('',#3436,#7238,#13186,.T.);
#13186 = LINE('',#13187,#13188);
#13187 = CARTESIAN_POINT('',(103.39,-70.35,-4.6E-02));
#13188 = VECTOR('',#13189,1.);
#13189 = DIRECTION('',(0.,0.,1.));
#13190 = ORIENTED_EDGE('',*,*,#7237,.F.);
#13191 = ORIENTED_EDGE('',*,*,#13185,.F.);
#13192 = CYLINDRICAL_SURFACE('',#13193,2.);
#13193 = AXIS2_PLACEMENT_3D('',#13194,#13195,#13196);
#13194 = CARTESIAN_POINT('',(103.39,-68.35,-4.6E-02));
#13195 = DIRECTION('',(-0.,-0.,-1.));
#13196 = DIRECTION('',(-0.,-1.,0.));
#13197 = ADVANCED_FACE('',(#13198),#13209,.F.);
#13198 = FACE_BOUND('',#13199,.T.);
#13199 = EDGE_LOOP('',(#13200,#13201,#13207,#13208));
#13200 = ORIENTED_EDGE('',*,*,#3446,.T.);
#13201 = ORIENTED_EDGE('',*,*,#13202,.T.);
#13202 = EDGE_CURVE('',#3447,#7249,#13203,.T.);
#13203 = LINE('',#13204,#13205);
#13204 = CARTESIAN_POINT('',(108.47,-69.2,-4.6E-02));
#13205 = VECTOR('',#13206,1.);
#13206 = DIRECTION('',(0.,0.,1.));
#13207 = ORIENTED_EDGE('',*,*,#7248,.F.);
#13208 = ORIENTED_EDGE('',*,*,#13202,.F.);
#13209 = CYLINDRICAL_SURFACE('',#13210,0.85);
#13210 = AXIS2_PLACEMENT_3D('',#13211,#13212,#13213);
#13211 = CARTESIAN_POINT('',(108.47,-68.35,-4.6E-02));
#13212 = DIRECTION('',(-0.,-0.,-1.));
#13213 = DIRECTION('',(-0.,-1.,0.));
#13214 = ADVANCED_FACE('',(#13215),#13226,.F.);
#13215 = FACE_BOUND('',#13216,.T.);
#13216 = EDGE_LOOP('',(#13217,#13218,#13224,#13225));
#13217 = ORIENTED_EDGE('',*,*,#3457,.T.);
#13218 = ORIENTED_EDGE('',*,*,#13219,.T.);
#13219 = EDGE_CURVE('',#3458,#7260,#13220,.T.);
#13220 = LINE('',#13221,#13222);
#13221 = CARTESIAN_POINT('',(99.58,-66.56,-4.6E-02));
#13222 = VECTOR('',#13223,1.);
#13223 = DIRECTION('',(0.,0.,1.));
#13224 = ORIENTED_EDGE('',*,*,#7259,.F.);
#13225 = ORIENTED_EDGE('',*,*,#13219,.F.);
#13226 = CYLINDRICAL_SURFACE('',#13227,0.75);
#13227 = AXIS2_PLACEMENT_3D('',#13228,#13229,#13230);
#13228 = CARTESIAN_POINT('',(99.58,-65.81,-4.6E-02));
#13229 = DIRECTION('',(-0.,-0.,-1.));
#13230 = DIRECTION('',(-0.,-1.,0.));
#13231 = ADVANCED_FACE('',(#13232),#13243,.F.);
#13232 = FACE_BOUND('',#13233,.T.);
#13233 = EDGE_LOOP('',(#13234,#13235,#13241,#13242));
#13234 = ORIENTED_EDGE('',*,*,#3468,.T.);
#13235 = ORIENTED_EDGE('',*,*,#13236,.T.);
#13236 = EDGE_CURVE('',#3469,#7271,#13237,.T.);
#13237 = LINE('',#13238,#13239);
#13238 = CARTESIAN_POINT('',(105.93,-64.02,-4.6E-02));
#13239 = VECTOR('',#13240,1.);
#13240 = DIRECTION('',(0.,0.,1.));
#13241 = ORIENTED_EDGE('',*,*,#7270,.F.);
#13242 = ORIENTED_EDGE('',*,*,#13236,.F.);
#13243 = CYLINDRICAL_SURFACE('',#13244,0.75);
#13244 = AXIS2_PLACEMENT_3D('',#13245,#13246,#13247);
#13245 = CARTESIAN_POINT('',(105.93,-63.27,-4.6E-02));
#13246 = DIRECTION('',(-0.,-0.,-1.));
#13247 = DIRECTION('',(-0.,-1.,0.));
#13248 = ADVANCED_FACE('',(#13249),#13260,.F.);
#13249 = FACE_BOUND('',#13250,.T.);
#13250 = EDGE_LOOP('',(#13251,#13252,#13258,#13259));
#13251 = ORIENTED_EDGE('',*,*,#3479,.T.);
#13252 = ORIENTED_EDGE('',*,*,#13253,.T.);
#13253 = EDGE_CURVE('',#3480,#7282,#13254,.T.);
#13254 = LINE('',#13255,#13256);
#13255 = CARTESIAN_POINT('',(118.47,-69.2,-4.6E-02));
#13256 = VECTOR('',#13257,1.);
#13257 = DIRECTION('',(0.,0.,1.));
#13258 = ORIENTED_EDGE('',*,*,#7281,.F.);
#13259 = ORIENTED_EDGE('',*,*,#13253,.F.);
#13260 = CYLINDRICAL_SURFACE('',#13261,0.85);
#13261 = AXIS2_PLACEMENT_3D('',#13262,#13263,#13264);
#13262 = CARTESIAN_POINT('',(118.47,-68.35,-4.6E-02));
#13263 = DIRECTION('',(-0.,-0.,-1.));
#13264 = DIRECTION('',(-0.,-1.,0.));
#13265 = ADVANCED_FACE('',(#13266),#13277,.F.);
#13266 = FACE_BOUND('',#13267,.T.);
#13267 = EDGE_LOOP('',(#13268,#13269,#13275,#13276));
#13268 = ORIENTED_EDGE('',*,*,#3490,.T.);
#13269 = ORIENTED_EDGE('',*,*,#13270,.T.);
#13270 = EDGE_CURVE('',#3491,#7293,#13271,.T.);
#13271 = LINE('',#13272,#13273);
#13272 = CARTESIAN_POINT('',(119.74,-66.56,-4.6E-02));
#13273 = VECTOR('',#13274,1.);
#13274 = DIRECTION('',(0.,0.,1.));
#13275 = ORIENTED_EDGE('',*,*,#7292,.F.);
#13276 = ORIENTED_EDGE('',*,*,#13270,.F.);
#13277 = CYLINDRICAL_SURFACE('',#13278,0.75);
#13278 = AXIS2_PLACEMENT_3D('',#13279,#13280,#13281);
#13279 = CARTESIAN_POINT('',(119.74,-65.81,-4.6E-02));
#13280 = DIRECTION('',(-0.,-0.,-1.));
#13281 = DIRECTION('',(-0.,-1.,0.));
#13282 = ADVANCED_FACE('',(#13283),#13294,.F.);
#13283 = FACE_BOUND('',#13284,.T.);
#13284 = EDGE_LOOP('',(#13285,#13286,#13292,#13293));
#13285 = ORIENTED_EDGE('',*,*,#3501,.T.);
#13286 = ORIENTED_EDGE('',*,*,#13287,.T.);
#13287 = EDGE_CURVE('',#3502,#7304,#13288,.T.);
#13288 = LINE('',#13289,#13290);
#13289 = CARTESIAN_POINT('',(127.6,-81.,-4.6E-02));
#13290 = VECTOR('',#13291,1.);
#13291 = DIRECTION('',(0.,0.,1.));
#13292 = ORIENTED_EDGE('',*,*,#7303,.F.);
#13293 = ORIENTED_EDGE('',*,*,#13287,.F.);
#13294 = CYLINDRICAL_SURFACE('',#13295,0.4);
#13295 = AXIS2_PLACEMENT_3D('',#13296,#13297,#13298);
#13296 = CARTESIAN_POINT('',(127.6,-80.6,-4.6E-02));
#13297 = DIRECTION('',(-0.,-0.,-1.));
#13298 = DIRECTION('',(-0.,-1.,0.));
#13299 = ADVANCED_FACE('',(#13300),#13311,.F.);
#13300 = FACE_BOUND('',#13301,.T.);
#13301 = EDGE_LOOP('',(#13302,#13303,#13309,#13310));
#13302 = ORIENTED_EDGE('',*,*,#3512,.T.);
#13303 = ORIENTED_EDGE('',*,*,#13304,.T.);
#13304 = EDGE_CURVE('',#3513,#7315,#13305,.T.);
#13305 = LINE('',#13306,#13307);
#13306 = CARTESIAN_POINT('',(139.78,-80.8,-4.6E-02));
#13307 = VECTOR('',#13308,1.);
#13308 = DIRECTION('',(0.,0.,1.));
#13309 = ORIENTED_EDGE('',*,*,#7314,.F.);
#13310 = ORIENTED_EDGE('',*,*,#13304,.F.);
#13311 = CYLINDRICAL_SURFACE('',#13312,0.4);
#13312 = AXIS2_PLACEMENT_3D('',#13313,#13314,#13315);
#13313 = CARTESIAN_POINT('',(139.78,-80.4,-4.6E-02));
#13314 = DIRECTION('',(-0.,-0.,-1.));
#13315 = DIRECTION('',(-0.,-1.,0.));
#13316 = ADVANCED_FACE('',(#13317),#13333,.F.);
#13317 = FACE_BOUND('',#13318,.T.);
#13318 = EDGE_LOOP('',(#13319,#13325,#13326,#13332));
#13319 = ORIENTED_EDGE('',*,*,#13320,.T.);
#13320 = EDGE_CURVE('',#3524,#7326,#13321,.T.);
#13321 = LINE('',#13322,#13323);
#13322 = CARTESIAN_POINT('',(122.343288,-71.934543,0.));
#13323 = VECTOR('',#13324,1.);
#13324 = DIRECTION('',(0.,0.,1.));
#13325 = ORIENTED_EDGE('',*,*,#7325,.T.);
#13326 = ORIENTED_EDGE('',*,*,#13327,.F.);
#13327 = EDGE_CURVE('',#3526,#7328,#13328,.T.);
#13328 = LINE('',#13329,#13330);
#13329 = CARTESIAN_POINT('',(121.640515,-72.583123,0.));
#13330 = VECTOR('',#13331,1.);
#13331 = DIRECTION('',(0.,0.,1.));
#13332 = ORIENTED_EDGE('',*,*,#3523,.F.);
#13333 = CYLINDRICAL_SURFACE('',#13334,0.499999755443);
#13334 = AXIS2_PLACEMENT_3D('',#13335,#13336,#13337);
#13335 = CARTESIAN_POINT('',(122.0910291369,-72.36624338386,0.));
#13336 = DIRECTION('',(-0.,-0.,-1.));
#13337 = DIRECTION('',(0.50451797296,0.863401190039,-0.));
#13338 = ADVANCED_FACE('',(#13339),#13350,.T.);
#13339 = FACE_BOUND('',#13340,.T.);
#13340 = EDGE_LOOP('',(#13341,#13347,#13348,#13349));
#13341 = ORIENTED_EDGE('',*,*,#13342,.T.);
#13342 = EDGE_CURVE('',#3535,#7337,#13343,.T.);
#13343 = LINE('',#13344,#13345);
#13344 = CARTESIAN_POINT('',(122.595547,-72.002842,0.));
#13345 = VECTOR('',#13346,1.);
#13346 = DIRECTION('',(0.,0.,1.));
#13347 = ORIENTED_EDGE('',*,*,#7336,.T.);
#13348 = ORIENTED_EDGE('',*,*,#13320,.F.);
#13349 = ORIENTED_EDGE('',*,*,#3534,.F.);
#13350 = CYLINDRICAL_SURFACE('',#13351,0.500008729226);
#13351 = AXIS2_PLACEMENT_3D('',#13352,#13353,#13354);
#13352 = CARTESIAN_POINT('',(122.59554865685,-71.50283327077,0.));
#13353 = DIRECTION('',(0.,0.,-1.));
#13354 = DIRECTION('',(-3.313649317029E-06,-0.999999999995,-0.));
#13355 = ADVANCED_FACE('',(#13356),#13367,.T.);
#13356 = FACE_BOUND('',#13357,.T.);
#13357 = EDGE_LOOP('',(#13358,#13359,#13360,#13366));
#13358 = ORIENTED_EDGE('',*,*,#13327,.T.);
#13359 = ORIENTED_EDGE('',*,*,#7458,.T.);
#13360 = ORIENTED_EDGE('',*,*,#13361,.F.);
#13361 = EDGE_CURVE('',#3649,#7451,#13362,.T.);
#13362 = LINE('',#13363,#13364);
#13363 = CARTESIAN_POINT('',(121.69,-72.8,0.));
#13364 = VECTOR('',#13365,1.);
#13365 = DIRECTION('',(0.,0.,1.));
#13366 = ORIENTED_EDGE('',*,*,#3656,.F.);
#13367 = CYLINDRICAL_SURFACE('',#13368,0.49998122973);
#13368 = AXIS2_PLACEMENT_3D('',#13369,#13370,#13371);
#13369 = CARTESIAN_POINT('',(121.19001877027,-72.79999710423,0.));
#13370 = DIRECTION('',(0.,0.,-1.));
#13371 = DIRECTION('',(0.901026284457,0.433764492229,0.));
#13372 = ADVANCED_FACE('',(#13373),#13384,.T.);
#13373 = FACE_BOUND('',#13374,.T.);
#13374 = EDGE_LOOP('',(#13375,#13381,#13382,#13383));
#13375 = ORIENTED_EDGE('',*,*,#13376,.T.);
#13376 = EDGE_CURVE('',#3544,#7346,#13377,.T.);
#13377 = LINE('',#13378,#13379);
#13378 = CARTESIAN_POINT('',(124.184451,-72.002842,0.));
#13379 = VECTOR('',#13380,1.);
#13380 = DIRECTION('',(0.,0.,1.));
#13381 = ORIENTED_EDGE('',*,*,#7345,.T.);
#13382 = ORIENTED_EDGE('',*,*,#13342,.F.);
#13383 = ORIENTED_EDGE('',*,*,#3543,.F.);
#13384 = PLANE('',#13385);
#13385 = AXIS2_PLACEMENT_3D('',#13386,#13387,#13388);
#13386 = CARTESIAN_POINT('',(124.184451,-72.002842,0.));
#13387 = DIRECTION('',(0.,-1.,0.));
#13388 = DIRECTION('',(-1.,0.,0.));
#13389 = ADVANCED_FACE('',(#13390),#13401,.T.);
#13390 = FACE_BOUND('',#13391,.T.);
#13391 = EDGE_LOOP('',(#13392,#13393,#13394,#13400));
#13392 = ORIENTED_EDGE('',*,*,#13361,.T.);
#13393 = ORIENTED_EDGE('',*,*,#7450,.T.);
#13394 = ORIENTED_EDGE('',*,*,#13395,.F.);
#13395 = EDGE_CURVE('',#3640,#7442,#13396,.T.);
#13396 = LINE('',#13397,#13398);
#13397 = CARTESIAN_POINT('',(121.69,-74.205685,0.));
#13398 = VECTOR('',#13399,1.);
#13399 = DIRECTION('',(0.,0.,1.));
#13400 = ORIENTED_EDGE('',*,*,#3648,.F.);
#13401 = PLANE('',#13402);
#13402 = AXIS2_PLACEMENT_3D('',#13403,#13404,#13405);
#13403 = CARTESIAN_POINT('',(121.69,-72.8,0.));
#13404 = DIRECTION('',(1.,0.,-0.));
#13405 = DIRECTION('',(0.,-1.,0.));
#13406 = ADVANCED_FACE('',(#13407),#13418,.T.);
#13407 = FACE_BOUND('',#13408,.T.);
#13408 = EDGE_LOOP('',(#13409,#13415,#13416,#13417));
#13409 = ORIENTED_EDGE('',*,*,#13410,.T.);
#13410 = EDGE_CURVE('',#3552,#7354,#13411,.T.);
#13411 = LINE('',#13412,#13413);
#13412 = CARTESIAN_POINT('',(124.436709,-71.934543,0.));
#13413 = VECTOR('',#13414,1.);
#13414 = DIRECTION('',(0.,0.,1.));
#13415 = ORIENTED_EDGE('',*,*,#7353,.T.);
#13416 = ORIENTED_EDGE('',*,*,#13376,.F.);
#13417 = ORIENTED_EDGE('',*,*,#3551,.F.);
#13418 = CYLINDRICAL_SURFACE('',#13419,0.500008729288);
#13419 = AXIS2_PLACEMENT_3D('',#13420,#13421,#13422);
#13420 = CARTESIAN_POINT('',(124.18444834312,-71.50283327071,0.));
#13421 = DIRECTION('',(0.,0.,-1.));
#13422 = DIRECTION('',(0.504512505685,-0.863404384751,0.));
#13423 = ADVANCED_FACE('',(#13424),#13435,.T.);
#13424 = FACE_BOUND('',#13425,.T.);
#13425 = EDGE_LOOP('',(#13426,#13427,#13428,#13434));
#13426 = ORIENTED_EDGE('',*,*,#13395,.T.);
#13427 = ORIENTED_EDGE('',*,*,#7441,.T.);
#13428 = ORIENTED_EDGE('',*,*,#13429,.F.);
#13429 = EDGE_CURVE('',#3631,#7433,#13430,.T.);
#13430 = LINE('',#13431,#13432);
#13431 = CARTESIAN_POINT('',(121.640515,-74.422562,0.));
#13432 = VECTOR('',#13433,1.);
#13433 = DIRECTION('',(0.,0.,1.));
#13434 = ORIENTED_EDGE('',*,*,#3639,.F.);
#13435 = CYLINDRICAL_SURFACE('',#13436,0.499989884978);
#13436 = AXIS2_PLACEMENT_3D('',#13437,#13438,#13439);
#13437 = CARTESIAN_POINT('',(121.19001011502,-74.20568592088,0.));
#13438 = DIRECTION('',(0.,0.,-1.));
#13439 = DIRECTION('',(0.999999999998,1.841808596201E-06,0.));
#13440 = ADVANCED_FACE('',(#13441),#13452,.F.);
#13441 = FACE_BOUND('',#13442,.T.);
#13442 = EDGE_LOOP('',(#13443,#13449,#13450,#13451));
#13443 = ORIENTED_EDGE('',*,*,#13444,.T.);
#13444 = EDGE_CURVE('',#3561,#7363,#13445,.T.);
#13445 = LINE('',#13446,#13447);
#13446 = CARTESIAN_POINT('',(125.139483,-72.583122,0.));
#13447 = VECTOR('',#13448,1.);
#13448 = DIRECTION('',(0.,0.,1.));
#13449 = ORIENTED_EDGE('',*,*,#7362,.T.);
#13450 = ORIENTED_EDGE('',*,*,#13410,.F.);
#13451 = ORIENTED_EDGE('',*,*,#3560,.F.);
#13452 = CYLINDRICAL_SURFACE('',#13453,0.500000669307);
#13453 = AXIS2_PLACEMENT_3D('',#13454,#13455,#13456);
#13454 = CARTESIAN_POINT('',(124.68896646449,-72.36624525956,0.));
#13455 = DIRECTION('',(-0.,-0.,-1.));
#13456 = DIRECTION('',(0.901031864884,-0.433752900236,0.));
#13457 = ADVANCED_FACE('',(#13458),#13469,.F.);
#13458 = FACE_BOUND('',#13459,.T.);
#13459 = EDGE_LOOP('',(#13460,#13461,#13462,#13468));
#13460 = ORIENTED_EDGE('',*,*,#13429,.T.);
#13461 = ORIENTED_EDGE('',*,*,#7432,.T.);
#13462 = ORIENTED_EDGE('',*,*,#13463,.F.);
#13463 = EDGE_CURVE('',#3622,#7424,#13464,.T.);
#13464 = LINE('',#13465,#13466);
#13465 = CARTESIAN_POINT('',(122.343288,-75.07114,0.));
#13466 = VECTOR('',#13467,1.);
#13467 = DIRECTION('',(0.,0.,1.));
#13468 = ORIENTED_EDGE('',*,*,#3630,.F.);
#13469 = CYLINDRICAL_SURFACE('',#13470,0.499999422661);
#13470 = AXIS2_PLACEMENT_3D('',#13471,#13472,#13473);
#13471 = CARTESIAN_POINT('',(122.09102970448,-74.6394396699,0.));
#13472 = DIRECTION('',(-0.,-0.,-1.));
#13473 = DIRECTION('',(-0.901030449374,0.433755840654,0.));
#13474 = ADVANCED_FACE('',(#13475),#13486,.T.);
#13475 = FACE_BOUND('',#13476,.T.);
#13476 = EDGE_LOOP('',(#13477,#13483,#13484,#13485));
#13477 = ORIENTED_EDGE('',*,*,#13478,.T.);
#13478 = EDGE_CURVE('',#3570,#7372,#13479,.T.);
#13479 = LINE('',#13480,#13481);
#13480 = CARTESIAN_POINT('',(125.089998,-72.799999,0.));
#13481 = VECTOR('',#13482,1.);
#13482 = DIRECTION('',(0.,0.,1.));
#13483 = ORIENTED_EDGE('',*,*,#7371,.T.);
#13484 = ORIENTED_EDGE('',*,*,#13444,.F.);
#13485 = ORIENTED_EDGE('',*,*,#3569,.F.);
#13486 = CYLINDRICAL_SURFACE('',#13487,0.499989884978);
#13487 = AXIS2_PLACEMENT_3D('',#13488,#13489,#13490);
#13488 = CARTESIAN_POINT('',(125.58998788497,-72.79999807911,0.));
#13489 = DIRECTION('',(0.,0.,-1.));
#13490 = DIRECTION('',(-0.999999999998,-1.841808653046E-06,-0.));
#13491 = ADVANCED_FACE('',(#13492),#13503,.T.);
#13492 = FACE_BOUND('',#13493,.T.);
#13493 = EDGE_LOOP('',(#13494,#13495,#13496,#13502));
#13494 = ORIENTED_EDGE('',*,*,#13463,.T.);
#13495 = ORIENTED_EDGE('',*,*,#7423,.T.);
#13496 = ORIENTED_EDGE('',*,*,#13497,.F.);
#13497 = EDGE_CURVE('',#3614,#7416,#13498,.T.);
#13498 = LINE('',#13499,#13500);
#13499 = CARTESIAN_POINT('',(122.595546,-75.002841,0.));
#13500 = VECTOR('',#13501,1.);
#13501 = DIRECTION('',(0.,0.,1.));
#13502 = ORIENTED_EDGE('',*,*,#3621,.F.);
#13503 = CYLINDRICAL_SURFACE('',#13504,0.500008729288);
#13504 = AXIS2_PLACEMENT_3D('',#13505,#13506,#13507);
#13505 = CARTESIAN_POINT('',(122.59554865687,-75.50284972928,0.));
#13506 = DIRECTION('',(0.,0.,-1.));
#13507 = DIRECTION('',(-0.504512505685,0.863404384751,0.));
#13508 = ADVANCED_FACE('',(#13509),#13520,.T.);
#13509 = FACE_BOUND('',#13510,.T.);
#13510 = EDGE_LOOP('',(#13511,#13517,#13518,#13519));
#13511 = ORIENTED_EDGE('',*,*,#13512,.T.);
#13512 = EDGE_CURVE('',#3579,#7381,#13513,.T.);
#13513 = LINE('',#13514,#13515);
#13514 = CARTESIAN_POINT('',(125.089998,-74.205684,0.));
#13515 = VECTOR('',#13516,1.);
#13516 = DIRECTION('',(0.,0.,1.));
#13517 = ORIENTED_EDGE('',*,*,#7380,.T.);
#13518 = ORIENTED_EDGE('',*,*,#13478,.F.);
#13519 = ORIENTED_EDGE('',*,*,#3578,.F.);
#13520 = PLANE('',#13521);
#13521 = AXIS2_PLACEMENT_3D('',#13522,#13523,#13524);
#13522 = CARTESIAN_POINT('',(125.089998,-74.205684,0.));
#13523 = DIRECTION('',(-1.,0.,0.));
#13524 = DIRECTION('',(0.,1.,0.));
#13525 = ADVANCED_FACE('',(#13526),#13537,.T.);
#13526 = FACE_BOUND('',#13527,.T.);
#13527 = EDGE_LOOP('',(#13528,#13529,#13530,#13536));
#13528 = ORIENTED_EDGE('',*,*,#13497,.T.);
#13529 = ORIENTED_EDGE('',*,*,#7415,.T.);
#13530 = ORIENTED_EDGE('',*,*,#13531,.F.);
#13531 = EDGE_CURVE('',#3605,#7407,#13532,.T.);
#13532 = LINE('',#13533,#13534);
#13533 = CARTESIAN_POINT('',(124.184452,-75.002842,0.));
#13534 = VECTOR('',#13535,1.);
#13535 = DIRECTION('',(0.,0.,1.));
#13536 = ORIENTED_EDGE('',*,*,#3613,.F.);
#13537 = PLANE('',#13538);
#13538 = AXIS2_PLACEMENT_3D('',#13539,#13540,#13541);
#13539 = CARTESIAN_POINT('',(122.595546,-75.002841,0.));
#13540 = DIRECTION('',(6.29363850017E-07,1.,-0.));
#13541 = DIRECTION('',(1.,-6.29363850017E-07,0.));
#13542 = ADVANCED_FACE('',(#13543),#13554,.T.);
#13543 = FACE_BOUND('',#13544,.T.);
#13544 = EDGE_LOOP('',(#13545,#13551,#13552,#13553));
#13545 = ORIENTED_EDGE('',*,*,#13546,.T.);
#13546 = EDGE_CURVE('',#3587,#7389,#13547,.T.);
#13547 = LINE('',#13548,#13549);
#13548 = CARTESIAN_POINT('',(125.139483,-74.422562,0.));
#13549 = VECTOR('',#13550,1.);
#13550 = DIRECTION('',(0.,0.,1.));
#13551 = ORIENTED_EDGE('',*,*,#7388,.T.);
#13552 = ORIENTED_EDGE('',*,*,#13512,.F.);
#13553 = ORIENTED_EDGE('',*,*,#3586,.F.);
#13554 = CYLINDRICAL_SURFACE('',#13555,0.499989885034);
#13555 = AXIS2_PLACEMENT_3D('',#13556,#13557,#13558);
#13556 = CARTESIAN_POINT('',(125.58998788503,-74.20568592086,0.));
#13557 = DIRECTION('',(0.,0.,-1.));
#13558 = DIRECTION('',(-0.901027997796,-0.43376093322,-0.));
#13559 = ADVANCED_FACE('',(#13560),#13571,.T.);
#13560 = FACE_BOUND('',#13561,.T.);
#13561 = EDGE_LOOP('',(#13562,#13563,#13564,#13570));
#13562 = ORIENTED_EDGE('',*,*,#13531,.T.);
#13563 = ORIENTED_EDGE('',*,*,#7406,.T.);
#13564 = ORIENTED_EDGE('',*,*,#13565,.F.);
#13565 = EDGE_CURVE('',#3596,#7398,#13566,.T.);
#13566 = LINE('',#13567,#13568);
#13567 = CARTESIAN_POINT('',(124.43671,-75.071141,0.));
#13568 = VECTOR('',#13569,1.);
#13569 = DIRECTION('',(0.,0.,1.));
#13570 = ORIENTED_EDGE('',*,*,#3604,.F.);
#13571 = CYLINDRICAL_SURFACE('',#13572,0.500008729288);
#13572 = AXIS2_PLACEMENT_3D('',#13573,#13574,#13575);
#13573 = CARTESIAN_POINT('',(124.18444934312,-75.50285072928,0.));
#13574 = DIRECTION('',(0.,0.,-1.));
#13575 = DIRECTION('',(5.313662739509E-06,0.999999999986,0.));
#13576 = ADVANCED_FACE('',(#13577),#13583,.F.);
#13577 = FACE_BOUND('',#13578,.T.);
#13578 = EDGE_LOOP('',(#13579,#13580,#13581,#13582));
#13579 = ORIENTED_EDGE('',*,*,#13565,.T.);
#13580 = ORIENTED_EDGE('',*,*,#7397,.T.);
#13581 = ORIENTED_EDGE('',*,*,#13546,.F.);
#13582 = ORIENTED_EDGE('',*,*,#3595,.F.);
#13583 = CYLINDRICAL_SURFACE('',#13584,0.499999729127);
#13584 = AXIS2_PLACEMENT_3D('',#13585,#13586,#13587);
#13585 = CARTESIAN_POINT('',(124.68896825432,-74.63944029088,0.));
#13586 = DIRECTION('',(-0.,-0.,-1.));
#13587 = DIRECTION('',(-0.504516781969,-0.863401885979,0.));
#13588 = ADVANCED_FACE('',(#13589),#13600,.F.);
#13589 = FACE_BOUND('',#13590,.T.);
#13590 = EDGE_LOOP('',(#13591,#13592,#13598,#13599));
#13591 = ORIENTED_EDGE('',*,*,#3665,.T.);
#13592 = ORIENTED_EDGE('',*,*,#13593,.T.);
#13593 = EDGE_CURVE('',#3666,#7468,#13594,.T.);
#13594 = LINE('',#13595,#13596);
#13595 = CARTESIAN_POINT('',(123.55,-70.35,-4.6E-02));
#13596 = VECTOR('',#13597,1.);
#13597 = DIRECTION('',(0.,0.,1.));
#13598 = ORIENTED_EDGE('',*,*,#7467,.F.);
#13599 = ORIENTED_EDGE('',*,*,#13593,.F.);
#13600 = CYLINDRICAL_SURFACE('',#13601,2.);
#13601 = AXIS2_PLACEMENT_3D('',#13602,#13603,#13604);
#13602 = CARTESIAN_POINT('',(123.55,-68.35,-4.6E-02));
#13603 = DIRECTION('',(-0.,-0.,-1.));
#13604 = DIRECTION('',(-0.,-1.,0.));
#13605 = ADVANCED_FACE('',(#13606),#13617,.F.);
#13606 = FACE_BOUND('',#13607,.T.);
#13607 = EDGE_LOOP('',(#13608,#13609,#13615,#13616));
#13608 = ORIENTED_EDGE('',*,*,#3676,.T.);
#13609 = ORIENTED_EDGE('',*,*,#13610,.T.);
#13610 = EDGE_CURVE('',#3677,#7479,#13611,.T.);
#13611 = LINE('',#13612,#13613);
#13612 = CARTESIAN_POINT('',(128.63,-69.2,-4.6E-02));
#13613 = VECTOR('',#13614,1.);
#13614 = DIRECTION('',(0.,0.,1.));
#13615 = ORIENTED_EDGE('',*,*,#7478,.F.);
#13616 = ORIENTED_EDGE('',*,*,#13610,.F.);
#13617 = CYLINDRICAL_SURFACE('',#13618,0.85);
#13618 = AXIS2_PLACEMENT_3D('',#13619,#13620,#13621);
#13619 = CARTESIAN_POINT('',(128.63,-68.35,-4.6E-02));
#13620 = DIRECTION('',(-0.,-0.,-1.));
#13621 = DIRECTION('',(-0.,-1.,0.));
#13622 = ADVANCED_FACE('',(#13623),#13634,.F.);
#13623 = FACE_BOUND('',#13624,.T.);
#13624 = EDGE_LOOP('',(#13625,#13626,#13632,#13633));
#13625 = ORIENTED_EDGE('',*,*,#3687,.T.);
#13626 = ORIENTED_EDGE('',*,*,#13627,.T.);
#13627 = EDGE_CURVE('',#3688,#7490,#13628,.T.);
#13628 = LINE('',#13629,#13630);
#13629 = CARTESIAN_POINT('',(126.09,-64.02,-4.6E-02));
#13630 = VECTOR('',#13631,1.);
#13631 = DIRECTION('',(0.,0.,1.));
#13632 = ORIENTED_EDGE('',*,*,#7489,.F.);
#13633 = ORIENTED_EDGE('',*,*,#13627,.F.);
#13634 = CYLINDRICAL_SURFACE('',#13635,0.75);
#13635 = AXIS2_PLACEMENT_3D('',#13636,#13637,#13638);
#13636 = CARTESIAN_POINT('',(126.09,-63.27,-4.6E-02));
#13637 = DIRECTION('',(-0.,-0.,-1.));
#13638 = DIRECTION('',(-0.,-1.,0.));
#13639 = ADVANCED_FACE('',(#13640),#13656,.F.);
#13640 = FACE_BOUND('',#13641,.T.);
#13641 = EDGE_LOOP('',(#13642,#13648,#13649,#13655));
#13642 = ORIENTED_EDGE('',*,*,#13643,.T.);
#13643 = EDGE_CURVE('',#3699,#7501,#13644,.T.);
#13644 = LINE('',#13645,#13646);
#13645 = CARTESIAN_POINT('',(142.543288,-71.934543,0.));
#13646 = VECTOR('',#13647,1.);
#13647 = DIRECTION('',(0.,0.,1.));
#13648 = ORIENTED_EDGE('',*,*,#7500,.T.);
#13649 = ORIENTED_EDGE('',*,*,#13650,.F.);
#13650 = EDGE_CURVE('',#3701,#7503,#13651,.T.);
#13651 = LINE('',#13652,#13653);
#13652 = CARTESIAN_POINT('',(141.840515,-72.583122,0.));
#13653 = VECTOR('',#13654,1.);
#13654 = DIRECTION('',(0.,0.,1.));
#13655 = ORIENTED_EDGE('',*,*,#3698,.F.);
#13656 = CYLINDRICAL_SURFACE('',#13657,0.499999448976);
#13657 = AXIS2_PLACEMENT_3D('',#13658,#13659,#13660);
#13658 = CARTESIAN_POINT('',(142.29102909571,-72.36624300484,0.));
#13659 = DIRECTION('',(-0.,-0.,-1.));
#13660 = DIRECTION('',(0.504518364574,0.863400961204,-0.));
#13661 = ADVANCED_FACE('',(#13662),#13673,.T.);
#13662 = FACE_BOUND('',#13663,.T.);
#13663 = EDGE_LOOP('',(#13664,#13670,#13671,#13672));
#13664 = ORIENTED_EDGE('',*,*,#13665,.T.);
#13665 = EDGE_CURVE('',#3710,#7512,#13666,.T.);
#13666 = LINE('',#13667,#13668);
#13667 = CARTESIAN_POINT('',(142.795547,-72.002842,0.));
#13668 = VECTOR('',#13669,1.);
#13669 = DIRECTION('',(0.,0.,1.));
#13670 = ORIENTED_EDGE('',*,*,#7511,.T.);
#13671 = ORIENTED_EDGE('',*,*,#13643,.F.);
#13672 = ORIENTED_EDGE('',*,*,#3709,.F.);
#13673 = CYLINDRICAL_SURFACE('',#13674,0.500008729226);
#13674 = AXIS2_PLACEMENT_3D('',#13675,#13676,#13677);
#13675 = CARTESIAN_POINT('',(142.79554865685,-71.50283327077,0.));
#13676 = DIRECTION('',(0.,0.,-1.));
#13677 = DIRECTION('',(-3.313649260187E-06,-0.999999999995,-0.));
#13678 = ADVANCED_FACE('',(#13679),#13690,.T.);
#13679 = FACE_BOUND('',#13680,.T.);
#13680 = EDGE_LOOP('',(#13681,#13682,#13683,#13689));
#13681 = ORIENTED_EDGE('',*,*,#13650,.T.);
#13682 = ORIENTED_EDGE('',*,*,#7633,.T.);
#13683 = ORIENTED_EDGE('',*,*,#13684,.F.);
#13684 = EDGE_CURVE('',#3824,#7626,#13685,.T.);
#13685 = LINE('',#13686,#13687);
#13686 = CARTESIAN_POINT('',(141.89,-72.8,0.));
#13687 = VECTOR('',#13688,1.);
#13688 = DIRECTION('',(0.,0.,1.));
#13689 = ORIENTED_EDGE('',*,*,#3831,.F.);
#13690 = CYLINDRICAL_SURFACE('',#13691,0.499989885034);
#13691 = AXIS2_PLACEMENT_3D('',#13692,#13693,#13694);
#13692 = CARTESIAN_POINT('',(141.39001011497,-72.79999807913,0.));
#13693 = DIRECTION('',(0.,0.,-1.));
#13694 = DIRECTION('',(0.901027997796,0.43376093322,0.));
#13695 = ADVANCED_FACE('',(#13696),#13707,.T.);
#13696 = FACE_BOUND('',#13697,.T.);
#13697 = EDGE_LOOP('',(#13698,#13704,#13705,#13706));
#13698 = ORIENTED_EDGE('',*,*,#13699,.T.);
#13699 = EDGE_CURVE('',#3719,#7521,#13700,.T.);
#13700 = LINE('',#13701,#13702);
#13701 = CARTESIAN_POINT('',(144.384451,-72.002842,0.));
#13702 = VECTOR('',#13703,1.);
#13703 = DIRECTION('',(0.,0.,1.));
#13704 = ORIENTED_EDGE('',*,*,#7520,.T.);
#13705 = ORIENTED_EDGE('',*,*,#13665,.F.);
#13706 = ORIENTED_EDGE('',*,*,#3718,.F.);
#13707 = PLANE('',#13708);
#13708 = AXIS2_PLACEMENT_3D('',#13709,#13710,#13711);
#13709 = CARTESIAN_POINT('',(144.384451,-72.002842,0.));
#13710 = DIRECTION('',(0.,-1.,0.));
#13711 = DIRECTION('',(-1.,0.,0.));
#13712 = ADVANCED_FACE('',(#13713),#13724,.T.);
#13713 = FACE_BOUND('',#13714,.T.);
#13714 = EDGE_LOOP('',(#13715,#13716,#13717,#13723));
#13715 = ORIENTED_EDGE('',*,*,#13684,.T.);
#13716 = ORIENTED_EDGE('',*,*,#7625,.T.);
#13717 = ORIENTED_EDGE('',*,*,#13718,.F.);
#13718 = EDGE_CURVE('',#3815,#7617,#13719,.T.);
#13719 = LINE('',#13720,#13721);
#13720 = CARTESIAN_POINT('',(141.89,-74.205685,0.));
#13721 = VECTOR('',#13722,1.);
#13722 = DIRECTION('',(0.,0.,1.));
#13723 = ORIENTED_EDGE('',*,*,#3823,.F.);
#13724 = PLANE('',#13725);
#13725 = AXIS2_PLACEMENT_3D('',#13726,#13727,#13728);
#13726 = CARTESIAN_POINT('',(141.89,-72.8,0.));
#13727 = DIRECTION('',(1.,0.,-0.));
#13728 = DIRECTION('',(0.,-1.,0.));
#13729 = ADVANCED_FACE('',(#13730),#13741,.T.);
#13730 = FACE_BOUND('',#13731,.T.);
#13731 = EDGE_LOOP('',(#13732,#13738,#13739,#13740));
#13732 = ORIENTED_EDGE('',*,*,#13733,.T.);
#13733 = EDGE_CURVE('',#3727,#7529,#13734,.T.);
#13734 = LINE('',#13735,#13736);
#13735 = CARTESIAN_POINT('',(144.636709,-71.934543,0.));
#13736 = VECTOR('',#13737,1.);
#13737 = DIRECTION('',(0.,0.,1.));
#13738 = ORIENTED_EDGE('',*,*,#7528,.T.);
#13739 = ORIENTED_EDGE('',*,*,#13699,.F.);
#13740 = ORIENTED_EDGE('',*,*,#3726,.F.);
#13741 = CYLINDRICAL_SURFACE('',#13742,0.500008729288);
#13742 = AXIS2_PLACEMENT_3D('',#13743,#13744,#13745);
#13743 = CARTESIAN_POINT('',(144.38444834312,-71.50283327071,0.));
#13744 = DIRECTION('',(0.,0.,-1.));
#13745 = DIRECTION('',(0.504512505685,-0.863404384751,0.));
#13746 = ADVANCED_FACE('',(#13747),#13758,.T.);
#13747 = FACE_BOUND('',#13748,.T.);
#13748 = EDGE_LOOP('',(#13749,#13750,#13751,#13757));
#13749 = ORIENTED_EDGE('',*,*,#13718,.T.);
#13750 = ORIENTED_EDGE('',*,*,#7616,.T.);
#13751 = ORIENTED_EDGE('',*,*,#13752,.F.);
#13752 = EDGE_CURVE('',#3806,#7608,#13753,.T.);
#13753 = LINE('',#13754,#13755);
#13754 = CARTESIAN_POINT('',(141.840515,-74.422562,0.));
#13755 = VECTOR('',#13756,1.);
#13756 = DIRECTION('',(0.,0.,1.));
#13757 = ORIENTED_EDGE('',*,*,#3814,.F.);
#13758 = CYLINDRICAL_SURFACE('',#13759,0.499989884977);
#13759 = AXIS2_PLACEMENT_3D('',#13760,#13761,#13762);
#13760 = CARTESIAN_POINT('',(141.39001011502,-74.20568592088,0.));
#13761 = DIRECTION('',(0.,0.,-1.));
#13762 = DIRECTION('',(0.999999999998,1.841808965693E-06,0.));
#13763 = ADVANCED_FACE('',(#13764),#13775,.F.);
#13764 = FACE_BOUND('',#13765,.T.);
#13765 = EDGE_LOOP('',(#13766,#13772,#13773,#13774));
#13766 = ORIENTED_EDGE('',*,*,#13767,.T.);
#13767 = EDGE_CURVE('',#3736,#7538,#13768,.T.);
#13768 = LINE('',#13769,#13770);
#13769 = CARTESIAN_POINT('',(145.339483,-72.583122,0.));
#13770 = VECTOR('',#13771,1.);
#13771 = DIRECTION('',(0.,0.,1.));
#13772 = ORIENTED_EDGE('',*,*,#7537,.T.);
#13773 = ORIENTED_EDGE('',*,*,#13733,.F.);
#13774 = ORIENTED_EDGE('',*,*,#3735,.F.);
#13775 = CYLINDRICAL_SURFACE('',#13776,0.500000669307);
#13776 = AXIS2_PLACEMENT_3D('',#13777,#13778,#13779);
#13777 = CARTESIAN_POINT('',(144.88896646449,-72.36624525956,0.));
#13778 = DIRECTION('',(-0.,-0.,-1.));
#13779 = DIRECTION('',(0.901031864884,-0.433752900236,0.));
#13780 = ADVANCED_FACE('',(#13781),#13792,.F.);
#13781 = FACE_BOUND('',#13782,.T.);
#13782 = EDGE_LOOP('',(#13783,#13784,#13785,#13791));
#13783 = ORIENTED_EDGE('',*,*,#13752,.T.);
#13784 = ORIENTED_EDGE('',*,*,#7607,.T.);
#13785 = ORIENTED_EDGE('',*,*,#13786,.F.);
#13786 = EDGE_CURVE('',#3797,#7599,#13787,.T.);
#13787 = LINE('',#13788,#13789);
#13788 = CARTESIAN_POINT('',(142.543288,-75.07114,0.));
#13789 = VECTOR('',#13790,1.);
#13790 = DIRECTION('',(0.,0.,1.));
#13791 = ORIENTED_EDGE('',*,*,#3805,.F.);
#13792 = CYLINDRICAL_SURFACE('',#13793,0.499999422661);
#13793 = AXIS2_PLACEMENT_3D('',#13794,#13795,#13796);
#13794 = CARTESIAN_POINT('',(142.29102970448,-74.6394396699,0.));
#13795 = DIRECTION('',(-0.,-0.,-1.));
#13796 = DIRECTION('',(-0.901030449374,0.433755840654,0.));
#13797 = ADVANCED_FACE('',(#13798),#13809,.T.);
#13798 = FACE_BOUND('',#13799,.T.);
#13799 = EDGE_LOOP('',(#13800,#13806,#13807,#13808));
#13800 = ORIENTED_EDGE('',*,*,#13801,.T.);
#13801 = EDGE_CURVE('',#3745,#7547,#13802,.T.);
#13802 = LINE('',#13803,#13804);
#13803 = CARTESIAN_POINT('',(145.289998,-72.8,0.));
#13804 = VECTOR('',#13805,1.);
#13805 = DIRECTION('',(0.,0.,1.));
#13806 = ORIENTED_EDGE('',*,*,#7546,.T.);
#13807 = ORIENTED_EDGE('',*,*,#13767,.F.);
#13808 = ORIENTED_EDGE('',*,*,#3744,.F.);
#13809 = CYLINDRICAL_SURFACE('',#13810,0.499989885034);
#13810 = AXIS2_PLACEMENT_3D('',#13811,#13812,#13813);
#13811 = CARTESIAN_POINT('',(145.78998788503,-72.79999807913,0.));
#13812 = DIRECTION('',(0.,0.,-1.));
#13813 = DIRECTION('',(-0.999999999993,-3.841811448942E-06,-0.));
#13814 = ADVANCED_FACE('',(#13815),#13826,.T.);
#13815 = FACE_BOUND('',#13816,.T.);
#13816 = EDGE_LOOP('',(#13817,#13818,#13819,#13825));
#13817 = ORIENTED_EDGE('',*,*,#13786,.T.);
#13818 = ORIENTED_EDGE('',*,*,#7598,.T.);
#13819 = ORIENTED_EDGE('',*,*,#13820,.F.);
#13820 = EDGE_CURVE('',#3789,#7591,#13821,.T.);
#13821 = LINE('',#13822,#13823);
#13822 = CARTESIAN_POINT('',(142.795546,-75.002841,0.));
#13823 = VECTOR('',#13824,1.);
#13824 = DIRECTION('',(0.,0.,1.));
#13825 = ORIENTED_EDGE('',*,*,#3796,.F.);
#13826 = CYLINDRICAL_SURFACE('',#13827,0.500008729288);
#13827 = AXIS2_PLACEMENT_3D('',#13828,#13829,#13830);
#13828 = CARTESIAN_POINT('',(142.79554865687,-75.50284972928,0.));
#13829 = DIRECTION('',(0.,0.,-1.));
#13830 = DIRECTION('',(-0.504512505685,0.863404384751,0.));
#13831 = ADVANCED_FACE('',(#13832),#13843,.T.);
#13832 = FACE_BOUND('',#13833,.T.);
#13833 = EDGE_LOOP('',(#13834,#13840,#13841,#13842));
#13834 = ORIENTED_EDGE('',*,*,#13835,.T.);
#13835 = EDGE_CURVE('',#3754,#7556,#13836,.T.);
#13836 = LINE('',#13837,#13838);
#13837 = CARTESIAN_POINT('',(145.289998,-74.205684,0.));
#13838 = VECTOR('',#13839,1.);
#13839 = DIRECTION('',(0.,0.,1.));
#13840 = ORIENTED_EDGE('',*,*,#7555,.T.);
#13841 = ORIENTED_EDGE('',*,*,#13801,.F.);
#13842 = ORIENTED_EDGE('',*,*,#3753,.F.);
#13843 = PLANE('',#13844);
#13844 = AXIS2_PLACEMENT_3D('',#13845,#13846,#13847);
#13845 = CARTESIAN_POINT('',(145.289998,-74.205684,0.));
#13846 = DIRECTION('',(-1.,0.,0.));
#13847 = DIRECTION('',(0.,1.,0.));
#13848 = ADVANCED_FACE('',(#13849),#13860,.T.);
#13849 = FACE_BOUND('',#13850,.T.);
#13850 = EDGE_LOOP('',(#13851,#13852,#13853,#13859));
#13851 = ORIENTED_EDGE('',*,*,#13820,.T.);
#13852 = ORIENTED_EDGE('',*,*,#7590,.T.);
#13853 = ORIENTED_EDGE('',*,*,#13854,.F.);
#13854 = EDGE_CURVE('',#3780,#7582,#13855,.T.);
#13855 = LINE('',#13856,#13857);
#13856 = CARTESIAN_POINT('',(144.384452,-75.002842,0.));
#13857 = VECTOR('',#13858,1.);
#13858 = DIRECTION('',(0.,0.,1.));
#13859 = ORIENTED_EDGE('',*,*,#3788,.F.);
#13860 = PLANE('',#13861);
#13861 = AXIS2_PLACEMENT_3D('',#13862,#13863,#13864);
#13862 = CARTESIAN_POINT('',(142.795546,-75.002841,0.));
#13863 = DIRECTION('',(6.29363850017E-07,1.,-0.));
#13864 = DIRECTION('',(1.,-6.29363850017E-07,0.));
#13865 = ADVANCED_FACE('',(#13866),#13877,.T.);
#13866 = FACE_BOUND('',#13867,.T.);
#13867 = EDGE_LOOP('',(#13868,#13874,#13875,#13876));
#13868 = ORIENTED_EDGE('',*,*,#13869,.T.);
#13869 = EDGE_CURVE('',#3762,#7564,#13870,.T.);
#13870 = LINE('',#13871,#13872);
#13871 = CARTESIAN_POINT('',(145.339483,-74.422562,0.));
#13872 = VECTOR('',#13873,1.);
#13873 = DIRECTION('',(0.,0.,1.));
#13874 = ORIENTED_EDGE('',*,*,#7563,.T.);
#13875 = ORIENTED_EDGE('',*,*,#13835,.F.);
#13876 = ORIENTED_EDGE('',*,*,#3761,.F.);
#13877 = CYLINDRICAL_SURFACE('',#13878,0.499989885034);
#13878 = AXIS2_PLACEMENT_3D('',#13879,#13880,#13881);
#13879 = CARTESIAN_POINT('',(145.78998788503,-74.20568592086,0.));
#13880 = DIRECTION('',(0.,0.,-1.));
#13881 = DIRECTION('',(-0.901027997796,-0.43376093322,-0.));
#13882 = ADVANCED_FACE('',(#13883),#13894,.T.);
#13883 = FACE_BOUND('',#13884,.T.);
#13884 = EDGE_LOOP('',(#13885,#13886,#13887,#13893));
#13885 = ORIENTED_EDGE('',*,*,#13854,.T.);
#13886 = ORIENTED_EDGE('',*,*,#7581,.T.);
#13887 = ORIENTED_EDGE('',*,*,#13888,.F.);
#13888 = EDGE_CURVE('',#3771,#7573,#13889,.T.);
#13889 = LINE('',#13890,#13891);
#13890 = CARTESIAN_POINT('',(144.63671,-75.071141,0.));
#13891 = VECTOR('',#13892,1.);
#13892 = DIRECTION('',(0.,0.,1.));
#13893 = ORIENTED_EDGE('',*,*,#3779,.F.);
#13894 = CYLINDRICAL_SURFACE('',#13895,0.500008729288);
#13895 = AXIS2_PLACEMENT_3D('',#13896,#13897,#13898);
#13896 = CARTESIAN_POINT('',(144.38444934312,-75.50285072928,0.));
#13897 = DIRECTION('',(0.,0.,-1.));
#13898 = DIRECTION('',(5.31366276793E-06,0.999999999986,0.));
#13899 = ADVANCED_FACE('',(#13900),#13906,.F.);
#13900 = FACE_BOUND('',#13901,.T.);
#13901 = EDGE_LOOP('',(#13902,#13903,#13904,#13905));
#13902 = ORIENTED_EDGE('',*,*,#13888,.T.);
#13903 = ORIENTED_EDGE('',*,*,#7572,.T.);
#13904 = ORIENTED_EDGE('',*,*,#13869,.F.);
#13905 = ORIENTED_EDGE('',*,*,#3770,.F.);
#13906 = CYLINDRICAL_SURFACE('',#13907,0.499999729127);
#13907 = AXIS2_PLACEMENT_3D('',#13908,#13909,#13910);
#13908 = CARTESIAN_POINT('',(144.88896825432,-74.63944029088,0.));
#13909 = DIRECTION('',(-0.,-0.,-1.));
#13910 = DIRECTION('',(-0.504516781969,-0.863401885979,0.));
#13911 = ADVANCED_FACE('',(#13912),#13923,.F.);
#13912 = FACE_BOUND('',#13913,.T.);
#13913 = EDGE_LOOP('',(#13914,#13915,#13921,#13922));
#13914 = ORIENTED_EDGE('',*,*,#3840,.T.);
#13915 = ORIENTED_EDGE('',*,*,#13916,.T.);
#13916 = EDGE_CURVE('',#3841,#7643,#13917,.T.);
#13917 = LINE('',#13918,#13919);
#13918 = CARTESIAN_POINT('',(138.47,-69.2,-4.6E-02));
#13919 = VECTOR('',#13920,1.);
#13920 = DIRECTION('',(0.,0.,1.));
#13921 = ORIENTED_EDGE('',*,*,#7642,.F.);
#13922 = ORIENTED_EDGE('',*,*,#13916,.F.);
#13923 = CYLINDRICAL_SURFACE('',#13924,0.85);
#13924 = AXIS2_PLACEMENT_3D('',#13925,#13926,#13927);
#13925 = CARTESIAN_POINT('',(138.47,-68.35,-4.6E-02));
#13926 = DIRECTION('',(-0.,-0.,-1.));
#13927 = DIRECTION('',(-0.,-1.,0.));
#13928 = ADVANCED_FACE('',(#13929),#13940,.F.);
#13929 = FACE_BOUND('',#13930,.T.);
#13930 = EDGE_LOOP('',(#13931,#13932,#13938,#13939));
#13931 = ORIENTED_EDGE('',*,*,#3851,.T.);
#13932 = ORIENTED_EDGE('',*,*,#13933,.T.);
#13933 = EDGE_CURVE('',#3852,#7654,#13934,.T.);
#13934 = LINE('',#13935,#13936);
#13935 = CARTESIAN_POINT('',(143.55,-70.35,-4.6E-02));
#13936 = VECTOR('',#13937,1.);
#13937 = DIRECTION('',(0.,0.,1.));
#13938 = ORIENTED_EDGE('',*,*,#7653,.F.);
#13939 = ORIENTED_EDGE('',*,*,#13933,.F.);
#13940 = CYLINDRICAL_SURFACE('',#13941,2.);
#13941 = AXIS2_PLACEMENT_3D('',#13942,#13943,#13944);
#13942 = CARTESIAN_POINT('',(143.55,-68.35,-4.6E-02));
#13943 = DIRECTION('',(-0.,-0.,-1.));
#13944 = DIRECTION('',(-0.,-1.,0.));
#13945 = ADVANCED_FACE('',(#13946),#13957,.F.);
#13946 = FACE_BOUND('',#13947,.T.);
#13947 = EDGE_LOOP('',(#13948,#13949,#13955,#13956));
#13948 = ORIENTED_EDGE('',*,*,#3862,.T.);
#13949 = ORIENTED_EDGE('',*,*,#13950,.T.);
#13950 = EDGE_CURVE('',#3863,#7665,#13951,.T.);
#13951 = LINE('',#13952,#13953);
#13952 = CARTESIAN_POINT('',(139.74,-66.56,-4.6E-02));
#13953 = VECTOR('',#13954,1.);
#13954 = DIRECTION('',(0.,0.,1.));
#13955 = ORIENTED_EDGE('',*,*,#7664,.F.);
#13956 = ORIENTED_EDGE('',*,*,#13950,.F.);
#13957 = CYLINDRICAL_SURFACE('',#13958,0.75);
#13958 = AXIS2_PLACEMENT_3D('',#13959,#13960,#13961);
#13959 = CARTESIAN_POINT('',(139.74,-65.81,-4.6E-02));
#13960 = DIRECTION('',(-0.,-0.,-1.));
#13961 = DIRECTION('',(-0.,-1.,0.));
#13962 = ADVANCED_FACE('',(#13963),#13974,.F.);
#13963 = FACE_BOUND('',#13964,.T.);
#13964 = EDGE_LOOP('',(#13965,#13966,#13972,#13973));
#13965 = ORIENTED_EDGE('',*,*,#3873,.T.);
#13966 = ORIENTED_EDGE('',*,*,#13967,.T.);
#13967 = EDGE_CURVE('',#3874,#7676,#13968,.T.);
#13968 = LINE('',#13969,#13970);
#13969 = CARTESIAN_POINT('',(147.4,-105.4,-4.6E-02));
#13970 = VECTOR('',#13971,1.);
#13971 = DIRECTION('',(0.,0.,1.));
#13972 = ORIENTED_EDGE('',*,*,#7675,.F.);
#13973 = ORIENTED_EDGE('',*,*,#13967,.F.);
#13974 = CYLINDRICAL_SURFACE('',#13975,0.4);
#13975 = AXIS2_PLACEMENT_3D('',#13976,#13977,#13978);
#13976 = CARTESIAN_POINT('',(147.4,-105.,-4.6E-02));
#13977 = DIRECTION('',(-0.,-0.,-1.));
#13978 = DIRECTION('',(-0.,-1.,0.));
#13979 = ADVANCED_FACE('',(#13980),#13991,.F.);
#13980 = FACE_BOUND('',#13981,.T.);
#13981 = EDGE_LOOP('',(#13982,#13983,#13989,#13990));
#13982 = ORIENTED_EDGE('',*,*,#3884,.T.);
#13983 = ORIENTED_EDGE('',*,*,#13984,.T.);
#13984 = EDGE_CURVE('',#3885,#7687,#13985,.T.);
#13985 = LINE('',#13986,#13987);
#13986 = CARTESIAN_POINT('',(159.38,-105.6,-4.6E-02));
#13987 = VECTOR('',#13988,1.);
#13988 = DIRECTION('',(0.,0.,1.));
#13989 = ORIENTED_EDGE('',*,*,#7686,.F.);
#13990 = ORIENTED_EDGE('',*,*,#13984,.F.);
#13991 = CYLINDRICAL_SURFACE('',#13992,0.4);
#13992 = AXIS2_PLACEMENT_3D('',#13993,#13994,#13995);
#13993 = CARTESIAN_POINT('',(159.38,-105.2,-4.6E-02));
#13994 = DIRECTION('',(-0.,-0.,-1.));
#13995 = DIRECTION('',(-0.,-1.,0.));
#13996 = ADVANCED_FACE('',(#13997),#14008,.F.);
#13997 = FACE_BOUND('',#13998,.T.);
#13998 = EDGE_LOOP('',(#13999,#14000,#14006,#14007));
#13999 = ORIENTED_EDGE('',*,*,#3895,.T.);
#14000 = ORIENTED_EDGE('',*,*,#14001,.T.);
#14001 = EDGE_CURVE('',#3896,#7698,#14002,.T.);
#14002 = LINE('',#14003,#14004);
#14003 = CARTESIAN_POINT('',(167.,-105.6,-4.6E-02));
#14004 = VECTOR('',#14005,1.);
#14005 = DIRECTION('',(0.,0.,1.));
#14006 = ORIENTED_EDGE('',*,*,#7697,.F.);
#14007 = ORIENTED_EDGE('',*,*,#14001,.F.);
#14008 = CYLINDRICAL_SURFACE('',#14009,0.4);
#14009 = AXIS2_PLACEMENT_3D('',#14010,#14011,#14012);
#14010 = CARTESIAN_POINT('',(167.,-105.2,-4.6E-02));
#14011 = DIRECTION('',(-0.,-0.,-1.));
#14012 = DIRECTION('',(-0.,-1.,0.));
#14013 = ADVANCED_FACE('',(#14014),#14030,.F.);
#14014 = FACE_BOUND('',#14015,.T.);
#14015 = EDGE_LOOP('',(#14016,#14022,#14023,#14029));
#14016 = ORIENTED_EDGE('',*,*,#14017,.T.);
#14017 = EDGE_CURVE('',#3907,#7709,#14018,.T.);
#14018 = LINE('',#14019,#14020);
#14019 = CARTESIAN_POINT('',(162.543288,-96.334543,0.));
#14020 = VECTOR('',#14021,1.);
#14021 = DIRECTION('',(0.,0.,1.));
#14022 = ORIENTED_EDGE('',*,*,#7708,.T.);
#14023 = ORIENTED_EDGE('',*,*,#14024,.F.);
#14024 = EDGE_CURVE('',#3909,#7711,#14025,.T.);
#14025 = LINE('',#14026,#14027);
#14026 = CARTESIAN_POINT('',(161.840515,-96.983122,0.));
#14027 = VECTOR('',#14028,1.);
#14028 = DIRECTION('',(0.,0.,1.));
#14029 = ORIENTED_EDGE('',*,*,#3906,.F.);
#14030 = CYLINDRICAL_SURFACE('',#14031,0.499999448976);
#14031 = AXIS2_PLACEMENT_3D('',#14032,#14033,#14034);
#14032 = CARTESIAN_POINT('',(162.29102909571,-96.76624300484,0.));
#14033 = DIRECTION('',(-0.,-0.,-1.));
#14034 = DIRECTION('',(0.504518364574,0.863400961204,-0.));
#14035 = ADVANCED_FACE('',(#14036),#14047,.T.);
#14036 = FACE_BOUND('',#14037,.T.);
#14037 = EDGE_LOOP('',(#14038,#14044,#14045,#14046));
#14038 = ORIENTED_EDGE('',*,*,#14039,.T.);
#14039 = EDGE_CURVE('',#3918,#7720,#14040,.T.);
#14040 = LINE('',#14041,#14042);
#14041 = CARTESIAN_POINT('',(162.795547,-96.402842,0.));
#14042 = VECTOR('',#14043,1.);
#14043 = DIRECTION('',(0.,0.,1.));
#14044 = ORIENTED_EDGE('',*,*,#7719,.T.);
#14045 = ORIENTED_EDGE('',*,*,#14017,.F.);
#14046 = ORIENTED_EDGE('',*,*,#3917,.F.);
#14047 = CYLINDRICAL_SURFACE('',#14048,0.500008729226);
#14048 = AXIS2_PLACEMENT_3D('',#14049,#14050,#14051);
#14049 = CARTESIAN_POINT('',(162.79554865685,-95.90283327077,0.));
#14050 = DIRECTION('',(0.,0.,-1.));
#14051 = DIRECTION('',(-3.313649430713E-06,-0.999999999995,-0.));
#14052 = ADVANCED_FACE('',(#14053),#14064,.T.);
#14053 = FACE_BOUND('',#14054,.T.);
#14054 = EDGE_LOOP('',(#14055,#14056,#14057,#14063));
#14055 = ORIENTED_EDGE('',*,*,#14024,.T.);
#14056 = ORIENTED_EDGE('',*,*,#7841,.T.);
#14057 = ORIENTED_EDGE('',*,*,#14058,.F.);
#14058 = EDGE_CURVE('',#4032,#7834,#14059,.T.);
#14059 = LINE('',#14060,#14061);
#14060 = CARTESIAN_POINT('',(161.89,-97.2,0.));
#14061 = VECTOR('',#14062,1.);
#14062 = DIRECTION('',(0.,0.,1.));
#14063 = ORIENTED_EDGE('',*,*,#4039,.F.);
#14064 = CYLINDRICAL_SURFACE('',#14065,0.499989885034);
#14065 = AXIS2_PLACEMENT_3D('',#14066,#14067,#14068);
#14066 = CARTESIAN_POINT('',(161.39001011497,-97.19999807913,0.));
#14067 = DIRECTION('',(0.,0.,-1.));
#14068 = DIRECTION('',(0.901027997796,0.43376093322,0.));
#14069 = ADVANCED_FACE('',(#14070),#14081,.T.);
#14070 = FACE_BOUND('',#14071,.T.);
#14071 = EDGE_LOOP('',(#14072,#14078,#14079,#14080));
#14072 = ORIENTED_EDGE('',*,*,#14073,.T.);
#14073 = EDGE_CURVE('',#3927,#7729,#14074,.T.);
#14074 = LINE('',#14075,#14076);
#14075 = CARTESIAN_POINT('',(164.384451,-96.402842,0.));
#14076 = VECTOR('',#14077,1.);
#14077 = DIRECTION('',(0.,0.,1.));
#14078 = ORIENTED_EDGE('',*,*,#7728,.T.);
#14079 = ORIENTED_EDGE('',*,*,#14039,.F.);
#14080 = ORIENTED_EDGE('',*,*,#3926,.F.);
#14081 = PLANE('',#14082);
#14082 = AXIS2_PLACEMENT_3D('',#14083,#14084,#14085);
#14083 = CARTESIAN_POINT('',(164.384451,-96.402842,0.));
#14084 = DIRECTION('',(0.,-1.,0.));
#14085 = DIRECTION('',(-1.,0.,0.));
#14086 = ADVANCED_FACE('',(#14087),#14098,.T.);
#14087 = FACE_BOUND('',#14088,.T.);
#14088 = EDGE_LOOP('',(#14089,#14090,#14091,#14097));
#14089 = ORIENTED_EDGE('',*,*,#14058,.T.);
#14090 = ORIENTED_EDGE('',*,*,#7833,.T.);
#14091 = ORIENTED_EDGE('',*,*,#14092,.F.);
#14092 = EDGE_CURVE('',#4023,#7825,#14093,.T.);
#14093 = LINE('',#14094,#14095);
#14094 = CARTESIAN_POINT('',(161.89,-98.605684,0.));
#14095 = VECTOR('',#14096,1.);
#14096 = DIRECTION('',(0.,0.,1.));
#14097 = ORIENTED_EDGE('',*,*,#4031,.F.);
#14098 = PLANE('',#14099);
#14099 = AXIS2_PLACEMENT_3D('',#14100,#14101,#14102);
#14100 = CARTESIAN_POINT('',(161.89,-97.2,0.));
#14101 = DIRECTION('',(1.,0.,-0.));
#14102 = DIRECTION('',(0.,-1.,0.));
#14103 = ADVANCED_FACE('',(#14104),#14115,.T.);
#14104 = FACE_BOUND('',#14105,.T.);
#14105 = EDGE_LOOP('',(#14106,#14112,#14113,#14114));
#14106 = ORIENTED_EDGE('',*,*,#14107,.T.);
#14107 = EDGE_CURVE('',#3935,#7737,#14108,.T.);
#14108 = LINE('',#14109,#14110);
#14109 = CARTESIAN_POINT('',(164.636709,-96.334543,0.));
#14110 = VECTOR('',#14111,1.);
#14111 = DIRECTION('',(0.,0.,1.));
#14112 = ORIENTED_EDGE('',*,*,#7736,.T.);
#14113 = ORIENTED_EDGE('',*,*,#14073,.F.);
#14114 = ORIENTED_EDGE('',*,*,#3934,.F.);
#14115 = CYLINDRICAL_SURFACE('',#14116,0.500008729288);
#14116 = AXIS2_PLACEMENT_3D('',#14117,#14118,#14119);
#14117 = CARTESIAN_POINT('',(164.38444834312,-95.90283327071,0.));
#14118 = DIRECTION('',(0.,0.,-1.));
#14119 = DIRECTION('',(0.504512505685,-0.863404384751,0.));
#14120 = ADVANCED_FACE('',(#14121),#14132,.T.);
#14121 = FACE_BOUND('',#14122,.T.);
#14122 = EDGE_LOOP('',(#14123,#14124,#14125,#14131));
#14123 = ORIENTED_EDGE('',*,*,#14092,.T.);
#14124 = ORIENTED_EDGE('',*,*,#7824,.T.);
#14125 = ORIENTED_EDGE('',*,*,#14126,.F.);
#14126 = EDGE_CURVE('',#4014,#7816,#14127,.T.);
#14127 = LINE('',#14128,#14129);
#14128 = CARTESIAN_POINT('',(161.840515,-98.822562,0.));
#14129 = VECTOR('',#14130,1.);
#14130 = DIRECTION('',(0.,0.,1.));
#14131 = ORIENTED_EDGE('',*,*,#4022,.F.);
#14132 = CYLINDRICAL_SURFACE('',#14133,0.499989885034);
#14133 = AXIS2_PLACEMENT_3D('',#14134,#14135,#14136);
#14134 = CARTESIAN_POINT('',(161.39001011497,-98.60568592086,0.));
#14135 = DIRECTION('',(0.,0.,-1.));
#14136 = DIRECTION('',(0.999999999993,3.841811733168E-06,0.));
#14137 = ADVANCED_FACE('',(#14138),#14149,.F.);
#14138 = FACE_BOUND('',#14139,.T.);
#14139 = EDGE_LOOP('',(#14140,#14146,#14147,#14148));
#14140 = ORIENTED_EDGE('',*,*,#14141,.T.);
#14141 = EDGE_CURVE('',#3944,#7746,#14142,.T.);
#14142 = LINE('',#14143,#14144);
#14143 = CARTESIAN_POINT('',(165.339483,-96.983122,0.));
#14144 = VECTOR('',#14145,1.);
#14145 = DIRECTION('',(0.,0.,1.));
#14146 = ORIENTED_EDGE('',*,*,#7745,.T.);
#14147 = ORIENTED_EDGE('',*,*,#14107,.F.);
#14148 = ORIENTED_EDGE('',*,*,#3943,.F.);
#14149 = CYLINDRICAL_SURFACE('',#14150,0.500000669307);
#14150 = AXIS2_PLACEMENT_3D('',#14151,#14152,#14153);
#14151 = CARTESIAN_POINT('',(164.88896646449,-96.76624525956,0.));
#14152 = DIRECTION('',(-0.,-0.,-1.));
#14153 = DIRECTION('',(0.901031864884,-0.433752900236,0.));
#14154 = ADVANCED_FACE('',(#14155),#14166,.F.);
#14155 = FACE_BOUND('',#14156,.T.);
#14156 = EDGE_LOOP('',(#14157,#14158,#14159,#14165));
#14157 = ORIENTED_EDGE('',*,*,#14126,.T.);
#14158 = ORIENTED_EDGE('',*,*,#7815,.T.);
#14159 = ORIENTED_EDGE('',*,*,#14160,.F.);
#14160 = EDGE_CURVE('',#4005,#7807,#14161,.T.);
#14161 = LINE('',#14162,#14163);
#14162 = CARTESIAN_POINT('',(162.543288,-99.47114,0.));
#14163 = VECTOR('',#14164,1.);
#14164 = DIRECTION('',(0.,0.,1.));
#14165 = ORIENTED_EDGE('',*,*,#4013,.F.);
#14166 = CYLINDRICAL_SURFACE('',#14167,0.499999422661);
#14167 = AXIS2_PLACEMENT_3D('',#14168,#14169,#14170);
#14168 = CARTESIAN_POINT('',(162.29102970448,-99.0394396699,0.));
#14169 = DIRECTION('',(-0.,-0.,-1.));
#14170 = DIRECTION('',(-0.901030449374,0.433755840654,0.));
#14171 = ADVANCED_FACE('',(#14172),#14183,.T.);
#14172 = FACE_BOUND('',#14173,.T.);
#14173 = EDGE_LOOP('',(#14174,#14180,#14181,#14182));
#14174 = ORIENTED_EDGE('',*,*,#14175,.T.);
#14175 = EDGE_CURVE('',#3953,#7755,#14176,.T.);
#14176 = LINE('',#14177,#14178);
#14177 = CARTESIAN_POINT('',(165.289998,-97.199999,0.));
#14178 = VECTOR('',#14179,1.);
#14179 = DIRECTION('',(0.,0.,1.));
#14180 = ORIENTED_EDGE('',*,*,#7754,.T.);
#14181 = ORIENTED_EDGE('',*,*,#14141,.F.);
#14182 = ORIENTED_EDGE('',*,*,#3952,.F.);
#14183 = CYLINDRICAL_SURFACE('',#14184,0.499989884978);
#14184 = AXIS2_PLACEMENT_3D('',#14185,#14186,#14187);
#14185 = CARTESIAN_POINT('',(165.78998788497,-97.19999807911,0.));
#14186 = DIRECTION('',(0.,0.,-1.));
#14187 = DIRECTION('',(-0.999999999998,-1.841808624623E-06,-0.));
#14188 = ADVANCED_FACE('',(#14189),#14200,.T.);
#14189 = FACE_BOUND('',#14190,.T.);
#14190 = EDGE_LOOP('',(#14191,#14192,#14193,#14199));
#14191 = ORIENTED_EDGE('',*,*,#14160,.T.);
#14192 = ORIENTED_EDGE('',*,*,#7806,.T.);
#14193 = ORIENTED_EDGE('',*,*,#14194,.F.);
#14194 = EDGE_CURVE('',#3997,#7799,#14195,.T.);
#14195 = LINE('',#14196,#14197);
#14196 = CARTESIAN_POINT('',(162.795546,-99.402841,0.));
#14197 = VECTOR('',#14198,1.);
#14198 = DIRECTION('',(0.,0.,1.));
#14199 = ORIENTED_EDGE('',*,*,#4004,.F.);
#14200 = CYLINDRICAL_SURFACE('',#14201,0.500008729288);
#14201 = AXIS2_PLACEMENT_3D('',#14202,#14203,#14204);
#14202 = CARTESIAN_POINT('',(162.79554865687,-99.90284972928,0.));
#14203 = DIRECTION('',(0.,0.,-1.));
#14204 = DIRECTION('',(-0.504512505685,0.863404384751,0.));
#14205 = ADVANCED_FACE('',(#14206),#14217,.T.);
#14206 = FACE_BOUND('',#14207,.T.);
#14207 = EDGE_LOOP('',(#14208,#14214,#14215,#14216));
#14208 = ORIENTED_EDGE('',*,*,#14209,.T.);
#14209 = EDGE_CURVE('',#3962,#7764,#14210,.T.);
#14210 = LINE('',#14211,#14212);
#14211 = CARTESIAN_POINT('',(165.289998,-98.605684,0.));
#14212 = VECTOR('',#14213,1.);
#14213 = DIRECTION('',(0.,0.,1.));
#14214 = ORIENTED_EDGE('',*,*,#7763,.T.);
#14215 = ORIENTED_EDGE('',*,*,#14175,.F.);
#14216 = ORIENTED_EDGE('',*,*,#3961,.F.);
#14217 = PLANE('',#14218);
#14218 = AXIS2_PLACEMENT_3D('',#14219,#14220,#14221);
#14219 = CARTESIAN_POINT('',(165.289998,-98.605684,0.));
#14220 = DIRECTION('',(-1.,0.,0.));
#14221 = DIRECTION('',(0.,1.,0.));
#14222 = ADVANCED_FACE('',(#14223),#14234,.T.);
#14223 = FACE_BOUND('',#14224,.T.);
#14224 = EDGE_LOOP('',(#14225,#14226,#14227,#14233));
#14225 = ORIENTED_EDGE('',*,*,#14194,.T.);
#14226 = ORIENTED_EDGE('',*,*,#7798,.T.);
#14227 = ORIENTED_EDGE('',*,*,#14228,.F.);
#14228 = EDGE_CURVE('',#3988,#7790,#14229,.T.);
#14229 = LINE('',#14230,#14231);
#14230 = CARTESIAN_POINT('',(164.384452,-99.402842,0.));
#14231 = VECTOR('',#14232,1.);
#14232 = DIRECTION('',(0.,0.,1.));
#14233 = ORIENTED_EDGE('',*,*,#3996,.F.);
#14234 = PLANE('',#14235);
#14235 = AXIS2_PLACEMENT_3D('',#14236,#14237,#14238);
#14236 = CARTESIAN_POINT('',(162.795546,-99.402841,0.));
#14237 = DIRECTION('',(6.293638589608E-07,1.,-0.));
#14238 = DIRECTION('',(1.,-6.293638589608E-07,0.));
#14239 = ADVANCED_FACE('',(#14240),#14251,.T.);
#14240 = FACE_BOUND('',#14241,.T.);
#14241 = EDGE_LOOP('',(#14242,#14248,#14249,#14250));
#14242 = ORIENTED_EDGE('',*,*,#14243,.T.);
#14243 = EDGE_CURVE('',#3970,#7772,#14244,.T.);
#14244 = LINE('',#14245,#14246);
#14245 = CARTESIAN_POINT('',(165.339483,-98.822562,0.));
#14246 = VECTOR('',#14247,1.);
#14247 = DIRECTION('',(0.,0.,1.));
#14248 = ORIENTED_EDGE('',*,*,#7771,.T.);
#14249 = ORIENTED_EDGE('',*,*,#14209,.F.);
#14250 = ORIENTED_EDGE('',*,*,#3969,.F.);
#14251 = CYLINDRICAL_SURFACE('',#14252,0.499989885034);
#14252 = AXIS2_PLACEMENT_3D('',#14253,#14254,#14255);
#14253 = CARTESIAN_POINT('',(165.78998788503,-98.60568592086,0.));
#14254 = DIRECTION('',(0.,0.,-1.));
#14255 = DIRECTION('',(-0.901027997796,-0.43376093322,-0.));
#14256 = ADVANCED_FACE('',(#14257),#14268,.T.);
#14257 = FACE_BOUND('',#14258,.T.);
#14258 = EDGE_LOOP('',(#14259,#14260,#14261,#14267));
#14259 = ORIENTED_EDGE('',*,*,#14228,.T.);
#14260 = ORIENTED_EDGE('',*,*,#7789,.T.);
#14261 = ORIENTED_EDGE('',*,*,#14262,.F.);
#14262 = EDGE_CURVE('',#3979,#7781,#14263,.T.);
#14263 = LINE('',#14264,#14265);
#14264 = CARTESIAN_POINT('',(164.63671,-99.471141,0.));
#14265 = VECTOR('',#14266,1.);
#14266 = DIRECTION('',(0.,0.,1.));
#14267 = ORIENTED_EDGE('',*,*,#3987,.F.);
#14268 = CYLINDRICAL_SURFACE('',#14269,0.500008729288);
#14269 = AXIS2_PLACEMENT_3D('',#14270,#14271,#14272);
#14270 = CARTESIAN_POINT('',(164.38444934312,-99.90285072928,0.));
#14271 = DIRECTION('',(0.,0.,-1.));
#14272 = DIRECTION('',(5.31366276793E-06,0.999999999986,0.));
#14273 = ADVANCED_FACE('',(#14274),#14280,.F.);
#14274 = FACE_BOUND('',#14275,.T.);
#14275 = EDGE_LOOP('',(#14276,#14277,#14278,#14279));
#14276 = ORIENTED_EDGE('',*,*,#14262,.T.);
#14277 = ORIENTED_EDGE('',*,*,#7780,.T.);
#14278 = ORIENTED_EDGE('',*,*,#14243,.F.);
#14279 = ORIENTED_EDGE('',*,*,#3978,.F.);
#14280 = CYLINDRICAL_SURFACE('',#14281,0.499999729127);
#14281 = AXIS2_PLACEMENT_3D('',#14282,#14283,#14284);
#14282 = CARTESIAN_POINT('',(164.88896825432,-99.03944029088,0.));
#14283 = DIRECTION('',(-0.,-0.,-1.));
#14284 = DIRECTION('',(-0.504516781969,-0.863401885979,0.));
#14285 = ADVANCED_FACE('',(#14286),#14297,.F.);
#14286 = FACE_BOUND('',#14287,.T.);
#14287 = EDGE_LOOP('',(#14288,#14289,#14295,#14296));
#14288 = ORIENTED_EDGE('',*,*,#4048,.T.);
#14289 = ORIENTED_EDGE('',*,*,#14290,.T.);
#14290 = EDGE_CURVE('',#4049,#7851,#14291,.T.);
#14291 = LINE('',#14292,#14293);
#14292 = CARTESIAN_POINT('',(148.63,-93.53,-4.6E-02));
#14293 = VECTOR('',#14294,1.);
#14294 = DIRECTION('',(0.,0.,1.));
#14295 = ORIENTED_EDGE('',*,*,#7850,.F.);
#14296 = ORIENTED_EDGE('',*,*,#14290,.F.);
#14297 = CYLINDRICAL_SURFACE('',#14298,0.85);
#14298 = AXIS2_PLACEMENT_3D('',#14299,#14300,#14301);
#14299 = CARTESIAN_POINT('',(148.63,-92.68,-4.6E-02));
#14300 = DIRECTION('',(-0.,-0.,-1.));
#14301 = DIRECTION('',(-0.,-1.,0.));
#14302 = ADVANCED_FACE('',(#14303),#14314,.F.);
#14303 = FACE_BOUND('',#14304,.T.);
#14304 = EDGE_LOOP('',(#14305,#14306,#14312,#14313));
#14305 = ORIENTED_EDGE('',*,*,#4059,.T.);
#14306 = ORIENTED_EDGE('',*,*,#14307,.T.);
#14307 = EDGE_CURVE('',#4060,#7862,#14308,.T.);
#14308 = LINE('',#14309,#14310);
#14309 = CARTESIAN_POINT('',(146.09,-88.35,-4.6E-02));
#14310 = VECTOR('',#14311,1.);
#14311 = DIRECTION('',(0.,0.,1.));
#14312 = ORIENTED_EDGE('',*,*,#7861,.F.);
#14313 = ORIENTED_EDGE('',*,*,#14307,.F.);
#14314 = CYLINDRICAL_SURFACE('',#14315,0.75);
#14315 = AXIS2_PLACEMENT_3D('',#14316,#14317,#14318);
#14316 = CARTESIAN_POINT('',(146.09,-87.6,-4.6E-02));
#14317 = DIRECTION('',(-0.,-0.,-1.));
#14318 = DIRECTION('',(-0.,-1.,0.));
#14319 = ADVANCED_FACE('',(#14320),#14331,.F.);
#14320 = FACE_BOUND('',#14321,.T.);
#14321 = EDGE_LOOP('',(#14322,#14323,#14329,#14330));
#14322 = ORIENTED_EDGE('',*,*,#4070,.T.);
#14323 = ORIENTED_EDGE('',*,*,#14324,.T.);
#14324 = EDGE_CURVE('',#4071,#7873,#14325,.T.);
#14325 = LINE('',#14326,#14327);
#14326 = CARTESIAN_POINT('',(158.47,-93.53,-4.6E-02));
#14327 = VECTOR('',#14328,1.);
#14328 = DIRECTION('',(0.,0.,1.));
#14329 = ORIENTED_EDGE('',*,*,#7872,.F.);
#14330 = ORIENTED_EDGE('',*,*,#14324,.F.);
#14331 = CYLINDRICAL_SURFACE('',#14332,0.85);
#14332 = AXIS2_PLACEMENT_3D('',#14333,#14334,#14335);
#14333 = CARTESIAN_POINT('',(158.47,-92.68,-4.6E-02));
#14334 = DIRECTION('',(-0.,-0.,-1.));
#14335 = DIRECTION('',(-0.,-1.,0.));
#14336 = ADVANCED_FACE('',(#14337),#14348,.F.);
#14337 = FACE_BOUND('',#14338,.T.);
#14338 = EDGE_LOOP('',(#14339,#14340,#14346,#14347));
#14339 = ORIENTED_EDGE('',*,*,#4081,.T.);
#14340 = ORIENTED_EDGE('',*,*,#14341,.T.);
#14341 = EDGE_CURVE('',#4082,#7884,#14342,.T.);
#14342 = LINE('',#14343,#14344);
#14343 = CARTESIAN_POINT('',(163.55,-94.68,-4.6E-02));
#14344 = VECTOR('',#14345,1.);
#14345 = DIRECTION('',(0.,0.,1.));
#14346 = ORIENTED_EDGE('',*,*,#7883,.F.);
#14347 = ORIENTED_EDGE('',*,*,#14341,.F.);
#14348 = CYLINDRICAL_SURFACE('',#14349,2.);
#14349 = AXIS2_PLACEMENT_3D('',#14350,#14351,#14352);
#14350 = CARTESIAN_POINT('',(163.55,-92.68,-4.6E-02));
#14351 = DIRECTION('',(-0.,-0.,-1.));
#14352 = DIRECTION('',(-0.,-1.,0.));
#14353 = ADVANCED_FACE('',(#14354),#14365,.F.);
#14354 = FACE_BOUND('',#14355,.T.);
#14355 = EDGE_LOOP('',(#14356,#14357,#14363,#14364));
#14356 = ORIENTED_EDGE('',*,*,#4092,.T.);
#14357 = ORIENTED_EDGE('',*,*,#14358,.T.);
#14358 = EDGE_CURVE('',#4093,#7895,#14359,.T.);
#14359 = LINE('',#14360,#14361);
#14360 = CARTESIAN_POINT('',(159.74,-90.89,-4.6E-02));
#14361 = VECTOR('',#14362,1.);
#14362 = DIRECTION('',(0.,0.,1.));
#14363 = ORIENTED_EDGE('',*,*,#7894,.F.);
#14364 = ORIENTED_EDGE('',*,*,#14358,.F.);
#14365 = CYLINDRICAL_SURFACE('',#14366,0.75);
#14366 = AXIS2_PLACEMENT_3D('',#14367,#14368,#14369);
#14367 = CARTESIAN_POINT('',(159.74,-90.14,-4.6E-02));
#14368 = DIRECTION('',(-0.,-0.,-1.));
#14369 = DIRECTION('',(-0.,-1.,0.));
#14370 = ADVANCED_FACE('',(#14371),#14382,.F.);
#14371 = FACE_BOUND('',#14372,.T.);
#14372 = EDGE_LOOP('',(#14373,#14374,#14380,#14381));
#14373 = ORIENTED_EDGE('',*,*,#4103,.T.);
#14374 = ORIENTED_EDGE('',*,*,#14375,.T.);
#14375 = EDGE_CURVE('',#4104,#7906,#14376,.T.);
#14376 = LINE('',#14377,#14378);
#14377 = CARTESIAN_POINT('',(166.09,-88.35,-4.6E-02));
#14378 = VECTOR('',#14379,1.);
#14379 = DIRECTION('',(0.,0.,1.));
#14380 = ORIENTED_EDGE('',*,*,#7905,.F.);
#14381 = ORIENTED_EDGE('',*,*,#14375,.F.);
#14382 = CYLINDRICAL_SURFACE('',#14383,0.75);
#14383 = AXIS2_PLACEMENT_3D('',#14384,#14385,#14386);
#14384 = CARTESIAN_POINT('',(166.09,-87.6,-4.6E-02));
#14385 = DIRECTION('',(-0.,-0.,-1.));
#14386 = DIRECTION('',(-0.,-1.,0.));
#14387 = ADVANCED_FACE('',(#14388),#14399,.F.);
#14388 = FACE_BOUND('',#14389,.T.);
#14389 = EDGE_LOOP('',(#14390,#14391,#14397,#14398));
#14390 = ORIENTED_EDGE('',*,*,#4114,.T.);
#14391 = ORIENTED_EDGE('',*,*,#14392,.T.);
#14392 = EDGE_CURVE('',#4115,#7917,#14393,.T.);
#14393 = LINE('',#14394,#14395);
#14394 = CARTESIAN_POINT('',(175.49,-106.8,-4.6E-02));
#14395 = VECTOR('',#14396,1.);
#14396 = DIRECTION('',(0.,0.,1.));
#14397 = ORIENTED_EDGE('',*,*,#7916,.F.);
#14398 = ORIENTED_EDGE('',*,*,#14392,.F.);
#14399 = CYLINDRICAL_SURFACE('',#14400,0.5);
#14400 = AXIS2_PLACEMENT_3D('',#14401,#14402,#14403);
#14401 = CARTESIAN_POINT('',(175.49,-106.3,-4.6E-02));
#14402 = DIRECTION('',(-0.,-0.,-1.));
#14403 = DIRECTION('',(-0.,-1.,0.));
#14404 = ADVANCED_FACE('',(#14405),#14416,.F.);
#14405 = FACE_BOUND('',#14406,.T.);
#14406 = EDGE_LOOP('',(#14407,#14408,#14414,#14415));
#14407 = ORIENTED_EDGE('',*,*,#4125,.T.);
#14408 = ORIENTED_EDGE('',*,*,#14409,.T.);
#14409 = EDGE_CURVE('',#4126,#7928,#14410,.T.);
#14410 = LINE('',#14411,#14412);
#14411 = CARTESIAN_POINT('',(175.49,-104.3,-4.6E-02));
#14412 = VECTOR('',#14413,1.);
#14413 = DIRECTION('',(0.,0.,1.));
#14414 = ORIENTED_EDGE('',*,*,#7927,.F.);
#14415 = ORIENTED_EDGE('',*,*,#14409,.F.);
#14416 = CYLINDRICAL_SURFACE('',#14417,0.5);
#14417 = AXIS2_PLACEMENT_3D('',#14418,#14419,#14420);
#14418 = CARTESIAN_POINT('',(175.49,-103.8,-4.6E-02));
#14419 = DIRECTION('',(-0.,-0.,-1.));
#14420 = DIRECTION('',(-0.,-1.,0.));
#14421 = ADVANCED_FACE('',(#14422),#14433,.F.);
#14422 = FACE_BOUND('',#14423,.T.);
#14423 = EDGE_LOOP('',(#14424,#14425,#14431,#14432));
#14424 = ORIENTED_EDGE('',*,*,#4136,.T.);
#14425 = ORIENTED_EDGE('',*,*,#14426,.T.);
#14426 = EDGE_CURVE('',#4137,#7939,#14427,.T.);
#14427 = LINE('',#14428,#14429);
#14428 = CARTESIAN_POINT('',(175.49,-101.8,-4.6E-02));
#14429 = VECTOR('',#14430,1.);
#14430 = DIRECTION('',(0.,0.,1.));
#14431 = ORIENTED_EDGE('',*,*,#7938,.F.);
#14432 = ORIENTED_EDGE('',*,*,#14426,.F.);
#14433 = CYLINDRICAL_SURFACE('',#14434,0.5);
#14434 = AXIS2_PLACEMENT_3D('',#14435,#14436,#14437);
#14435 = CARTESIAN_POINT('',(175.49,-101.3,-4.6E-02));
#14436 = DIRECTION('',(-0.,-0.,-1.));
#14437 = DIRECTION('',(-0.,-1.,0.));
#14438 = ADVANCED_FACE('',(#14439),#14450,.F.);
#14439 = FACE_BOUND('',#14440,.T.);
#14440 = EDGE_LOOP('',(#14441,#14442,#14448,#14449));
#14441 = ORIENTED_EDGE('',*,*,#4147,.T.);
#14442 = ORIENTED_EDGE('',*,*,#14443,.T.);
#14443 = EDGE_CURVE('',#4148,#7950,#14444,.T.);
#14444 = LINE('',#14445,#14446);
#14445 = CARTESIAN_POINT('',(189.99,-106.8,-4.6E-02));
#14446 = VECTOR('',#14447,1.);
#14447 = DIRECTION('',(0.,0.,1.));
#14448 = ORIENTED_EDGE('',*,*,#7949,.F.);
#14449 = ORIENTED_EDGE('',*,*,#14443,.F.);
#14450 = CYLINDRICAL_SURFACE('',#14451,0.5);
#14451 = AXIS2_PLACEMENT_3D('',#14452,#14453,#14454);
#14452 = CARTESIAN_POINT('',(189.99,-106.3,-4.6E-02));
#14453 = DIRECTION('',(-0.,-0.,-1.));
#14454 = DIRECTION('',(-0.,-1.,0.));
#14455 = ADVANCED_FACE('',(#14456),#14472,.F.);
#14456 = FACE_BOUND('',#14457,.T.);
#14457 = EDGE_LOOP('',(#14458,#14459,#14465,#14466));
#14458 = ORIENTED_EDGE('',*,*,#4158,.T.);
#14459 = ORIENTED_EDGE('',*,*,#14460,.T.);
#14460 = EDGE_CURVE('',#4161,#7963,#14461,.T.);
#14461 = LINE('',#14462,#14463);
#14462 = CARTESIAN_POINT('',(183.64,-98.95,-4.6E-02));
#14463 = VECTOR('',#14464,1.);
#14464 = DIRECTION('',(0.,0.,1.));
#14465 = ORIENTED_EDGE('',*,*,#7960,.F.);
#14466 = ORIENTED_EDGE('',*,*,#14467,.F.);
#14467 = EDGE_CURVE('',#4159,#7961,#14468,.T.);
#14468 = LINE('',#14469,#14470);
#14469 = CARTESIAN_POINT('',(183.64,-97.45,-4.6E-02));
#14470 = VECTOR('',#14471,1.);
#14471 = DIRECTION('',(0.,0.,1.));
#14472 = CYLINDRICAL_SURFACE('',#14473,0.75);
#14473 = AXIS2_PLACEMENT_3D('',#14474,#14475,#14476);
#14474 = CARTESIAN_POINT('',(183.64,-98.2,-4.6E-02));
#14475 = DIRECTION('',(-0.,-0.,-1.));
#14476 = DIRECTION('',(-0.,-1.,0.));
#14477 = ADVANCED_FACE('',(#14478),#14489,.T.);
#14478 = FACE_BOUND('',#14479,.T.);
#14479 = EDGE_LOOP('',(#14480,#14481,#14482,#14483));
#14480 = ORIENTED_EDGE('',*,*,#4186,.T.);
#14481 = ORIENTED_EDGE('',*,*,#14467,.T.);
#14482 = ORIENTED_EDGE('',*,*,#7988,.F.);
#14483 = ORIENTED_EDGE('',*,*,#14484,.F.);
#14484 = EDGE_CURVE('',#4178,#7980,#14485,.T.);
#14485 = LINE('',#14486,#14487);
#14486 = CARTESIAN_POINT('',(182.34,-97.45,-4.6E-02));
#14487 = VECTOR('',#14488,1.);
#14488 = DIRECTION('',(0.,0.,1.));
#14489 = PLANE('',#14490);
#14490 = AXIS2_PLACEMENT_3D('',#14491,#14492,#14493);
#14491 = CARTESIAN_POINT('',(183.64,-97.45,-4.6E-02));
#14492 = DIRECTION('',(0.,-1.,0.));
#14493 = DIRECTION('',(-1.,0.,0.));
#14494 = ADVANCED_FACE('',(#14495),#14506,.F.);
#14495 = FACE_BOUND('',#14496,.T.);
#14496 = EDGE_LOOP('',(#14497,#14498,#14499,#14500));
#14497 = ORIENTED_EDGE('',*,*,#4177,.T.);
#14498 = ORIENTED_EDGE('',*,*,#14484,.T.);
#14499 = ORIENTED_EDGE('',*,*,#7979,.F.);
#14500 = ORIENTED_EDGE('',*,*,#14501,.F.);
#14501 = EDGE_CURVE('',#4170,#7972,#14502,.T.);
#14502 = LINE('',#14503,#14504);
#14503 = CARTESIAN_POINT('',(182.34,-98.95,-4.6E-02));
#14504 = VECTOR('',#14505,1.);
#14505 = DIRECTION('',(0.,0.,1.));
#14506 = CYLINDRICAL_SURFACE('',#14507,0.75);
#14507 = AXIS2_PLACEMENT_3D('',#14508,#14509,#14510);
#14508 = CARTESIAN_POINT('',(182.34,-98.2,-4.6E-02));
#14509 = DIRECTION('',(-0.,0.,-1.));
#14510 = DIRECTION('',(0.,1.,0.));
#14511 = ADVANCED_FACE('',(#14512),#14518,.T.);
#14512 = FACE_BOUND('',#14513,.T.);
#14513 = EDGE_LOOP('',(#14514,#14515,#14516,#14517));
#14514 = ORIENTED_EDGE('',*,*,#4169,.T.);
#14515 = ORIENTED_EDGE('',*,*,#14501,.T.);
#14516 = ORIENTED_EDGE('',*,*,#7971,.F.);
#14517 = ORIENTED_EDGE('',*,*,#14460,.F.);
#14518 = PLANE('',#14519);
#14519 = AXIS2_PLACEMENT_3D('',#14520,#14521,#14522);
#14520 = CARTESIAN_POINT('',(182.34,-98.95,-4.6E-02));
#14521 = DIRECTION('',(0.,1.,0.));
#14522 = DIRECTION('',(1.,0.,0.));
#14523 = ADVANCED_FACE('',(#14524),#14535,.F.);
#14524 = FACE_BOUND('',#14525,.T.);
#14525 = EDGE_LOOP('',(#14526,#14527,#14533,#14534));
#14526 = ORIENTED_EDGE('',*,*,#4194,.T.);
#14527 = ORIENTED_EDGE('',*,*,#14528,.T.);
#14528 = EDGE_CURVE('',#4195,#7997,#14529,.T.);
#14529 = LINE('',#14530,#14531);
#14530 = CARTESIAN_POINT('',(189.99,-101.8,-4.6E-02));
#14531 = VECTOR('',#14532,1.);
#14532 = DIRECTION('',(0.,0.,1.));
#14533 = ORIENTED_EDGE('',*,*,#7996,.F.);
#14534 = ORIENTED_EDGE('',*,*,#14528,.F.);
#14535 = CYLINDRICAL_SURFACE('',#14536,0.5);
#14536 = AXIS2_PLACEMENT_3D('',#14537,#14538,#14539);
#14537 = CARTESIAN_POINT('',(189.99,-101.3,-4.6E-02));
#14538 = DIRECTION('',(-0.,-0.,-1.));
#14539 = DIRECTION('',(-0.,-1.,0.));
#14540 = ADVANCED_FACE('',(#14541),#14552,.F.);
#14541 = FACE_BOUND('',#14542,.T.);
#14542 = EDGE_LOOP('',(#14543,#14544,#14550,#14551));
#14543 = ORIENTED_EDGE('',*,*,#4205,.T.);
#14544 = ORIENTED_EDGE('',*,*,#14545,.T.);
#14545 = EDGE_CURVE('',#4206,#8008,#14546,.T.);
#14546 = LINE('',#14547,#14548);
#14547 = CARTESIAN_POINT('',(168.63,-93.53,-4.6E-02));
#14548 = VECTOR('',#14549,1.);
#14549 = DIRECTION('',(0.,0.,1.));
#14550 = ORIENTED_EDGE('',*,*,#8007,.F.);
#14551 = ORIENTED_EDGE('',*,*,#14545,.F.);
#14552 = CYLINDRICAL_SURFACE('',#14553,0.85);
#14553 = AXIS2_PLACEMENT_3D('',#14554,#14555,#14556);
#14554 = CARTESIAN_POINT('',(168.63,-92.68,-4.6E-02));
#14555 = DIRECTION('',(-0.,-0.,-1.));
#14556 = DIRECTION('',(-0.,-1.,0.));
#14557 = ADVANCED_FACE('',(#14558),#14569,.F.);
#14558 = FACE_BOUND('',#14559,.T.);
#14559 = EDGE_LOOP('',(#14560,#14561,#14567,#14568));
#14560 = ORIENTED_EDGE('',*,*,#4216,.T.);
#14561 = ORIENTED_EDGE('',*,*,#14562,.T.);
#14562 = EDGE_CURVE('',#4217,#8019,#14563,.T.);
#14563 = LINE('',#14564,#14565);
#14564 = CARTESIAN_POINT('',(147.4,-80.8,-4.6E-02));
#14565 = VECTOR('',#14566,1.);
#14566 = DIRECTION('',(0.,0.,1.));
#14567 = ORIENTED_EDGE('',*,*,#8018,.F.);
#14568 = ORIENTED_EDGE('',*,*,#14562,.F.);
#14569 = CYLINDRICAL_SURFACE('',#14570,0.4);
#14570 = AXIS2_PLACEMENT_3D('',#14571,#14572,#14573);
#14571 = CARTESIAN_POINT('',(147.4,-80.4,-4.6E-02));
#14572 = DIRECTION('',(-0.,-0.,-1.));
#14573 = DIRECTION('',(-0.,-1.,0.));
#14574 = ADVANCED_FACE('',(#14575),#14586,.F.);
#14575 = FACE_BOUND('',#14576,.T.);
#14576 = EDGE_LOOP('',(#14577,#14578,#14584,#14585));
#14577 = ORIENTED_EDGE('',*,*,#4227,.T.);
#14578 = ORIENTED_EDGE('',*,*,#14579,.T.);
#14579 = EDGE_CURVE('',#4228,#8030,#14580,.T.);
#14580 = LINE('',#14581,#14582);
#14581 = CARTESIAN_POINT('',(159.98,-81.,-4.6E-02));
#14582 = VECTOR('',#14583,1.);
#14583 = DIRECTION('',(0.,0.,1.));
#14584 = ORIENTED_EDGE('',*,*,#8029,.F.);
#14585 = ORIENTED_EDGE('',*,*,#14579,.F.);
#14586 = CYLINDRICAL_SURFACE('',#14587,0.4);
#14587 = AXIS2_PLACEMENT_3D('',#14588,#14589,#14590);
#14588 = CARTESIAN_POINT('',(159.98,-80.6,-4.6E-02));
#14589 = DIRECTION('',(-0.,-0.,-1.));
#14590 = DIRECTION('',(-7.105427357601E-14,-1.,0.));
#14591 = ADVANCED_FACE('',(#14592),#14603,.F.);
#14592 = FACE_BOUND('',#14593,.T.);
#14593 = EDGE_LOOP('',(#14594,#14595,#14601,#14602));
#14594 = ORIENTED_EDGE('',*,*,#4238,.T.);
#14595 = ORIENTED_EDGE('',*,*,#14596,.T.);
#14596 = EDGE_CURVE('',#4239,#8041,#14597,.T.);
#14597 = LINE('',#14598,#14599);
#14598 = CARTESIAN_POINT('',(148.63,-69.2,-4.6E-02));
#14599 = VECTOR('',#14600,1.);
#14600 = DIRECTION('',(0.,0.,1.));
#14601 = ORIENTED_EDGE('',*,*,#8040,.F.);
#14602 = ORIENTED_EDGE('',*,*,#14596,.F.);
#14603 = CYLINDRICAL_SURFACE('',#14604,0.85);
#14604 = AXIS2_PLACEMENT_3D('',#14605,#14606,#14607);
#14605 = CARTESIAN_POINT('',(148.63,-68.35,-4.6E-02));
#14606 = DIRECTION('',(-0.,-0.,-1.));
#14607 = DIRECTION('',(-0.,-1.,0.));
#14608 = ADVANCED_FACE('',(#14609),#14620,.F.);
#14609 = FACE_BOUND('',#14610,.T.);
#14610 = EDGE_LOOP('',(#14611,#14612,#14618,#14619));
#14611 = ORIENTED_EDGE('',*,*,#4249,.T.);
#14612 = ORIENTED_EDGE('',*,*,#14613,.T.);
#14613 = EDGE_CURVE('',#4250,#8052,#14614,.T.);
#14614 = LINE('',#14615,#14616);
#14615 = CARTESIAN_POINT('',(146.09,-64.02,-4.6E-02));
#14616 = VECTOR('',#14617,1.);
#14617 = DIRECTION('',(0.,0.,1.));
#14618 = ORIENTED_EDGE('',*,*,#8051,.F.);
#14619 = ORIENTED_EDGE('',*,*,#14613,.F.);
#14620 = CYLINDRICAL_SURFACE('',#14621,0.75);
#14621 = AXIS2_PLACEMENT_3D('',#14622,#14623,#14624);
#14622 = CARTESIAN_POINT('',(146.09,-63.27,-4.6E-02));
#14623 = DIRECTION('',(-0.,-0.,-1.));
#14624 = DIRECTION('',(-0.,-1.,0.));
#14625 = ADVANCED_FACE('',(#14626),#14637,.F.);
#14626 = FACE_BOUND('',#14627,.T.);
#14627 = EDGE_LOOP('',(#14628,#14629,#14635,#14636));
#14628 = ORIENTED_EDGE('',*,*,#4260,.T.);
#14629 = ORIENTED_EDGE('',*,*,#14630,.T.);
#14630 = EDGE_CURVE('',#4261,#8063,#14631,.T.);
#14631 = LINE('',#14632,#14633);
#14632 = CARTESIAN_POINT('',(158.47,-69.2,-4.6E-02));
#14633 = VECTOR('',#14634,1.);
#14634 = DIRECTION('',(0.,0.,1.));
#14635 = ORIENTED_EDGE('',*,*,#8062,.F.);
#14636 = ORIENTED_EDGE('',*,*,#14630,.F.);
#14637 = CYLINDRICAL_SURFACE('',#14638,0.85);
#14638 = AXIS2_PLACEMENT_3D('',#14639,#14640,#14641);
#14639 = CARTESIAN_POINT('',(158.47,-68.35,-4.6E-02));
#14640 = DIRECTION('',(-0.,-0.,-1.));
#14641 = DIRECTION('',(-0.,-1.,0.));
#14642 = ADVANCED_FACE('',(#14643),#14659,.F.);
#14643 = FACE_BOUND('',#14644,.T.);
#14644 = EDGE_LOOP('',(#14645,#14651,#14652,#14658));
#14645 = ORIENTED_EDGE('',*,*,#14646,.T.);
#14646 = EDGE_CURVE('',#4272,#8074,#14647,.T.);
#14647 = LINE('',#14648,#14649);
#14648 = CARTESIAN_POINT('',(162.543288,-71.934543,0.));
#14649 = VECTOR('',#14650,1.);
#14650 = DIRECTION('',(0.,0.,1.));
#14651 = ORIENTED_EDGE('',*,*,#8073,.T.);
#14652 = ORIENTED_EDGE('',*,*,#14653,.F.);
#14653 = EDGE_CURVE('',#4274,#8076,#14654,.T.);
#14654 = LINE('',#14655,#14656);
#14655 = CARTESIAN_POINT('',(161.840515,-72.583122,0.));
#14656 = VECTOR('',#14657,1.);
#14657 = DIRECTION('',(0.,0.,1.));
#14658 = ORIENTED_EDGE('',*,*,#4271,.F.);
#14659 = CYLINDRICAL_SURFACE('',#14660,0.499999448976);
#14660 = AXIS2_PLACEMENT_3D('',#14661,#14662,#14663);
#14661 = CARTESIAN_POINT('',(162.29102909571,-72.36624300484,0.));
#14662 = DIRECTION('',(-0.,-0.,-1.));
#14663 = DIRECTION('',(0.504518364574,0.863400961204,-0.));
#14664 = ADVANCED_FACE('',(#14665),#14676,.T.);
#14665 = FACE_BOUND('',#14666,.T.);
#14666 = EDGE_LOOP('',(#14667,#14673,#14674,#14675));
#14667 = ORIENTED_EDGE('',*,*,#14668,.T.);
#14668 = EDGE_CURVE('',#4283,#8085,#14669,.T.);
#14669 = LINE('',#14670,#14671);
#14670 = CARTESIAN_POINT('',(162.795547,-72.002842,0.));
#14671 = VECTOR('',#14672,1.);
#14672 = DIRECTION('',(0.,0.,1.));
#14673 = ORIENTED_EDGE('',*,*,#8084,.T.);
#14674 = ORIENTED_EDGE('',*,*,#14646,.F.);
#14675 = ORIENTED_EDGE('',*,*,#4282,.F.);
#14676 = CYLINDRICAL_SURFACE('',#14677,0.500008729226);
#14677 = AXIS2_PLACEMENT_3D('',#14678,#14679,#14680);
#14678 = CARTESIAN_POINT('',(162.79554865685,-71.50283327077,0.));
#14679 = DIRECTION('',(0.,0.,-1.));
#14680 = DIRECTION('',(-3.313649260187E-06,-0.999999999995,-0.));
#14681 = ADVANCED_FACE('',(#14682),#14693,.T.);
#14682 = FACE_BOUND('',#14683,.T.);
#14683 = EDGE_LOOP('',(#14684,#14685,#14686,#14692));
#14684 = ORIENTED_EDGE('',*,*,#14653,.T.);
#14685 = ORIENTED_EDGE('',*,*,#8206,.T.);
#14686 = ORIENTED_EDGE('',*,*,#14687,.F.);
#14687 = EDGE_CURVE('',#4397,#8199,#14688,.T.);
#14688 = LINE('',#14689,#14690);
#14689 = CARTESIAN_POINT('',(161.89,-72.8,0.));
#14690 = VECTOR('',#14691,1.);
#14691 = DIRECTION('',(0.,0.,1.));
#14692 = ORIENTED_EDGE('',*,*,#4404,.F.);
#14693 = CYLINDRICAL_SURFACE('',#14694,0.499989885034);
#14694 = AXIS2_PLACEMENT_3D('',#14695,#14696,#14697);
#14695 = CARTESIAN_POINT('',(161.39001011497,-72.79999807913,0.));
#14696 = DIRECTION('',(0.,0.,-1.));
#14697 = DIRECTION('',(0.901027997796,0.43376093322,0.));
#14698 = ADVANCED_FACE('',(#14699),#14710,.T.);
#14699 = FACE_BOUND('',#14700,.T.);
#14700 = EDGE_LOOP('',(#14701,#14707,#14708,#14709));
#14701 = ORIENTED_EDGE('',*,*,#14702,.T.);
#14702 = EDGE_CURVE('',#4292,#8094,#14703,.T.);
#14703 = LINE('',#14704,#14705);
#14704 = CARTESIAN_POINT('',(164.384451,-72.002842,0.));
#14705 = VECTOR('',#14706,1.);
#14706 = DIRECTION('',(0.,0.,1.));
#14707 = ORIENTED_EDGE('',*,*,#8093,.T.);
#14708 = ORIENTED_EDGE('',*,*,#14668,.F.);
#14709 = ORIENTED_EDGE('',*,*,#4291,.F.);
#14710 = PLANE('',#14711);
#14711 = AXIS2_PLACEMENT_3D('',#14712,#14713,#14714);
#14712 = CARTESIAN_POINT('',(164.384451,-72.002842,0.));
#14713 = DIRECTION('',(0.,-1.,0.));
#14714 = DIRECTION('',(-1.,0.,0.));
#14715 = ADVANCED_FACE('',(#14716),#14727,.T.);
#14716 = FACE_BOUND('',#14717,.T.);
#14717 = EDGE_LOOP('',(#14718,#14719,#14720,#14726));
#14718 = ORIENTED_EDGE('',*,*,#14687,.T.);
#14719 = ORIENTED_EDGE('',*,*,#8198,.T.);
#14720 = ORIENTED_EDGE('',*,*,#14721,.F.);
#14721 = EDGE_CURVE('',#4388,#8190,#14722,.T.);
#14722 = LINE('',#14723,#14724);
#14723 = CARTESIAN_POINT('',(161.89,-74.205684,0.));
#14724 = VECTOR('',#14725,1.);
#14725 = DIRECTION('',(0.,0.,1.));
#14726 = ORIENTED_EDGE('',*,*,#4396,.F.);
#14727 = PLANE('',#14728);
#14728 = AXIS2_PLACEMENT_3D('',#14729,#14730,#14731);
#14729 = CARTESIAN_POINT('',(161.89,-72.8,0.));
#14730 = DIRECTION('',(1.,0.,-0.));
#14731 = DIRECTION('',(0.,-1.,0.));
#14732 = ADVANCED_FACE('',(#14733),#14744,.T.);
#14733 = FACE_BOUND('',#14734,.T.);
#14734 = EDGE_LOOP('',(#14735,#14741,#14742,#14743));
#14735 = ORIENTED_EDGE('',*,*,#14736,.T.);
#14736 = EDGE_CURVE('',#4300,#8102,#14737,.T.);
#14737 = LINE('',#14738,#14739);
#14738 = CARTESIAN_POINT('',(164.636709,-71.934543,0.));
#14739 = VECTOR('',#14740,1.);
#14740 = DIRECTION('',(0.,0.,1.));
#14741 = ORIENTED_EDGE('',*,*,#8101,.T.);
#14742 = ORIENTED_EDGE('',*,*,#14702,.F.);
#14743 = ORIENTED_EDGE('',*,*,#4299,.F.);
#14744 = CYLINDRICAL_SURFACE('',#14745,0.500008729288);
#14745 = AXIS2_PLACEMENT_3D('',#14746,#14747,#14748);
#14746 = CARTESIAN_POINT('',(164.38444834312,-71.50283327071,0.));
#14747 = DIRECTION('',(0.,0.,-1.));
#14748 = DIRECTION('',(0.504512505685,-0.863404384751,0.));
#14749 = ADVANCED_FACE('',(#14750),#14761,.T.);
#14750 = FACE_BOUND('',#14751,.T.);
#14751 = EDGE_LOOP('',(#14752,#14753,#14754,#14760));
#14752 = ORIENTED_EDGE('',*,*,#14721,.T.);
#14753 = ORIENTED_EDGE('',*,*,#8189,.T.);
#14754 = ORIENTED_EDGE('',*,*,#14755,.F.);
#14755 = EDGE_CURVE('',#4379,#8181,#14756,.T.);
#14756 = LINE('',#14757,#14758);
#14757 = CARTESIAN_POINT('',(161.840515,-74.422562,0.));
#14758 = VECTOR('',#14759,1.);
#14759 = DIRECTION('',(0.,0.,1.));
#14760 = ORIENTED_EDGE('',*,*,#4387,.F.);
#14761 = CYLINDRICAL_SURFACE('',#14762,0.499989885034);
#14762 = AXIS2_PLACEMENT_3D('',#14763,#14764,#14765);
#14763 = CARTESIAN_POINT('',(161.39001011497,-74.20568592086,0.));
#14764 = DIRECTION('',(0.,0.,-1.));
#14765 = DIRECTION('',(0.999999999993,3.841811733168E-06,0.));
#14766 = ADVANCED_FACE('',(#14767),#14778,.F.);
#14767 = FACE_BOUND('',#14768,.T.);
#14768 = EDGE_LOOP('',(#14769,#14775,#14776,#14777));
#14769 = ORIENTED_EDGE('',*,*,#14770,.T.);
#14770 = EDGE_CURVE('',#4309,#8111,#14771,.T.);
#14771 = LINE('',#14772,#14773);
#14772 = CARTESIAN_POINT('',(165.339483,-72.583122,0.));
#14773 = VECTOR('',#14774,1.);
#14774 = DIRECTION('',(0.,0.,1.));
#14775 = ORIENTED_EDGE('',*,*,#8110,.T.);
#14776 = ORIENTED_EDGE('',*,*,#14736,.F.);
#14777 = ORIENTED_EDGE('',*,*,#4308,.F.);
#14778 = CYLINDRICAL_SURFACE('',#14779,0.500000669307);
#14779 = AXIS2_PLACEMENT_3D('',#14780,#14781,#14782);
#14780 = CARTESIAN_POINT('',(164.88896646449,-72.36624525956,0.));
#14781 = DIRECTION('',(-0.,-0.,-1.));
#14782 = DIRECTION('',(0.901031864884,-0.433752900236,0.));
#14783 = ADVANCED_FACE('',(#14784),#14795,.F.);
#14784 = FACE_BOUND('',#14785,.T.);
#14785 = EDGE_LOOP('',(#14786,#14787,#14788,#14794));
#14786 = ORIENTED_EDGE('',*,*,#14755,.T.);
#14787 = ORIENTED_EDGE('',*,*,#8180,.T.);
#14788 = ORIENTED_EDGE('',*,*,#14789,.F.);
#14789 = EDGE_CURVE('',#4370,#8172,#14790,.T.);
#14790 = LINE('',#14791,#14792);
#14791 = CARTESIAN_POINT('',(162.543288,-75.07114,0.));
#14792 = VECTOR('',#14793,1.);
#14793 = DIRECTION('',(0.,0.,1.));
#14794 = ORIENTED_EDGE('',*,*,#4378,.F.);
#14795 = CYLINDRICAL_SURFACE('',#14796,0.499999422661);
#14796 = AXIS2_PLACEMENT_3D('',#14797,#14798,#14799);
#14797 = CARTESIAN_POINT('',(162.29102970448,-74.6394396699,0.));
#14798 = DIRECTION('',(-0.,-0.,-1.));
#14799 = DIRECTION('',(-0.901030449374,0.433755840654,0.));
#14800 = ADVANCED_FACE('',(#14801),#14812,.T.);
#14801 = FACE_BOUND('',#14802,.T.);
#14802 = EDGE_LOOP('',(#14803,#14809,#14810,#14811));
#14803 = ORIENTED_EDGE('',*,*,#14804,.T.);
#14804 = EDGE_CURVE('',#4318,#8120,#14805,.T.);
#14805 = LINE('',#14806,#14807);
#14806 = CARTESIAN_POINT('',(165.289998,-72.799999,0.));
#14807 = VECTOR('',#14808,1.);
#14808 = DIRECTION('',(0.,0.,1.));
#14809 = ORIENTED_EDGE('',*,*,#8119,.T.);
#14810 = ORIENTED_EDGE('',*,*,#14770,.F.);
#14811 = ORIENTED_EDGE('',*,*,#4317,.F.);
#14812 = CYLINDRICAL_SURFACE('',#14813,0.499989884978);
#14813 = AXIS2_PLACEMENT_3D('',#14814,#14815,#14816);
#14814 = CARTESIAN_POINT('',(165.78998788497,-72.79999807911,0.));
#14815 = DIRECTION('',(0.,0.,-1.));
#14816 = DIRECTION('',(-0.999999999998,-1.841808653046E-06,-0.));
#14817 = ADVANCED_FACE('',(#14818),#14829,.T.);
#14818 = FACE_BOUND('',#14819,.T.);
#14819 = EDGE_LOOP('',(#14820,#14821,#14822,#14828));
#14820 = ORIENTED_EDGE('',*,*,#14789,.T.);
#14821 = ORIENTED_EDGE('',*,*,#8171,.T.);
#14822 = ORIENTED_EDGE('',*,*,#14823,.F.);
#14823 = EDGE_CURVE('',#4362,#8164,#14824,.T.);
#14824 = LINE('',#14825,#14826);
#14825 = CARTESIAN_POINT('',(162.795546,-75.002841,0.));
#14826 = VECTOR('',#14827,1.);
#14827 = DIRECTION('',(0.,0.,1.));
#14828 = ORIENTED_EDGE('',*,*,#4369,.F.);
#14829 = CYLINDRICAL_SURFACE('',#14830,0.500008729288);
#14830 = AXIS2_PLACEMENT_3D('',#14831,#14832,#14833);
#14831 = CARTESIAN_POINT('',(162.79554865687,-75.50284972928,0.));
#14832 = DIRECTION('',(0.,0.,-1.));
#14833 = DIRECTION('',(-0.504512505685,0.863404384751,0.));
#14834 = ADVANCED_FACE('',(#14835),#14846,.T.);
#14835 = FACE_BOUND('',#14836,.T.);
#14836 = EDGE_LOOP('',(#14837,#14843,#14844,#14845));
#14837 = ORIENTED_EDGE('',*,*,#14838,.T.);
#14838 = EDGE_CURVE('',#4327,#8129,#14839,.T.);
#14839 = LINE('',#14840,#14841);
#14840 = CARTESIAN_POINT('',(165.289998,-74.205684,0.));
#14841 = VECTOR('',#14842,1.);
#14842 = DIRECTION('',(0.,0.,1.));
#14843 = ORIENTED_EDGE('',*,*,#8128,.T.);
#14844 = ORIENTED_EDGE('',*,*,#14804,.F.);
#14845 = ORIENTED_EDGE('',*,*,#4326,.F.);
#14846 = PLANE('',#14847);
#14847 = AXIS2_PLACEMENT_3D('',#14848,#14849,#14850);
#14848 = CARTESIAN_POINT('',(165.289998,-74.205684,0.));
#14849 = DIRECTION('',(-1.,0.,0.));
#14850 = DIRECTION('',(0.,1.,0.));
#14851 = ADVANCED_FACE('',(#14852),#14863,.T.);
#14852 = FACE_BOUND('',#14853,.T.);
#14853 = EDGE_LOOP('',(#14854,#14855,#14856,#14862));
#14854 = ORIENTED_EDGE('',*,*,#14823,.T.);
#14855 = ORIENTED_EDGE('',*,*,#8163,.T.);
#14856 = ORIENTED_EDGE('',*,*,#14857,.F.);
#14857 = EDGE_CURVE('',#4353,#8155,#14858,.T.);
#14858 = LINE('',#14859,#14860);
#14859 = CARTESIAN_POINT('',(164.384452,-75.002842,0.));
#14860 = VECTOR('',#14861,1.);
#14861 = DIRECTION('',(0.,0.,1.));
#14862 = ORIENTED_EDGE('',*,*,#4361,.F.);
#14863 = PLANE('',#14864);
#14864 = AXIS2_PLACEMENT_3D('',#14865,#14866,#14867);
#14865 = CARTESIAN_POINT('',(162.795546,-75.002841,0.));
#14866 = DIRECTION('',(6.29363850017E-07,1.,-0.));
#14867 = DIRECTION('',(1.,-6.29363850017E-07,0.));
#14868 = ADVANCED_FACE('',(#14869),#14880,.T.);
#14869 = FACE_BOUND('',#14870,.T.);
#14870 = EDGE_LOOP('',(#14871,#14877,#14878,#14879));
#14871 = ORIENTED_EDGE('',*,*,#14872,.T.);
#14872 = EDGE_CURVE('',#4335,#8137,#14873,.T.);
#14873 = LINE('',#14874,#14875);
#14874 = CARTESIAN_POINT('',(165.339483,-74.422562,0.));
#14875 = VECTOR('',#14876,1.);
#14876 = DIRECTION('',(0.,0.,1.));
#14877 = ORIENTED_EDGE('',*,*,#8136,.T.);
#14878 = ORIENTED_EDGE('',*,*,#14838,.F.);
#14879 = ORIENTED_EDGE('',*,*,#4334,.F.);
#14880 = CYLINDRICAL_SURFACE('',#14881,0.499989885034);
#14881 = AXIS2_PLACEMENT_3D('',#14882,#14883,#14884);
#14882 = CARTESIAN_POINT('',(165.78998788503,-74.20568592086,0.));
#14883 = DIRECTION('',(0.,0.,-1.));
#14884 = DIRECTION('',(-0.901027997796,-0.43376093322,-0.));
#14885 = ADVANCED_FACE('',(#14886),#14897,.T.);
#14886 = FACE_BOUND('',#14887,.T.);
#14887 = EDGE_LOOP('',(#14888,#14889,#14890,#14896));
#14888 = ORIENTED_EDGE('',*,*,#14857,.T.);
#14889 = ORIENTED_EDGE('',*,*,#8154,.T.);
#14890 = ORIENTED_EDGE('',*,*,#14891,.F.);
#14891 = EDGE_CURVE('',#4344,#8146,#14892,.T.);
#14892 = LINE('',#14893,#14894);
#14893 = CARTESIAN_POINT('',(164.63671,-75.071141,0.));
#14894 = VECTOR('',#14895,1.);
#14895 = DIRECTION('',(0.,0.,1.));
#14896 = ORIENTED_EDGE('',*,*,#4352,.F.);
#14897 = CYLINDRICAL_SURFACE('',#14898,0.500008729288);
#14898 = AXIS2_PLACEMENT_3D('',#14899,#14900,#14901);
#14899 = CARTESIAN_POINT('',(164.38444934312,-75.50285072928,0.));
#14900 = DIRECTION('',(0.,0.,-1.));
#14901 = DIRECTION('',(5.31366276793E-06,0.999999999986,0.));
#14902 = ADVANCED_FACE('',(#14903),#14909,.F.);
#14903 = FACE_BOUND('',#14904,.T.);
#14904 = EDGE_LOOP('',(#14905,#14906,#14907,#14908));
#14905 = ORIENTED_EDGE('',*,*,#14891,.T.);
#14906 = ORIENTED_EDGE('',*,*,#8145,.T.);
#14907 = ORIENTED_EDGE('',*,*,#14872,.F.);
#14908 = ORIENTED_EDGE('',*,*,#4343,.F.);
#14909 = CYLINDRICAL_SURFACE('',#14910,0.499999729127);
#14910 = AXIS2_PLACEMENT_3D('',#14911,#14912,#14913);
#14911 = CARTESIAN_POINT('',(164.88896825432,-74.63944029088,0.));
#14912 = DIRECTION('',(-0.,-0.,-1.));
#14913 = DIRECTION('',(-0.504516781969,-0.863401885979,0.));
#14914 = ADVANCED_FACE('',(#14915),#14926,.F.);
#14915 = FACE_BOUND('',#14916,.T.);
#14916 = EDGE_LOOP('',(#14917,#14918,#14924,#14925));
#14917 = ORIENTED_EDGE('',*,*,#4413,.T.);
#14918 = ORIENTED_EDGE('',*,*,#14919,.T.);
#14919 = EDGE_CURVE('',#4414,#8216,#14920,.T.);
#14920 = LINE('',#14921,#14922);
#14921 = CARTESIAN_POINT('',(163.55,-70.35,-4.6E-02));
#14922 = VECTOR('',#14923,1.);
#14923 = DIRECTION('',(0.,0.,1.));
#14924 = ORIENTED_EDGE('',*,*,#8215,.F.);
#14925 = ORIENTED_EDGE('',*,*,#14919,.F.);
#14926 = CYLINDRICAL_SURFACE('',#14927,2.);
#14927 = AXIS2_PLACEMENT_3D('',#14928,#14929,#14930);
#14928 = CARTESIAN_POINT('',(163.55,-68.35,-4.6E-02));
#14929 = DIRECTION('',(-0.,-0.,-1.));
#14930 = DIRECTION('',(-0.,-1.,0.));
#14931 = ADVANCED_FACE('',(#14932),#14943,.F.);
#14932 = FACE_BOUND('',#14933,.T.);
#14933 = EDGE_LOOP('',(#14934,#14935,#14941,#14942));
#14934 = ORIENTED_EDGE('',*,*,#4424,.T.);
#14935 = ORIENTED_EDGE('',*,*,#14936,.T.);
#14936 = EDGE_CURVE('',#4425,#8227,#14937,.T.);
#14937 = LINE('',#14938,#14939);
#14938 = CARTESIAN_POINT('',(159.74,-66.56,-4.6E-02));
#14939 = VECTOR('',#14940,1.);
#14940 = DIRECTION('',(0.,0.,1.));
#14941 = ORIENTED_EDGE('',*,*,#8226,.F.);
#14942 = ORIENTED_EDGE('',*,*,#14936,.F.);
#14943 = CYLINDRICAL_SURFACE('',#14944,0.75);
#14944 = AXIS2_PLACEMENT_3D('',#14945,#14946,#14947);
#14945 = CARTESIAN_POINT('',(159.74,-65.81,-4.6E-02));
#14946 = DIRECTION('',(-0.,-0.,-1.));
#14947 = DIRECTION('',(-0.,-1.,0.));
#14948 = ADVANCED_FACE('',(#14949),#14960,.F.);
#14949 = FACE_BOUND('',#14950,.T.);
#14950 = EDGE_LOOP('',(#14951,#14952,#14958,#14959));
#14951 = ORIENTED_EDGE('',*,*,#4435,.T.);
#14952 = ORIENTED_EDGE('',*,*,#14953,.T.);
#14953 = EDGE_CURVE('',#4436,#8238,#14954,.T.);
#14954 = LINE('',#14955,#14956);
#14955 = CARTESIAN_POINT('',(166.09,-64.02,-4.6E-02));
#14956 = VECTOR('',#14957,1.);
#14957 = DIRECTION('',(0.,0.,1.));
#14958 = ORIENTED_EDGE('',*,*,#8237,.F.);
#14959 = ORIENTED_EDGE('',*,*,#14953,.F.);
#14960 = CYLINDRICAL_SURFACE('',#14961,0.75);
#14961 = AXIS2_PLACEMENT_3D('',#14962,#14963,#14964);
#14962 = CARTESIAN_POINT('',(166.09,-63.27,-4.6E-02));
#14963 = DIRECTION('',(-0.,-0.,-1.));
#14964 = DIRECTION('',(-0.,-1.,0.));
#14965 = ADVANCED_FACE('',(#14966),#14977,.F.);
#14966 = FACE_BOUND('',#14967,.T.);
#14967 = EDGE_LOOP('',(#14968,#14969,#14975,#14976));
#14968 = ORIENTED_EDGE('',*,*,#4446,.T.);
#14969 = ORIENTED_EDGE('',*,*,#14970,.T.);
#14970 = EDGE_CURVE('',#4447,#8249,#14971,.T.);
#14971 = LINE('',#14972,#14973);
#14972 = CARTESIAN_POINT('',(167.6,-81.,-4.6E-02));
#14973 = VECTOR('',#14974,1.);
#14974 = DIRECTION('',(0.,0.,1.));
#14975 = ORIENTED_EDGE('',*,*,#8248,.F.);
#14976 = ORIENTED_EDGE('',*,*,#14970,.F.);
#14977 = CYLINDRICAL_SURFACE('',#14978,0.4);
#14978 = AXIS2_PLACEMENT_3D('',#14979,#14980,#14981);
#14979 = CARTESIAN_POINT('',(167.6,-80.6,-4.6E-02));
#14980 = DIRECTION('',(-0.,-0.,-1.));
#14981 = DIRECTION('',(-0.,-1.,0.));
#14982 = ADVANCED_FACE('',(#14983),#14994,.F.);
#14983 = FACE_BOUND('',#14984,.T.);
#14984 = EDGE_LOOP('',(#14985,#14986,#14992,#14993));
#14985 = ORIENTED_EDGE('',*,*,#4457,.T.);
#14986 = ORIENTED_EDGE('',*,*,#14987,.T.);
#14987 = EDGE_CURVE('',#4458,#8260,#14988,.T.);
#14988 = LINE('',#14989,#14990);
#14989 = CARTESIAN_POINT('',(168.63,-69.2,-4.6E-02));
#14990 = VECTOR('',#14991,1.);
#14991 = DIRECTION('',(0.,0.,1.));
#14992 = ORIENTED_EDGE('',*,*,#8259,.F.);
#14993 = ORIENTED_EDGE('',*,*,#14987,.F.);
#14994 = CYLINDRICAL_SURFACE('',#14995,0.85);
#14995 = AXIS2_PLACEMENT_3D('',#14996,#14997,#14998);
#14996 = CARTESIAN_POINT('',(168.63,-68.35,-4.6E-02));
#14997 = DIRECTION('',(-0.,-0.,-1.));
#14998 = DIRECTION('',(-0.,-1.,0.));
#14999 = ( GEOMETRIC_REPRESENTATION_CONTEXT(3) 
GLOBAL_UNCERTAINTY_ASSIGNED_CONTEXT((#15003)) 
GLOBAL_UNIT_ASSIGNED_CONTEXT((#15000,#15001,#15002)) 
REPRESENTATION_CONTEXT('Context #1',
  '3D Context with UNIT and UNCERTAINTY') );
#15000 = ( LENGTH_UNIT() NAMED_UNIT(*) SI_UNIT(.MILLI.,.METRE.) );
#15001 = ( NAMED_UNIT(*) PLANE_ANGLE_UNIT() SI_UNIT($,.RADIAN.) );
#15002 = ( NAMED_UNIT(*) SI_UNIT($,.STERADIAN.) SOLID_ANGLE_UNIT() );
#15003 = UNCERTAINTY_MEASURE_WITH_UNIT(LENGTH_MEASURE(1.E-07),#15000,
  'distance_accuracy_value','confusion accuracy');
#15004 = CONTEXT_DEPENDENT_SHAPE_REPRESENTATION(#15005,#15007);
#15005 = ( REPRESENTATION_RELATIONSHIP('','',#563,#10) 
REPRESENTATION_RELATIONSHIP_WITH_TRANSFORMATION(#15006) 
SHAPE_REPRESENTATION_RELATIONSHIP() );
#15006 = ITEM_DEFINED_TRANSFORMATION('','',#11,#79);
#15007 = PRODUCT_DEFINITION_SHAPE('Placement','Placement of an item',
  #15008);
#15008 = NEXT_ASSEMBLY_USAGE_OCCURRENCE('18','=>[0:1:1:4]','',#5,#558,$
  );
#15009 = PRODUCT_RELATED_PRODUCT_CATEGORY('part',$,(#560));
#15010 = MECHANICAL_DESIGN_GEOMETRIC_PRESENTATION_REPRESENTATION('',(
    #15011,#15019,#15026,#15033,#15040,#15047,#15054,#15061,#15069,
    #15076,#15083,#15091,#15098,#15105,#15112,#15119),#470);
#15011 = STYLED_ITEM('color',(#15012),#122);
#15012 = PRESENTATION_STYLE_ASSIGNMENT((#15013));
#15013 = SURFACE_STYLE_USAGE(.BOTH.,#15014);
#15014 = SURFACE_SIDE_STYLE('',(#15015));
#15015 = SURFACE_STYLE_FILL_AREA(#15016);
#15016 = FILL_AREA_STYLE('',(#15017));
#15017 = FILL_AREA_STYLE_COLOUR('',#15018);
#15018 = COLOUR_RGB('',0.823999987314,0.819999987296,0.781000009244);
#15019 = STYLED_ITEM('color',(#15020),#155);
#15020 = PRESENTATION_STYLE_ASSIGNMENT((#15021));
#15021 = SURFACE_STYLE_USAGE(.BOTH.,#15022);
#15022 = SURFACE_SIDE_STYLE('',(#15023));
#15023 = SURFACE_STYLE_FILL_AREA(#15024);
#15024 = FILL_AREA_STYLE('',(#15025));
#15025 = FILL_AREA_STYLE_COLOUR('',#15018);
#15026 = STYLED_ITEM('color',(#15027),#181);
#15027 = PRESENTATION_STYLE_ASSIGNMENT((#15028));
#15028 = SURFACE_STYLE_USAGE(.BOTH.,#15029);
#15029 = SURFACE_SIDE_STYLE('',(#15030));
#15030 = SURFACE_STYLE_FILL_AREA(#15031);
#15031 = FILL_AREA_STYLE('',(#15032));
#15032 = FILL_AREA_STYLE_COLOUR('',#15018);
#15033 = STYLED_ITEM('color',(#15034),#206);
#15034 = PRESENTATION_STYLE_ASSIGNMENT((#15035));
#15035 = SURFACE_STYLE_USAGE(.BOTH.,#15036);
#15036 = SURFACE_SIDE_STYLE('',(#15037));
#15037 = SURFACE_STYLE_FILL_AREA(#15038);
#15038 = FILL_AREA_STYLE('',(#15039));
#15039 = FILL_AREA_STYLE_COLOUR('',#15018);
#15040 = STYLED_ITEM('color',(#15041),#232);
#15041 = PRESENTATION_STYLE_ASSIGNMENT((#15042));
#15042 = SURFACE_STYLE_USAGE(.BOTH.,#15043);
#15043 = SURFACE_SIDE_STYLE('',(#15044));
#15044 = SURFACE_STYLE_FILL_AREA(#15045);
#15045 = FILL_AREA_STYLE('',(#15046));
#15046 = FILL_AREA_STYLE_COLOUR('',#15018);
#15047 = STYLED_ITEM('color',(#15048),#257);
#15048 = PRESENTATION_STYLE_ASSIGNMENT((#15049));
#15049 = SURFACE_STYLE_USAGE(.BOTH.,#15050);
#15050 = SURFACE_SIDE_STYLE('',(#15051));
#15051 = SURFACE_STYLE_FILL_AREA(#15052);
#15052 = FILL_AREA_STYLE('',(#15053));
#15053 = FILL_AREA_STYLE_COLOUR('',#15018);
#15054 = STYLED_ITEM('color',(#15055),#266);
#15055 = PRESENTATION_STYLE_ASSIGNMENT((#15056));
#15056 = SURFACE_STYLE_USAGE(.BOTH.,#15057);
#15057 = SURFACE_SIDE_STYLE('',(#15058));
#15058 = SURFACE_STYLE_FILL_AREA(#15059);
#15059 = FILL_AREA_STYLE('',(#15060));
#15060 = FILL_AREA_STYLE_COLOUR('',#15018);
#15061 = STYLED_ITEM('color',(#15062),#277);
#15062 = PRESENTATION_STYLE_ASSIGNMENT((#15063));
#15063 = SURFACE_STYLE_USAGE(.BOTH.,#15064);
#15064 = SURFACE_SIDE_STYLE('',(#15065));
#15065 = SURFACE_STYLE_FILL_AREA(#15066);
#15066 = FILL_AREA_STYLE('',(#15067));
#15067 = FILL_AREA_STYLE_COLOUR('',#15068);
#15068 = COLOUR_RGB('',0.699999984889,9.999999991362E-02,
  5.000000142576E-02);
#15069 = STYLED_ITEM('color',(#15070),#310);
#15070 = PRESENTATION_STYLE_ASSIGNMENT((#15071));
#15071 = SURFACE_STYLE_USAGE(.BOTH.,#15072);
#15072 = SURFACE_SIDE_STYLE('',(#15073));
#15073 = SURFACE_STYLE_FILL_AREA(#15074);
#15074 = FILL_AREA_STYLE('',(#15075));
#15075 = FILL_AREA_STYLE_COLOUR('',#15068);
#15076 = STYLED_ITEM('color',(#15077),#330);
#15077 = PRESENTATION_STYLE_ASSIGNMENT((#15078));
#15078 = SURFACE_STYLE_USAGE(.BOTH.,#15079);
#15079 = SURFACE_SIDE_STYLE('',(#15080));
#15080 = SURFACE_STYLE_FILL_AREA(#15081);
#15081 = FILL_AREA_STYLE('',(#15082));
#15082 = FILL_AREA_STYLE_COLOUR('',#15068);
#15083 = STYLED_ITEM('color',(#15084),#350);
#15084 = PRESENTATION_STYLE_ASSIGNMENT((#15085));
#15085 = SURFACE_STYLE_USAGE(.BOTH.,#15086);
#15086 = SURFACE_SIDE_STYLE('',(#15087));
#15087 = SURFACE_STYLE_FILL_AREA(#15088);
#15088 = FILL_AREA_STYLE('',(#15089));
#15089 = FILL_AREA_STYLE_COLOUR('',#15090);
#15090 = COLOUR_RGB('',0.,0.631244006163,0.748016017657);
#15091 = STYLED_ITEM('color',(#15092),#375);
#15092 = PRESENTATION_STYLE_ASSIGNMENT((#15093));
#15093 = SURFACE_STYLE_USAGE(.BOTH.,#15094);
#15094 = SURFACE_SIDE_STYLE('',(#15095));
#15095 = SURFACE_STYLE_FILL_AREA(#15096);
#15096 = FILL_AREA_STYLE('',(#15097));
#15097 = FILL_AREA_STYLE_COLOUR('',#15090);
#15098 = STYLED_ITEM('color',(#15099),#400);
#15099 = PRESENTATION_STYLE_ASSIGNMENT((#15100));
#15100 = SURFACE_STYLE_USAGE(.BOTH.,#15101);
#15101 = SURFACE_SIDE_STYLE('',(#15102));
#15102 = SURFACE_STYLE_FILL_AREA(#15103);
#15103 = FILL_AREA_STYLE('',(#15104));
#15104 = FILL_AREA_STYLE_COLOUR('',#15090);
#15105 = STYLED_ITEM('color',(#15106),#426);
#15106 = PRESENTATION_STYLE_ASSIGNMENT((#15107));
#15107 = SURFACE_STYLE_USAGE(.BOTH.,#15108);
#15108 = SURFACE_SIDE_STYLE('',(#15109));
#15109 = SURFACE_STYLE_FILL_AREA(#15110);
#15110 = FILL_AREA_STYLE('',(#15111));
#15111 = FILL_AREA_STYLE_COLOUR('',#15090);
#15112 = STYLED_ITEM('color',(#15113),#452);
#15113 = PRESENTATION_STYLE_ASSIGNMENT((#15114));
#15114 = SURFACE_STYLE_USAGE(.BOTH.,#15115);
#15115 = SURFACE_SIDE_STYLE('',(#15116));
#15116 = SURFACE_STYLE_FILL_AREA(#15117);
#15117 = FILL_AREA_STYLE('',(#15118));
#15118 = FILL_AREA_STYLE_COLOUR('',#15090);
#15119 = STYLED_ITEM('color',(#15120),#461);
#15120 = PRESENTATION_STYLE_ASSIGNMENT((#15121));
#15121 = SURFACE_STYLE_USAGE(.BOTH.,#15122);
#15122 = SURFACE_SIDE_STYLE('',(#15123));
#15123 = SURFACE_STYLE_FILL_AREA(#15124);
#15124 = FILL_AREA_STYLE('',(#15125));
#15125 = FILL_AREA_STYLE_COLOUR('',#15090);
#15126 = MECHANICAL_DESIGN_GEOMETRIC_PRESENTATION_REPRESENTATION('',(
    #15127),#14999);
#15127 = STYLED_ITEM('color',(#15128),#564);
#15128 = PRESENTATION_STYLE_ASSIGNMENT((#15129));
#15129 = SURFACE_STYLE_USAGE(.BOTH.,#15130);
#15130 = SURFACE_SIDE_STYLE('',(#15131));
#15131 = SURFACE_STYLE_FILL_AREA(#15132);
#15132 = FILL_AREA_STYLE('',(#15133));
#15133 = FILL_AREA_STYLE_COLOUR('',#15134);
#15134 = COLOUR_RGB('',0.313304153717,0.484529207832,0.410020903123);
ENDSEC;
END-ISO-10303-21;
