ISO-10303-21;
HEADER;
/* Generated by software containing ST-Developer
 * from STEP Tools, Inc. (www.steptools.com) 
 */

FILE_DESCRIPTION(
/* description */ (''),
/* implementation_level */ '2;1');

FILE_NAME(
/* name */ 'efficientkeyboard_top_cover.step',
/* time_stamp */ '2026-09-28T19:29:13-04:00',
/* author */ (''),
/* organization */ (''),
/* preprocessor_version */ 'ST-DEVELOPER v20.2',
/* originating_system */ 'Autodesk Translation Framework v15.15.0.0',
/* authorisation */ '');

FILE_SCHEMA (('AUTOMOTIVE_DESIGN { 1 0 10303 214 3 1 1 }'));
ENDSEC;

DATA;
#10=MECHANICAL_DESIGN_GEOMETRIC_PRESENTATION_REPRESENTATION('',(#13),#3162);
#11=SHAPE_REPRESENTATION_RELATIONSHIP('SRR','None',#3169,#12);
#12=ADVANCED_BREP_SHAPE_REPRESENTATION('',(#14),#3161);
#13=STYLED_ITEM('',(#3178),#14);
#14=MANIFOLD_SOLID_BREP('Body1',#1982);
#15=FACE_BOUND('',#245,.T.);
#16=FACE_BOUND('',#246,.T.);
#17=FACE_BOUND('',#247,.T.);
#18=FACE_BOUND('',#248,.T.);
#19=FACE_BOUND('',#249,.T.);
#20=FACE_BOUND('',#250,.T.);
#21=FACE_BOUND('',#251,.T.);
#22=FACE_BOUND('',#252,.T.);
#23=FACE_BOUND('',#253,.T.);
#24=FACE_BOUND('',#254,.T.);
#25=FACE_BOUND('',#255,.T.);
#26=FACE_BOUND('',#256,.T.);
#27=FACE_BOUND('',#257,.T.);
#28=FACE_BOUND('',#258,.T.);
#29=FACE_BOUND('',#259,.T.);
#30=FACE_BOUND('',#260,.T.);
#31=FACE_BOUND('',#261,.T.);
#32=FACE_BOUND('',#262,.T.);
#33=FACE_BOUND('',#263,.T.);
#34=FACE_BOUND('',#264,.T.);
#35=FACE_BOUND('',#265,.T.);
#36=FACE_BOUND('',#266,.T.);
#37=FACE_BOUND('',#267,.T.);
#38=FACE_BOUND('',#268,.T.);
#39=FACE_BOUND('',#269,.T.);
#40=FACE_BOUND('',#270,.T.);
#41=FACE_BOUND('',#271,.T.);
#42=FACE_BOUND('',#272,.T.);
#43=FACE_BOUND('',#273,.T.);
#44=FACE_BOUND('',#274,.T.);
#45=FACE_BOUND('',#275,.T.);
#46=FACE_BOUND('',#276,.T.);
#47=FACE_BOUND('',#277,.T.);
#48=FACE_BOUND('',#366,.T.);
#49=FACE_BOUND('',#367,.T.);
#50=FACE_BOUND('',#368,.T.);
#51=FACE_BOUND('',#369,.T.);
#52=FACE_BOUND('',#370,.T.);
#53=FACE_BOUND('',#371,.T.);
#54=FACE_BOUND('',#372,.T.);
#55=FACE_BOUND('',#373,.T.);
#56=FACE_BOUND('',#374,.T.);
#57=FACE_BOUND('',#375,.T.);
#58=FACE_BOUND('',#376,.T.);
#59=FACE_BOUND('',#377,.T.);
#60=FACE_BOUND('',#378,.T.);
#61=FACE_BOUND('',#379,.T.);
#62=FACE_BOUND('',#380,.T.);
#63=FACE_BOUND('',#381,.T.);
#64=FACE_BOUND('',#382,.T.);
#65=FACE_BOUND('',#383,.T.);
#66=FACE_BOUND('',#384,.T.);
#67=FACE_BOUND('',#385,.T.);
#68=FACE_BOUND('',#386,.T.);
#69=FACE_BOUND('',#387,.T.);
#70=FACE_BOUND('',#388,.T.);
#71=FACE_BOUND('',#389,.T.);
#72=FACE_BOUND('',#390,.T.);
#73=FACE_BOUND('',#391,.T.);
#74=FACE_BOUND('',#392,.T.);
#75=FACE_BOUND('',#393,.T.);
#76=FACE_BOUND('',#394,.T.);
#77=FACE_BOUND('',#395,.T.);
#78=FACE_BOUND('',#396,.T.);
#79=FACE_BOUND('',#397,.T.);
#80=FACE_BOUND('',#398,.T.);
#81=PLANE('',#1999);
#82=PLANE('',#2000);
#83=PLANE('',#2023);
#84=PLANE('',#2062);
#85=PLANE('',#2063);
#86=PLANE('',#2064);
#87=PLANE('',#2065);
#88=PLANE('',#2066);
#89=PLANE('',#2067);
#90=PLANE('',#2068);
#91=PLANE('',#2069);
#92=PLANE('',#2070);
#93=PLANE('',#2071);
#94=PLANE('',#2072);
#95=PLANE('',#2073);
#96=PLANE('',#2074);
#97=PLANE('',#2075);
#98=PLANE('',#2076);
#99=PLANE('',#2077);
#100=PLANE('',#2078);
#101=PLANE('',#2079);
#102=PLANE('',#2080);
#103=PLANE('',#2081);
#104=PLANE('',#2082);
#105=PLANE('',#2083);
#106=PLANE('',#2084);
#107=PLANE('',#2085);
#108=PLANE('',#2086);
#109=PLANE('',#2087);
#110=PLANE('',#2088);
#111=PLANE('',#2089);
#112=PLANE('',#2090);
#113=PLANE('',#2091);
#114=PLANE('',#2092);
#115=PLANE('',#2093);
#116=PLANE('',#2094);
#117=PLANE('',#2095);
#118=PLANE('',#2096);
#119=PLANE('',#2097);
#120=PLANE('',#2098);
#121=PLANE('',#2099);
#122=PLANE('',#2100);
#123=PLANE('',#2101);
#124=PLANE('',#2102);
#125=PLANE('',#2103);
#126=PLANE('',#2104);
#127=PLANE('',#2105);
#128=PLANE('',#2106);
#129=PLANE('',#2107);
#130=PLANE('',#2108);
#131=PLANE('',#2109);
#132=PLANE('',#2110);
#133=PLANE('',#2111);
#134=PLANE('',#2112);
#135=PLANE('',#2113);
#136=PLANE('',#2114);
#137=PLANE('',#2115);
#138=PLANE('',#2116);
#139=PLANE('',#2117);
#140=PLANE('',#2118);
#141=PLANE('',#2119);
#142=PLANE('',#2120);
#143=PLANE('',#2121);
#144=PLANE('',#2122);
#145=PLANE('',#2123);
#146=PLANE('',#2124);
#147=PLANE('',#2125);
#148=PLANE('',#2126);
#149=PLANE('',#2127);
#150=PLANE('',#2128);
#151=FACE_OUTER_BOUND('',#242,.T.);
#152=FACE_OUTER_BOUND('',#243,.T.);
#153=FACE_OUTER_BOUND('',#244,.T.);
#154=FACE_OUTER_BOUND('',#278,.T.);
#155=FACE_OUTER_BOUND('',#279,.T.);
#156=FACE_OUTER_BOUND('',#280,.T.);
#157=FACE_OUTER_BOUND('',#281,.T.);
#158=FACE_OUTER_BOUND('',#282,.T.);
#159=FACE_OUTER_BOUND('',#283,.T.);
#160=FACE_OUTER_BOUND('',#284,.T.);
#161=FACE_OUTER_BOUND('',#285,.T.);
#162=FACE_OUTER_BOUND('',#286,.T.);
#163=FACE_OUTER_BOUND('',#287,.T.);
#164=FACE_OUTER_BOUND('',#288,.T.);
#165=FACE_OUTER_BOUND('',#289,.T.);
#166=FACE_OUTER_BOUND('',#290,.T.);
#167=FACE_OUTER_BOUND('',#291,.T.);
#168=FACE_OUTER_BOUND('',#292,.T.);
#169=FACE_OUTER_BOUND('',#293,.T.);
#170=FACE_OUTER_BOUND('',#294,.T.);
#171=FACE_OUTER_BOUND('',#295,.T.);
#172=FACE_OUTER_BOUND('',#296,.T.);
#173=FACE_OUTER_BOUND('',#297,.T.);
#174=FACE_OUTER_BOUND('',#298,.T.);
#175=FACE_OUTER_BOUND('',#299,.T.);
#176=FACE_OUTER_BOUND('',#300,.T.);
#177=FACE_OUTER_BOUND('',#301,.T.);
#178=FACE_OUTER_BOUND('',#302,.T.);
#179=FACE_OUTER_BOUND('',#303,.T.);
#180=FACE_OUTER_BOUND('',#304,.T.);
#181=FACE_OUTER_BOUND('',#305,.T.);
#182=FACE_OUTER_BOUND('',#306,.T.);
#183=FACE_OUTER_BOUND('',#307,.T.);
#184=FACE_OUTER_BOUND('',#308,.T.);
#185=FACE_OUTER_BOUND('',#309,.T.);
#186=FACE_OUTER_BOUND('',#310,.T.);
#187=FACE_OUTER_BOUND('',#311,.T.);
#188=FACE_OUTER_BOUND('',#312,.T.);
#189=FACE_OUTER_BOUND('',#313,.T.);
#190=FACE_OUTER_BOUND('',#314,.T.);
#191=FACE_OUTER_BOUND('',#315,.T.);
#192=FACE_OUTER_BOUND('',#316,.T.);
#193=FACE_OUTER_BOUND('',#317,.T.);
#194=FACE_OUTER_BOUND('',#318,.T.);
#195=FACE_OUTER_BOUND('',#319,.T.);
#196=FACE_OUTER_BOUND('',#320,.T.);
#197=FACE_OUTER_BOUND('',#321,.T.);
#198=FACE_OUTER_BOUND('',#322,.T.);
#199=FACE_OUTER_BOUND('',#323,.T.);
#200=FACE_OUTER_BOUND('',#324,.T.);
#201=FACE_OUTER_BOUND('',#325,.T.);
#202=FACE_OUTER_BOUND('',#326,.T.);
#203=FACE_OUTER_BOUND('',#327,.T.);
#204=FACE_OUTER_BOUND('',#328,.T.);
#205=FACE_OUTER_BOUND('',#329,.T.);
#206=FACE_OUTER_BOUND('',#330,.T.);
#207=FACE_OUTER_BOUND('',#331,.T.);
#208=FACE_OUTER_BOUND('',#332,.T.);
#209=FACE_OUTER_BOUND('',#333,.T.);
#210=FACE_OUTER_BOUND('',#334,.T.);
#211=FACE_OUTER_BOUND('',#335,.T.);
#212=FACE_OUTER_BOUND('',#336,.T.);
#213=FACE_OUTER_BOUND('',#337,.T.);
#214=FACE_OUTER_BOUND('',#338,.T.);
#215=FACE_OUTER_BOUND('',#339,.T.);
#216=FACE_OUTER_BOUND('',#340,.T.);
#217=FACE_OUTER_BOUND('',#341,.T.);
#218=FACE_OUTER_BOUND('',#342,.T.);
#219=FACE_OUTER_BOUND('',#343,.T.);
#220=FACE_OUTER_BOUND('',#344,.T.);
#221=FACE_OUTER_BOUND('',#345,.T.);
#222=FACE_OUTER_BOUND('',#346,.T.);
#223=FACE_OUTER_BOUND('',#347,.T.);
#224=FACE_OUTER_BOUND('',#348,.T.);
#225=FACE_OUTER_BOUND('',#349,.T.);
#226=FACE_OUTER_BOUND('',#350,.T.);
#227=FACE_OUTER_BOUND('',#351,.T.);
#228=FACE_OUTER_BOUND('',#352,.T.);
#229=FACE_OUTER_BOUND('',#353,.T.);
#230=FACE_OUTER_BOUND('',#354,.T.);
#231=FACE_OUTER_BOUND('',#355,.T.);
#232=FACE_OUTER_BOUND('',#356,.T.);
#233=FACE_OUTER_BOUND('',#357,.T.);
#234=FACE_OUTER_BOUND('',#358,.T.);
#235=FACE_OUTER_BOUND('',#359,.T.);
#236=FACE_OUTER_BOUND('',#360,.T.);
#237=FACE_OUTER_BOUND('',#361,.T.);
#238=FACE_OUTER_BOUND('',#362,.T.);
#239=FACE_OUTER_BOUND('',#363,.T.);
#240=FACE_OUTER_BOUND('',#364,.T.);
#241=FACE_OUTER_BOUND('',#365,.T.);
#242=EDGE_LOOP('',(#1336,#1337,#1338,#1339));
#243=EDGE_LOOP('',(#1340,#1341,#1342,#1343));
#244=EDGE_LOOP('',(#1344,#1345,#1346,#1347,#1348,#1349,#1350,#1351));
#245=EDGE_LOOP('',(#1352));
#246=EDGE_LOOP('',(#1353,#1354,#1355,#1356));
#247=EDGE_LOOP('',(#1357,#1358,#1359,#1360));
#248=EDGE_LOOP('',(#1361,#1362,#1363,#1364));
#249=EDGE_LOOP('',(#1365,#1366,#1367,#1368));
#250=EDGE_LOOP('',(#1369,#1370,#1371,#1372));
#251=EDGE_LOOP('',(#1373,#1374,#1375,#1376));
#252=EDGE_LOOP('',(#1377,#1378,#1379,#1380));
#253=EDGE_LOOP('',(#1381,#1382,#1383,#1384));
#254=EDGE_LOOP('',(#1385,#1386,#1387,#1388));
#255=EDGE_LOOP('',(#1389,#1390,#1391,#1392));
#256=EDGE_LOOP('',(#1393,#1394,#1395,#1396));
#257=EDGE_LOOP('',(#1397,#1398,#1399,#1400));
#258=EDGE_LOOP('',(#1401,#1402,#1403,#1404));
#259=EDGE_LOOP('',(#1405,#1406,#1407,#1408));
#260=EDGE_LOOP('',(#1409,#1410,#1411,#1412));
#261=EDGE_LOOP('',(#1413,#1414,#1415,#1416));
#262=EDGE_LOOP('',(#1417));
#263=EDGE_LOOP('',(#1418));
#264=EDGE_LOOP('',(#1419));
#265=EDGE_LOOP('',(#1420));
#266=EDGE_LOOP('',(#1421));
#267=EDGE_LOOP('',(#1422));
#268=EDGE_LOOP('',(#1423));
#269=EDGE_LOOP('',(#1424));
#270=EDGE_LOOP('',(#1425));
#271=EDGE_LOOP('',(#1426));
#272=EDGE_LOOP('',(#1427));
#273=EDGE_LOOP('',(#1428));
#274=EDGE_LOOP('',(#1429));
#275=EDGE_LOOP('',(#1430));
#276=EDGE_LOOP('',(#1431));
#277=EDGE_LOOP('',(#1432));
#278=EDGE_LOOP('',(#1433,#1434,#1435,#1436));
#279=EDGE_LOOP('',(#1437,#1438,#1439,#1440));
#280=EDGE_LOOP('',(#1441,#1442,#1443,#1444));
#281=EDGE_LOOP('',(#1445,#1446,#1447,#1448));
#282=EDGE_LOOP('',(#1449,#1450,#1451,#1452));
#283=EDGE_LOOP('',(#1453,#1454,#1455,#1456));
#284=EDGE_LOOP('',(#1457,#1458,#1459,#1460));
#285=EDGE_LOOP('',(#1461,#1462,#1463,#1464));
#286=EDGE_LOOP('',(#1465,#1466,#1467,#1468));
#287=EDGE_LOOP('',(#1469,#1470,#1471,#1472));
#288=EDGE_LOOP('',(#1473,#1474,#1475,#1476));
#289=EDGE_LOOP('',(#1477,#1478,#1479,#1480));
#290=EDGE_LOOP('',(#1481,#1482,#1483,#1484));
#291=EDGE_LOOP('',(#1485,#1486,#1487,#1488));
#292=EDGE_LOOP('',(#1489,#1490,#1491,#1492));
#293=EDGE_LOOP('',(#1493,#1494,#1495,#1496));
#294=EDGE_LOOP('',(#1497,#1498,#1499,#1500));
#295=EDGE_LOOP('',(#1501,#1502,#1503,#1504));
#296=EDGE_LOOP('',(#1505,#1506,#1507,#1508));
#297=EDGE_LOOP('',(#1509,#1510,#1511,#1512));
#298=EDGE_LOOP('',(#1513,#1514,#1515,#1516));
#299=EDGE_LOOP('',(#1517,#1518,#1519,#1520));
#300=EDGE_LOOP('',(#1521,#1522,#1523,#1524));
#301=EDGE_LOOP('',(#1525,#1526,#1527,#1528));
#302=EDGE_LOOP('',(#1529,#1530,#1531,#1532));
#303=EDGE_LOOP('',(#1533,#1534,#1535,#1536));
#304=EDGE_LOOP('',(#1537,#1538,#1539,#1540));
#305=EDGE_LOOP('',(#1541,#1542,#1543,#1544));
#306=EDGE_LOOP('',(#1545,#1546,#1547,#1548));
#307=EDGE_LOOP('',(#1549,#1550,#1551,#1552));
#308=EDGE_LOOP('',(#1553,#1554,#1555,#1556));
#309=EDGE_LOOP('',(#1557,#1558,#1559,#1560));
#310=EDGE_LOOP('',(#1561,#1562,#1563,#1564));
#311=EDGE_LOOP('',(#1565,#1566,#1567,#1568));
#312=EDGE_LOOP('',(#1569,#1570,#1571,#1572));
#313=EDGE_LOOP('',(#1573,#1574,#1575,#1576));
#314=EDGE_LOOP('',(#1577,#1578,#1579,#1580));
#315=EDGE_LOOP('',(#1581,#1582,#1583,#1584));
#316=EDGE_LOOP('',(#1585,#1586,#1587,#1588));
#317=EDGE_LOOP('',(#1589,#1590,#1591,#1592));
#318=EDGE_LOOP('',(#1593,#1594,#1595,#1596));
#319=EDGE_LOOP('',(#1597,#1598,#1599,#1600));
#320=EDGE_LOOP('',(#1601,#1602,#1603,#1604));
#321=EDGE_LOOP('',(#1605,#1606,#1607,#1608));
#322=EDGE_LOOP('',(#1609,#1610,#1611,#1612));
#323=EDGE_LOOP('',(#1613,#1614,#1615,#1616));
#324=EDGE_LOOP('',(#1617,#1618,#1619,#1620));
#325=EDGE_LOOP('',(#1621,#1622,#1623,#1624));
#326=EDGE_LOOP('',(#1625,#1626,#1627,#1628));
#327=EDGE_LOOP('',(#1629,#1630,#1631,#1632));
#328=EDGE_LOOP('',(#1633,#1634,#1635,#1636));
#329=EDGE_LOOP('',(#1637,#1638,#1639,#1640));
#330=EDGE_LOOP('',(#1641,#1642,#1643,#1644));
#331=EDGE_LOOP('',(#1645,#1646,#1647,#1648));
#332=EDGE_LOOP('',(#1649,#1650,#1651,#1652));
#333=EDGE_LOOP('',(#1653,#1654,#1655,#1656));
#334=EDGE_LOOP('',(#1657,#1658,#1659,#1660));
#335=EDGE_LOOP('',(#1661,#1662,#1663,#1664));
#336=EDGE_LOOP('',(#1665,#1666,#1667,#1668));
#337=EDGE_LOOP('',(#1669,#1670,#1671,#1672));
#338=EDGE_LOOP('',(#1673,#1674,#1675,#1676));
#339=EDGE_LOOP('',(#1677,#1678,#1679,#1680));
#340=EDGE_LOOP('',(#1681,#1682,#1683,#1684));
#341=EDGE_LOOP('',(#1685,#1686,#1687,#1688));
#342=EDGE_LOOP('',(#1689,#1690,#1691,#1692));
#343=EDGE_LOOP('',(#1693,#1694,#1695,#1696));
#344=EDGE_LOOP('',(#1697,#1698,#1699,#1700));
#345=EDGE_LOOP('',(#1701,#1702,#1703,#1704));
#346=EDGE_LOOP('',(#1705,#1706,#1707,#1708));
#347=EDGE_LOOP('',(#1709,#1710,#1711,#1712));
#348=EDGE_LOOP('',(#1713,#1714,#1715,#1716));
#349=EDGE_LOOP('',(#1717,#1718,#1719,#1720));
#350=EDGE_LOOP('',(#1721,#1722,#1723,#1724));
#351=EDGE_LOOP('',(#1725,#1726,#1727,#1728));
#352=EDGE_LOOP('',(#1729,#1730,#1731,#1732));
#353=EDGE_LOOP('',(#1733,#1734,#1735,#1736));
#354=EDGE_LOOP('',(#1737,#1738,#1739,#1740));
#355=EDGE_LOOP('',(#1741,#1742,#1743,#1744));
#356=EDGE_LOOP('',(#1745,#1746,#1747,#1748));
#357=EDGE_LOOP('',(#1749,#1750,#1751,#1752));
#358=EDGE_LOOP('',(#1753,#1754,#1755,#1756));
#359=EDGE_LOOP('',(#1757,#1758,#1759,#1760));
#360=EDGE_LOOP('',(#1761,#1762,#1763,#1764));
#361=EDGE_LOOP('',(#1765,#1766,#1767,#1768));
#362=EDGE_LOOP('',(#1769,#1770,#1771,#1772));
#363=EDGE_LOOP('',(#1773,#1774,#1775,#1776));
#364=EDGE_LOOP('',(#1777,#1778,#1779,#1780));
#365=EDGE_LOOP('',(#1781,#1782,#1783,#1784,#1785,#1786,#1787,#1788));
#366=EDGE_LOOP('',(#1789));
#367=EDGE_LOOP('',(#1790,#1791,#1792,#1793));
#368=EDGE_LOOP('',(#1794,#1795,#1796,#1797));
#369=EDGE_LOOP('',(#1798,#1799,#1800,#1801));
#370=EDGE_LOOP('',(#1802,#1803,#1804,#1805));
#371=EDGE_LOOP('',(#1806,#1807,#1808,#1809));
#372=EDGE_LOOP('',(#1810,#1811,#1812,#1813));
#373=EDGE_LOOP('',(#1814,#1815,#1816,#1817));
#374=EDGE_LOOP('',(#1818,#1819,#1820,#1821));
#375=EDGE_LOOP('',(#1822,#1823,#1824,#1825));
#376=EDGE_LOOP('',(#1826,#1827,#1828,#1829));
#377=EDGE_LOOP('',(#1830,#1831,#1832,#1833));
#378=EDGE_LOOP('',(#1834,#1835,#1836,#1837));
#379=EDGE_LOOP('',(#1838,#1839,#1840,#1841));
#380=EDGE_LOOP('',(#1842,#1843,#1844,#1845));
#381=EDGE_LOOP('',(#1846,#1847,#1848,#1849));
#382=EDGE_LOOP('',(#1850,#1851,#1852,#1853));
#383=EDGE_LOOP('',(#1854));
#384=EDGE_LOOP('',(#1855));
#385=EDGE_LOOP('',(#1856));
#386=EDGE_LOOP('',(#1857));
#387=EDGE_LOOP('',(#1858));
#388=EDGE_LOOP('',(#1859));
#389=EDGE_LOOP('',(#1860));
#390=EDGE_LOOP('',(#1861));
#391=EDGE_LOOP('',(#1862));
#392=EDGE_LOOP('',(#1863));
#393=EDGE_LOOP('',(#1864));
#394=EDGE_LOOP('',(#1865));
#395=EDGE_LOOP('',(#1866));
#396=EDGE_LOOP('',(#1867));
#397=EDGE_LOOP('',(#1868));
#398=EDGE_LOOP('',(#1869));
#399=LINE('',#2628,#624);
#400=LINE('',#2631,#625);
#401=LINE('',#2634,#626);
#402=LINE('',#2636,#627);
#403=LINE('',#2637,#628);
#404=LINE('',#2640,#629);
#405=LINE('',#2644,#630);
#406=LINE('',#2648,#631);
#407=LINE('',#2654,#632);
#408=LINE('',#2656,#633);
#409=LINE('',#2658,#634);
#410=LINE('',#2659,#635);
#411=LINE('',#2662,#636);
#412=LINE('',#2664,#637);
#413=LINE('',#2666,#638);
#414=LINE('',#2667,#639);
#415=LINE('',#2670,#640);
#416=LINE('',#2672,#641);
#417=LINE('',#2674,#642);
#418=LINE('',#2675,#643);
#419=LINE('',#2678,#644);
#420=LINE('',#2680,#645);
#421=LINE('',#2682,#646);
#422=LINE('',#2683,#647);
#423=LINE('',#2686,#648);
#424=LINE('',#2688,#649);
#425=LINE('',#2690,#650);
#426=LINE('',#2691,#651);
#427=LINE('',#2694,#652);
#428=LINE('',#2696,#653);
#429=LINE('',#2698,#654);
#430=LINE('',#2699,#655);
#431=LINE('',#2702,#656);
#432=LINE('',#2704,#657);
#433=LINE('',#2706,#658);
#434=LINE('',#2707,#659);
#435=LINE('',#2710,#660);
#436=LINE('',#2712,#661);
#437=LINE('',#2714,#662);
#438=LINE('',#2715,#663);
#439=LINE('',#2718,#664);
#440=LINE('',#2720,#665);
#441=LINE('',#2722,#666);
#442=LINE('',#2723,#667);
#443=LINE('',#2726,#668);
#444=LINE('',#2728,#669);
#445=LINE('',#2730,#670);
#446=LINE('',#2731,#671);
#447=LINE('',#2734,#672);
#448=LINE('',#2736,#673);
#449=LINE('',#2738,#674);
#450=LINE('',#2739,#675);
#451=LINE('',#2742,#676);
#452=LINE('',#2744,#677);
#453=LINE('',#2746,#678);
#454=LINE('',#2747,#679);
#455=LINE('',#2750,#680);
#456=LINE('',#2752,#681);
#457=LINE('',#2754,#682);
#458=LINE('',#2755,#683);
#459=LINE('',#2758,#684);
#460=LINE('',#2760,#685);
#461=LINE('',#2762,#686);
#462=LINE('',#2763,#687);
#463=LINE('',#2766,#688);
#464=LINE('',#2768,#689);
#465=LINE('',#2770,#690);
#466=LINE('',#2771,#691);
#467=LINE('',#2774,#692);
#468=LINE('',#2776,#693);
#469=LINE('',#2778,#694);
#470=LINE('',#2779,#695);
#471=LINE('',#2814,#696);
#472=LINE('',#2817,#697);
#473=LINE('',#2820,#698);
#474=LINE('',#2821,#699);
#475=LINE('',#2825,#700);
#476=LINE('',#2828,#701);
#477=LINE('',#2832,#702);
#478=LINE('',#2836,#703);
#479=LINE('',#2840,#704);
#480=LINE('',#2844,#705);
#481=LINE('',#2848,#706);
#482=LINE('',#2852,#707);
#483=LINE('',#2856,#708);
#484=LINE('',#2860,#709);
#485=LINE('',#2864,#710);
#486=LINE('',#2868,#711);
#487=LINE('',#2872,#712);
#488=LINE('',#2876,#713);
#489=LINE('',#2880,#714);
#490=LINE('',#2884,#715);
#491=LINE('',#2888,#716);
#492=LINE('',#2892,#717);
#493=LINE('',#2896,#718);
#494=LINE('',#2900,#719);
#495=LINE('',#2902,#720);
#496=LINE('',#2903,#721);
#497=LINE('',#2906,#722);
#498=LINE('',#2907,#723);
#499=LINE('',#2910,#724);
#500=LINE('',#2911,#725);
#501=LINE('',#2913,#726);
#502=LINE('',#2916,#727);
#503=LINE('',#2918,#728);
#504=LINE('',#2919,#729);
#505=LINE('',#2922,#730);
#506=LINE('',#2923,#731);
#507=LINE('',#2926,#732);
#508=LINE('',#2927,#733);
#509=LINE('',#2929,#734);
#510=LINE('',#2932,#735);
#511=LINE('',#2934,#736);
#512=LINE('',#2935,#737);
#513=LINE('',#2938,#738);
#514=LINE('',#2939,#739);
#515=LINE('',#2942,#740);
#516=LINE('',#2943,#741);
#517=LINE('',#2945,#742);
#518=LINE('',#2948,#743);
#519=LINE('',#2950,#744);
#520=LINE('',#2951,#745);
#521=LINE('',#2954,#746);
#522=LINE('',#2955,#747);
#523=LINE('',#2958,#748);
#524=LINE('',#2959,#749);
#525=LINE('',#2961,#750);
#526=LINE('',#2964,#751);
#527=LINE('',#2966,#752);
#528=LINE('',#2967,#753);
#529=LINE('',#2970,#754);
#530=LINE('',#2971,#755);
#531=LINE('',#2974,#756);
#532=LINE('',#2975,#757);
#533=LINE('',#2977,#758);
#534=LINE('',#2980,#759);
#535=LINE('',#2982,#760);
#536=LINE('',#2983,#761);
#537=LINE('',#2986,#762);
#538=LINE('',#2987,#763);
#539=LINE('',#2990,#764);
#540=LINE('',#2991,#765);
#541=LINE('',#2993,#766);
#542=LINE('',#2996,#767);
#543=LINE('',#2998,#768);
#544=LINE('',#2999,#769);
#545=LINE('',#3002,#770);
#546=LINE('',#3003,#771);
#547=LINE('',#3006,#772);
#548=LINE('',#3007,#773);
#549=LINE('',#3009,#774);
#550=LINE('',#3012,#775);
#551=LINE('',#3014,#776);
#552=LINE('',#3015,#777);
#553=LINE('',#3018,#778);
#554=LINE('',#3019,#779);
#555=LINE('',#3022,#780);
#556=LINE('',#3023,#781);
#557=LINE('',#3025,#782);
#558=LINE('',#3028,#783);
#559=LINE('',#3030,#784);
#560=LINE('',#3031,#785);
#561=LINE('',#3034,#786);
#562=LINE('',#3035,#787);
#563=LINE('',#3038,#788);
#564=LINE('',#3039,#789);
#565=LINE('',#3041,#790);
#566=LINE('',#3044,#791);
#567=LINE('',#3046,#792);
#568=LINE('',#3047,#793);
#569=LINE('',#3050,#794);
#570=LINE('',#3051,#795);
#571=LINE('',#3054,#796);
#572=LINE('',#3055,#797);
#573=LINE('',#3057,#798);
#574=LINE('',#3060,#799);
#575=LINE('',#3062,#800);
#576=LINE('',#3063,#801);
#577=LINE('',#3066,#802);
#578=LINE('',#3067,#803);
#579=LINE('',#3070,#804);
#580=LINE('',#3071,#805);
#581=LINE('',#3073,#806);
#582=LINE('',#3076,#807);
#583=LINE('',#3078,#808);
#584=LINE('',#3079,#809);
#585=LINE('',#3082,#810);
#586=LINE('',#3083,#811);
#587=LINE('',#3086,#812);
#588=LINE('',#3087,#813);
#589=LINE('',#3089,#814);
#590=LINE('',#3092,#815);
#591=LINE('',#3094,#816);
#592=LINE('',#3095,#817);
#593=LINE('',#3098,#818);
#594=LINE('',#3099,#819);
#595=LINE('',#3102,#820);
#596=LINE('',#3103,#821);
#597=LINE('',#3105,#822);
#598=LINE('',#3108,#823);
#599=LINE('',#3110,#824);
#600=LINE('',#3111,#825);
#601=LINE('',#3114,#826);
#602=LINE('',#3115,#827);
#603=LINE('',#3118,#828);
#604=LINE('',#3119,#829);
#605=LINE('',#3121,#830);
#606=LINE('',#3124,#831);
#607=LINE('',#3126,#832);
#608=LINE('',#3127,#833);
#609=LINE('',#3130,#834);
#610=LINE('',#3131,#835);
#611=LINE('',#3134,#836);
#612=LINE('',#3135,#837);
#613=LINE('',#3137,#838);
#614=LINE('',#3140,#839);
#615=LINE('',#3142,#840);
#616=LINE('',#3143,#841);
#617=LINE('',#3146,#842);
#618=LINE('',#3147,#843);
#619=LINE('',#3150,#844);
#620=LINE('',#3151,#845);
#621=LINE('',#3153,#846);
#622=LINE('',#3155,#847);
#623=LINE('',#3157,#848);
#624=VECTOR('',#2135,10.);
#625=VECTOR('',#2138,10.);
#626=VECTOR('',#2141,10.);
#627=VECTOR('',#2142,10.);
#628=VECTOR('',#2143,10.);
#629=VECTOR('',#2146,10.);
#630=VECTOR('',#2149,10.);
#631=VECTOR('',#2152,10.);
#632=VECTOR('',#2157,10.);
#633=VECTOR('',#2158,10.);
#634=VECTOR('',#2159,10.);
#635=VECTOR('',#2160,10.);
#636=VECTOR('',#2161,10.);
#637=VECTOR('',#2162,10.);
#638=VECTOR('',#2163,10.);
#639=VECTOR('',#2164,10.);
#640=VECTOR('',#2165,10.);
#641=VECTOR('',#2166,10.);
#642=VECTOR('',#2167,10.);
#643=VECTOR('',#2168,10.);
#644=VECTOR('',#2169,10.);
#645=VECTOR('',#2170,10.);
#646=VECTOR('',#2171,10.);
#647=VECTOR('',#2172,10.);
#648=VECTOR('',#2173,10.);
#649=VECTOR('',#2174,10.);
#650=VECTOR('',#2175,10.);
#651=VECTOR('',#2176,10.);
#652=VECTOR('',#2177,10.);
#653=VECTOR('',#2178,10.);
#654=VECTOR('',#2179,10.);
#655=VECTOR('',#2180,10.);
#656=VECTOR('',#2181,10.);
#657=VECTOR('',#2182,10.);
#658=VECTOR('',#2183,10.);
#659=VECTOR('',#2184,10.);
#660=VECTOR('',#2185,10.);
#661=VECTOR('',#2186,10.);
#662=VECTOR('',#2187,10.);
#663=VECTOR('',#2188,10.);
#664=VECTOR('',#2189,10.);
#665=VECTOR('',#2190,10.);
#666=VECTOR('',#2191,10.);
#667=VECTOR('',#2192,10.);
#668=VECTOR('',#2193,10.);
#669=VECTOR('',#2194,10.);
#670=VECTOR('',#2195,10.);
#671=VECTOR('',#2196,10.);
#672=VECTOR('',#2197,10.);
#673=VECTOR('',#2198,10.);
#674=VECTOR('',#2199,10.);
#675=VECTOR('',#2200,10.);
#676=VECTOR('',#2201,10.);
#677=VECTOR('',#2202,10.);
#678=VECTOR('',#2203,10.);
#679=VECTOR('',#2204,10.);
#680=VECTOR('',#2205,10.);
#681=VECTOR('',#2206,10.);
#682=VECTOR('',#2207,10.);
#683=VECTOR('',#2208,10.);
#684=VECTOR('',#2209,10.);
#685=VECTOR('',#2210,10.);
#686=VECTOR('',#2211,10.);
#687=VECTOR('',#2212,10.);
#688=VECTOR('',#2213,10.);
#689=VECTOR('',#2214,10.);
#690=VECTOR('',#2215,10.);
#691=VECTOR('',#2216,10.);
#692=VECTOR('',#2217,10.);
#693=VECTOR('',#2218,10.);
#694=VECTOR('',#2219,10.);
#695=VECTOR('',#2220,10.);
#696=VECTOR('',#2255,10.);
#697=VECTOR('',#2258,10.);
#698=VECTOR('',#2261,10.);
#699=VECTOR('',#2262,10.);
#700=VECTOR('',#2267,10.);
#701=VECTOR('',#2270,10.);
#702=VECTOR('',#2275,2.);
#703=VECTOR('',#2280,2.);
#704=VECTOR('',#2285,2.);
#705=VECTOR('',#2290,2.);
#706=VECTOR('',#2295,2.);
#707=VECTOR('',#2300,2.);
#708=VECTOR('',#2305,2.);
#709=VECTOR('',#2310,2.);
#710=VECTOR('',#2315,2.);
#711=VECTOR('',#2320,2.);
#712=VECTOR('',#2325,2.);
#713=VECTOR('',#2330,2.);
#714=VECTOR('',#2335,2.);
#715=VECTOR('',#2340,2.);
#716=VECTOR('',#2345,2.);
#717=VECTOR('',#2350,2.);
#718=VECTOR('',#2355,3.5);
#719=VECTOR('',#2360,10.);
#720=VECTOR('',#2361,10.);
#721=VECTOR('',#2362,10.);
#722=VECTOR('',#2365,10.);
#723=VECTOR('',#2366,10.);
#724=VECTOR('',#2369,10.);
#725=VECTOR('',#2370,10.);
#726=VECTOR('',#2373,10.);
#727=VECTOR('',#2376,10.);
#728=VECTOR('',#2377,10.);
#729=VECTOR('',#2378,10.);
#730=VECTOR('',#2381,10.);
#731=VECTOR('',#2382,10.);
#732=VECTOR('',#2385,10.);
#733=VECTOR('',#2386,10.);
#734=VECTOR('',#2389,10.);
#735=VECTOR('',#2392,10.);
#736=VECTOR('',#2393,10.);
#737=VECTOR('',#2394,10.);
#738=VECTOR('',#2397,10.);
#739=VECTOR('',#2398,10.);
#740=VECTOR('',#2401,10.);
#741=VECTOR('',#2402,10.);
#742=VECTOR('',#2405,10.);
#743=VECTOR('',#2408,10.);
#744=VECTOR('',#2409,10.);
#745=VECTOR('',#2410,10.);
#746=VECTOR('',#2413,10.);
#747=VECTOR('',#2414,10.);
#748=VECTOR('',#2417,10.);
#749=VECTOR('',#2418,10.);
#750=VECTOR('',#2421,10.);
#751=VECTOR('',#2424,10.);
#752=VECTOR('',#2425,10.);
#753=VECTOR('',#2426,10.);
#754=VECTOR('',#2429,10.);
#755=VECTOR('',#2430,10.);
#756=VECTOR('',#2433,10.);
#757=VECTOR('',#2434,10.);
#758=VECTOR('',#2437,10.);
#759=VECTOR('',#2440,10.);
#760=VECTOR('',#2441,10.);
#761=VECTOR('',#2442,10.);
#762=VECTOR('',#2445,10.);
#763=VECTOR('',#2446,10.);
#764=VECTOR('',#2449,10.);
#765=VECTOR('',#2450,10.);
#766=VECTOR('',#2453,10.);
#767=VECTOR('',#2456,10.);
#768=VECTOR('',#2457,10.);
#769=VECTOR('',#2458,10.);
#770=VECTOR('',#2461,10.);
#771=VECTOR('',#2462,10.);
#772=VECTOR('',#2465,10.);
#773=VECTOR('',#2466,10.);
#774=VECTOR('',#2469,10.);
#775=VECTOR('',#2472,10.);
#776=VECTOR('',#2473,10.);
#777=VECTOR('',#2474,10.);
#778=VECTOR('',#2477,10.);
#779=VECTOR('',#2478,10.);
#780=VECTOR('',#2481,10.);
#781=VECTOR('',#2482,10.);
#782=VECTOR('',#2485,10.);
#783=VECTOR('',#2488,10.);
#784=VECTOR('',#2489,10.);
#785=VECTOR('',#2490,10.);
#786=VECTOR('',#2493,10.);
#787=VECTOR('',#2494,10.);
#788=VECTOR('',#2497,10.);
#789=VECTOR('',#2498,10.);
#790=VECTOR('',#2501,10.);
#791=VECTOR('',#2504,10.);
#792=VECTOR('',#2505,10.);
#793=VECTOR('',#2506,10.);
#794=VECTOR('',#2509,10.);
#795=VECTOR('',#2510,10.);
#796=VECTOR('',#2513,10.);
#797=VECTOR('',#2514,10.);
#798=VECTOR('',#2517,10.);
#799=VECTOR('',#2520,10.);
#800=VECTOR('',#2521,10.);
#801=VECTOR('',#2522,10.);
#802=VECTOR('',#2525,10.);
#803=VECTOR('',#2526,10.);
#804=VECTOR('',#2529,10.);
#805=VECTOR('',#2530,10.);
#806=VECTOR('',#2533,10.);
#807=VECTOR('',#2536,10.);
#808=VECTOR('',#2537,10.);
#809=VECTOR('',#2538,10.);
#810=VECTOR('',#2541,10.);
#811=VECTOR('',#2542,10.);
#812=VECTOR('',#2545,10.);
#813=VECTOR('',#2546,10.);
#814=VECTOR('',#2549,10.);
#815=VECTOR('',#2552,10.);
#816=VECTOR('',#2553,10.);
#817=VECTOR('',#2554,10.);
#818=VECTOR('',#2557,10.);
#819=VECTOR('',#2558,10.);
#820=VECTOR('',#2561,10.);
#821=VECTOR('',#2562,10.);
#822=VECTOR('',#2565,10.);
#823=VECTOR('',#2568,10.);
#824=VECTOR('',#2569,10.);
#825=VECTOR('',#2570,10.);
#826=VECTOR('',#2573,10.);
#827=VECTOR('',#2574,10.);
#828=VECTOR('',#2577,10.);
#829=VECTOR('',#2578,10.);
#830=VECTOR('',#2581,10.);
#831=VECTOR('',#2584,10.);
#832=VECTOR('',#2585,10.);
#833=VECTOR('',#2586,10.);
#834=VECTOR('',#2589,10.);
#835=VECTOR('',#2590,10.);
#836=VECTOR('',#2593,10.);
#837=VECTOR('',#2594,10.);
#838=VECTOR('',#2597,10.);
#839=VECTOR('',#2600,10.);
#840=VECTOR('',#2601,10.);
#841=VECTOR('',#2602,10.);
#842=VECTOR('',#2605,10.);
#843=VECTOR('',#2606,10.);
#844=VECTOR('',#2609,10.);
#845=VECTOR('',#2610,10.);
#846=VECTOR('',#2613,10.);
#847=VECTOR('',#2616,10.);
#848=VECTOR('',#2619,10.);
#849=CIRCLE('',#1997,2.);
#850=CIRCLE('',#1998,2.);
#851=CIRCLE('',#2001,2.);
#852=CIRCLE('',#2002,2.);
#853=CIRCLE('',#2003,2.);
#854=CIRCLE('',#2004,3.5);
#855=CIRCLE('',#2005,2.);
#856=CIRCLE('',#2006,2.);
#857=CIRCLE('',#2007,2.);
#858=CIRCLE('',#2008,2.);
#859=CIRCLE('',#2009,2.);
#860=CIRCLE('',#2010,2.);
#861=CIRCLE('',#2011,2.);
#862=CIRCLE('',#2012,2.);
#863=CIRCLE('',#2013,2.);
#864=CIRCLE('',#2014,2.);
#865=CIRCLE('',#2015,2.);
#866=CIRCLE('',#2016,2.);
#867=CIRCLE('',#2017,2.);
#868=CIRCLE('',#2018,2.);
#869=CIRCLE('',#2019,2.);
#870=CIRCLE('',#2020,2.);
#871=CIRCLE('',#2022,2.);
#872=CIRCLE('',#2025,2.);
#873=CIRCLE('',#2027,2.);
#874=CIRCLE('',#2029,2.);
#875=CIRCLE('',#2031,2.);
#876=CIRCLE('',#2033,2.);
#877=CIRCLE('',#2035,2.);
#878=CIRCLE('',#2037,2.);
#879=CIRCLE('',#2039,2.);
#880=CIRCLE('',#2041,2.);
#881=CIRCLE('',#2043,2.);
#882=CIRCLE('',#2045,2.);
#883=CIRCLE('',#2047,2.);
#884=CIRCLE('',#2049,2.);
#885=CIRCLE('',#2051,2.);
#886=CIRCLE('',#2053,2.);
#887=CIRCLE('',#2055,2.);
#888=CIRCLE('',#2057,2.);
#889=CIRCLE('',#2059,2.);
#890=CIRCLE('',#2061,3.5);
#891=VERTEX_POINT('',#2624);
#892=VERTEX_POINT('',#2625);
#893=VERTEX_POINT('',#2627);
#894=VERTEX_POINT('',#2629);
#895=VERTEX_POINT('',#2633);
#896=VERTEX_POINT('',#2635);
#897=VERTEX_POINT('',#2639);
#898=VERTEX_POINT('',#2641);
#899=VERTEX_POINT('',#2643);
#900=VERTEX_POINT('',#2645);
#901=VERTEX_POINT('',#2647);
#902=VERTEX_POINT('',#2650);
#903=VERTEX_POINT('',#2652);
#904=VERTEX_POINT('',#2653);
#905=VERTEX_POINT('',#2655);
#906=VERTEX_POINT('',#2657);
#907=VERTEX_POINT('',#2660);
#908=VERTEX_POINT('',#2661);
#909=VERTEX_POINT('',#2663);
#910=VERTEX_POINT('',#2665);
#911=VERTEX_POINT('',#2668);
#912=VERTEX_POINT('',#2669);
#913=VERTEX_POINT('',#2671);
#914=VERTEX_POINT('',#2673);
#915=VERTEX_POINT('',#2676);
#916=VERTEX_POINT('',#2677);
#917=VERTEX_POINT('',#2679);
#918=VERTEX_POINT('',#2681);
#919=VERTEX_POINT('',#2684);
#920=VERTEX_POINT('',#2685);
#921=VERTEX_POINT('',#2687);
#922=VERTEX_POINT('',#2689);
#923=VERTEX_POINT('',#2692);
#924=VERTEX_POINT('',#2693);
#925=VERTEX_POINT('',#2695);
#926=VERTEX_POINT('',#2697);
#927=VERTEX_POINT('',#2700);
#928=VERTEX_POINT('',#2701);
#929=VERTEX_POINT('',#2703);
#930=VERTEX_POINT('',#2705);
#931=VERTEX_POINT('',#2708);
#932=VERTEX_POINT('',#2709);
#933=VERTEX_POINT('',#2711);
#934=VERTEX_POINT('',#2713);
#935=VERTEX_POINT('',#2716);
#936=VERTEX_POINT('',#2717);
#937=VERTEX_POINT('',#2719);
#938=VERTEX_POINT('',#2721);
#939=VERTEX_POINT('',#2724);
#940=VERTEX_POINT('',#2725);
#941=VERTEX_POINT('',#2727);
#942=VERTEX_POINT('',#2729);
#943=VERTEX_POINT('',#2732);
#944=VERTEX_POINT('',#2733);
#945=VERTEX_POINT('',#2735);
#946=VERTEX_POINT('',#2737);
#947=VERTEX_POINT('',#2740);
#948=VERTEX_POINT('',#2741);
#949=VERTEX_POINT('',#2743);
#950=VERTEX_POINT('',#2745);
#951=VERTEX_POINT('',#2748);
#952=VERTEX_POINT('',#2749);
#953=VERTEX_POINT('',#2751);
#954=VERTEX_POINT('',#2753);
#955=VERTEX_POINT('',#2756);
#956=VERTEX_POINT('',#2757);
#957=VERTEX_POINT('',#2759);
#958=VERTEX_POINT('',#2761);
#959=VERTEX_POINT('',#2764);
#960=VERTEX_POINT('',#2765);
#961=VERTEX_POINT('',#2767);
#962=VERTEX_POINT('',#2769);
#963=VERTEX_POINT('',#2772);
#964=VERTEX_POINT('',#2773);
#965=VERTEX_POINT('',#2775);
#966=VERTEX_POINT('',#2777);
#967=VERTEX_POINT('',#2780);
#968=VERTEX_POINT('',#2782);
#969=VERTEX_POINT('',#2784);
#970=VERTEX_POINT('',#2786);
#971=VERTEX_POINT('',#2788);
#972=VERTEX_POINT('',#2790);
#973=VERTEX_POINT('',#2792);
#974=VERTEX_POINT('',#2794);
#975=VERTEX_POINT('',#2796);
#976=VERTEX_POINT('',#2798);
#977=VERTEX_POINT('',#2800);
#978=VERTEX_POINT('',#2802);
#979=VERTEX_POINT('',#2804);
#980=VERTEX_POINT('',#2806);
#981=VERTEX_POINT('',#2808);
#982=VERTEX_POINT('',#2810);
#983=VERTEX_POINT('',#2813);
#984=VERTEX_POINT('',#2815);
#985=VERTEX_POINT('',#2819);
#986=VERTEX_POINT('',#2823);
#987=VERTEX_POINT('',#2827);
#988=VERTEX_POINT('',#2831);
#989=VERTEX_POINT('',#2835);
#990=VERTEX_POINT('',#2839);
#991=VERTEX_POINT('',#2843);
#992=VERTEX_POINT('',#2847);
#993=VERTEX_POINT('',#2851);
#994=VERTEX_POINT('',#2855);
#995=VERTEX_POINT('',#2859);
#996=VERTEX_POINT('',#2863);
#997=VERTEX_POINT('',#2867);
#998=VERTEX_POINT('',#2871);
#999=VERTEX_POINT('',#2875);
#1000=VERTEX_POINT('',#2879);
#1001=VERTEX_POINT('',#2883);
#1002=VERTEX_POINT('',#2887);
#1003=VERTEX_POINT('',#2891);
#1004=VERTEX_POINT('',#2895);
#1005=VERTEX_POINT('',#2899);
#1006=VERTEX_POINT('',#2901);
#1007=VERTEX_POINT('',#2905);
#1008=VERTEX_POINT('',#2909);
#1009=VERTEX_POINT('',#2915);
#1010=VERTEX_POINT('',#2917);
#1011=VERTEX_POINT('',#2921);
#1012=VERTEX_POINT('',#2925);
#1013=VERTEX_POINT('',#2931);
#1014=VERTEX_POINT('',#2933);
#1015=VERTEX_POINT('',#2937);
#1016=VERTEX_POINT('',#2941);
#1017=VERTEX_POINT('',#2947);
#1018=VERTEX_POINT('',#2949);
#1019=VERTEX_POINT('',#2953);
#1020=VERTEX_POINT('',#2957);
#1021=VERTEX_POINT('',#2963);
#1022=VERTEX_POINT('',#2965);
#1023=VERTEX_POINT('',#2969);
#1024=VERTEX_POINT('',#2973);
#1025=VERTEX_POINT('',#2979);
#1026=VERTEX_POINT('',#2981);
#1027=VERTEX_POINT('',#2985);
#1028=VERTEX_POINT('',#2989);
#1029=VERTEX_POINT('',#2995);
#1030=VERTEX_POINT('',#2997);
#1031=VERTEX_POINT('',#3001);
#1032=VERTEX_POINT('',#3005);
#1033=VERTEX_POINT('',#3011);
#1034=VERTEX_POINT('',#3013);
#1035=VERTEX_POINT('',#3017);
#1036=VERTEX_POINT('',#3021);
#1037=VERTEX_POINT('',#3027);
#1038=VERTEX_POINT('',#3029);
#1039=VERTEX_POINT('',#3033);
#1040=VERTEX_POINT('',#3037);
#1041=VERTEX_POINT('',#3043);
#1042=VERTEX_POINT('',#3045);
#1043=VERTEX_POINT('',#3049);
#1044=VERTEX_POINT('',#3053);
#1045=VERTEX_POINT('',#3059);
#1046=VERTEX_POINT('',#3061);
#1047=VERTEX_POINT('',#3065);
#1048=VERTEX_POINT('',#3069);
#1049=VERTEX_POINT('',#3075);
#1050=VERTEX_POINT('',#3077);
#1051=VERTEX_POINT('',#3081);
#1052=VERTEX_POINT('',#3085);
#1053=VERTEX_POINT('',#3091);
#1054=VERTEX_POINT('',#3093);
#1055=VERTEX_POINT('',#3097);
#1056=VERTEX_POINT('',#3101);
#1057=VERTEX_POINT('',#3107);
#1058=VERTEX_POINT('',#3109);
#1059=VERTEX_POINT('',#3113);
#1060=VERTEX_POINT('',#3117);
#1061=VERTEX_POINT('',#3123);
#1062=VERTEX_POINT('',#3125);
#1063=VERTEX_POINT('',#3129);
#1064=VERTEX_POINT('',#3133);
#1065=VERTEX_POINT('',#3139);
#1066=VERTEX_POINT('',#3141);
#1067=VERTEX_POINT('',#3145);
#1068=VERTEX_POINT('',#3149);
#1069=EDGE_CURVE('',#891,#892,#849,.T.);
#1070=EDGE_CURVE('',#892,#893,#399,.T.);
#1071=EDGE_CURVE('',#893,#894,#850,.T.);
#1072=EDGE_CURVE('',#894,#891,#400,.T.);
#1073=EDGE_CURVE('',#895,#892,#401,.T.);
#1074=EDGE_CURVE('',#896,#895,#402,.T.);
#1075=EDGE_CURVE('',#896,#893,#403,.T.);
#1076=EDGE_CURVE('',#891,#897,#404,.T.);
#1077=EDGE_CURVE('',#898,#897,#851,.T.);
#1078=EDGE_CURVE('',#898,#899,#405,.T.);
#1079=EDGE_CURVE('',#900,#899,#852,.T.);
#1080=EDGE_CURVE('',#900,#901,#406,.T.);
#1081=EDGE_CURVE('',#895,#901,#853,.T.);
#1082=EDGE_CURVE('',#902,#902,#854,.T.);
#1083=EDGE_CURVE('',#903,#904,#407,.T.);
#1084=EDGE_CURVE('',#904,#905,#408,.T.);
#1085=EDGE_CURVE('',#905,#906,#409,.T.);
#1086=EDGE_CURVE('',#906,#903,#410,.T.);
#1087=EDGE_CURVE('',#907,#908,#411,.T.);
#1088=EDGE_CURVE('',#908,#909,#412,.T.);
#1089=EDGE_CURVE('',#909,#910,#413,.T.);
#1090=EDGE_CURVE('',#910,#907,#414,.T.);
#1091=EDGE_CURVE('',#911,#912,#415,.T.);
#1092=EDGE_CURVE('',#912,#913,#416,.T.);
#1093=EDGE_CURVE('',#913,#914,#417,.T.);
#1094=EDGE_CURVE('',#914,#911,#418,.T.);
#1095=EDGE_CURVE('',#915,#916,#419,.T.);
#1096=EDGE_CURVE('',#916,#917,#420,.T.);
#1097=EDGE_CURVE('',#917,#918,#421,.T.);
#1098=EDGE_CURVE('',#918,#915,#422,.T.);
#1099=EDGE_CURVE('',#919,#920,#423,.T.);
#1100=EDGE_CURVE('',#920,#921,#424,.T.);
#1101=EDGE_CURVE('',#921,#922,#425,.T.);
#1102=EDGE_CURVE('',#922,#919,#426,.T.);
#1103=EDGE_CURVE('',#923,#924,#427,.T.);
#1104=EDGE_CURVE('',#924,#925,#428,.T.);
#1105=EDGE_CURVE('',#925,#926,#429,.T.);
#1106=EDGE_CURVE('',#926,#923,#430,.T.);
#1107=EDGE_CURVE('',#927,#928,#431,.T.);
#1108=EDGE_CURVE('',#928,#929,#432,.T.);
#1109=EDGE_CURVE('',#929,#930,#433,.T.);
#1110=EDGE_CURVE('',#930,#927,#434,.T.);
#1111=EDGE_CURVE('',#931,#932,#435,.T.);
#1112=EDGE_CURVE('',#932,#933,#436,.T.);
#1113=EDGE_CURVE('',#933,#934,#437,.T.);
#1114=EDGE_CURVE('',#934,#931,#438,.T.);
#1115=EDGE_CURVE('',#935,#936,#439,.T.);
#1116=EDGE_CURVE('',#936,#937,#440,.T.);
#1117=EDGE_CURVE('',#937,#938,#441,.T.);
#1118=EDGE_CURVE('',#938,#935,#442,.T.);
#1119=EDGE_CURVE('',#939,#940,#443,.T.);
#1120=EDGE_CURVE('',#940,#941,#444,.T.);
#1121=EDGE_CURVE('',#941,#942,#445,.T.);
#1122=EDGE_CURVE('',#942,#939,#446,.T.);
#1123=EDGE_CURVE('',#943,#944,#447,.T.);
#1124=EDGE_CURVE('',#944,#945,#448,.T.);
#1125=EDGE_CURVE('',#945,#946,#449,.T.);
#1126=EDGE_CURVE('',#946,#943,#450,.T.);
#1127=EDGE_CURVE('',#947,#948,#451,.T.);
#1128=EDGE_CURVE('',#948,#949,#452,.T.);
#1129=EDGE_CURVE('',#949,#950,#453,.T.);
#1130=EDGE_CURVE('',#950,#947,#454,.T.);
#1131=EDGE_CURVE('',#951,#952,#455,.T.);
#1132=EDGE_CURVE('',#952,#953,#456,.T.);
#1133=EDGE_CURVE('',#953,#954,#457,.T.);
#1134=EDGE_CURVE('',#954,#951,#458,.T.);
#1135=EDGE_CURVE('',#955,#956,#459,.T.);
#1136=EDGE_CURVE('',#956,#957,#460,.T.);
#1137=EDGE_CURVE('',#957,#958,#461,.T.);
#1138=EDGE_CURVE('',#958,#955,#462,.T.);
#1139=EDGE_CURVE('',#959,#960,#463,.T.);
#1140=EDGE_CURVE('',#960,#961,#464,.T.);
#1141=EDGE_CURVE('',#961,#962,#465,.T.);
#1142=EDGE_CURVE('',#962,#959,#466,.T.);
#1143=EDGE_CURVE('',#963,#964,#467,.T.);
#1144=EDGE_CURVE('',#964,#965,#468,.T.);
#1145=EDGE_CURVE('',#965,#966,#469,.T.);
#1146=EDGE_CURVE('',#966,#963,#470,.T.);
#1147=EDGE_CURVE('',#967,#967,#855,.T.);
#1148=EDGE_CURVE('',#968,#968,#856,.T.);
#1149=EDGE_CURVE('',#969,#969,#857,.T.);
#1150=EDGE_CURVE('',#970,#970,#858,.T.);
#1151=EDGE_CURVE('',#971,#971,#859,.T.);
#1152=EDGE_CURVE('',#972,#972,#860,.T.);
#1153=EDGE_CURVE('',#973,#973,#861,.T.);
#1154=EDGE_CURVE('',#974,#974,#862,.T.);
#1155=EDGE_CURVE('',#975,#975,#863,.T.);
#1156=EDGE_CURVE('',#976,#976,#864,.T.);
#1157=EDGE_CURVE('',#977,#977,#865,.T.);
#1158=EDGE_CURVE('',#978,#978,#866,.T.);
#1159=EDGE_CURVE('',#979,#979,#867,.T.);
#1160=EDGE_CURVE('',#980,#980,#868,.T.);
#1161=EDGE_CURVE('',#981,#981,#869,.T.);
#1162=EDGE_CURVE('',#982,#982,#870,.T.);
#1163=EDGE_CURVE('',#897,#983,#471,.T.);
#1164=EDGE_CURVE('',#983,#984,#871,.T.);
#1165=EDGE_CURVE('',#984,#898,#472,.T.);
#1166=EDGE_CURVE('',#984,#985,#473,.T.);
#1167=EDGE_CURVE('',#899,#985,#474,.T.);
#1168=EDGE_CURVE('',#985,#986,#872,.T.);
#1169=EDGE_CURVE('',#986,#900,#475,.T.);
#1170=EDGE_CURVE('',#901,#987,#476,.T.);
#1171=EDGE_CURVE('',#987,#896,#873,.T.);
#1172=EDGE_CURVE('',#982,#988,#477,.T.);
#1173=EDGE_CURVE('',#988,#988,#874,.T.);
#1174=EDGE_CURVE('',#981,#989,#478,.T.);
#1175=EDGE_CURVE('',#989,#989,#875,.T.);
#1176=EDGE_CURVE('',#980,#990,#479,.T.);
#1177=EDGE_CURVE('',#990,#990,#876,.T.);
#1178=EDGE_CURVE('',#979,#991,#480,.T.);
#1179=EDGE_CURVE('',#991,#991,#877,.T.);
#1180=EDGE_CURVE('',#978,#992,#481,.T.);
#1181=EDGE_CURVE('',#992,#992,#878,.T.);
#1182=EDGE_CURVE('',#977,#993,#482,.T.);
#1183=EDGE_CURVE('',#993,#993,#879,.T.);
#1184=EDGE_CURVE('',#976,#994,#483,.T.);
#1185=EDGE_CURVE('',#994,#994,#880,.T.);
#1186=EDGE_CURVE('',#975,#995,#484,.T.);
#1187=EDGE_CURVE('',#995,#995,#881,.T.);
#1188=EDGE_CURVE('',#974,#996,#485,.T.);
#1189=EDGE_CURVE('',#996,#996,#882,.T.);
#1190=EDGE_CURVE('',#973,#997,#486,.T.);
#1191=EDGE_CURVE('',#997,#997,#883,.T.);
#1192=EDGE_CURVE('',#972,#998,#487,.T.);
#1193=EDGE_CURVE('',#998,#998,#884,.T.);
#1194=EDGE_CURVE('',#971,#999,#488,.T.);
#1195=EDGE_CURVE('',#999,#999,#885,.T.);
#1196=EDGE_CURVE('',#970,#1000,#489,.T.);
#1197=EDGE_CURVE('',#1000,#1000,#886,.T.);
#1198=EDGE_CURVE('',#969,#1001,#490,.T.);
#1199=EDGE_CURVE('',#1001,#1001,#887,.T.);
#1200=EDGE_CURVE('',#968,#1002,#491,.T.);
#1201=EDGE_CURVE('',#1002,#1002,#888,.T.);
#1202=EDGE_CURVE('',#967,#1003,#492,.T.);
#1203=EDGE_CURVE('',#1003,#1003,#889,.T.);
#1204=EDGE_CURVE('',#902,#1004,#493,.T.);
#1205=EDGE_CURVE('',#1004,#1004,#890,.T.);
#1206=EDGE_CURVE('',#963,#1005,#494,.T.);
#1207=EDGE_CURVE('',#1006,#1005,#495,.T.);
#1208=EDGE_CURVE('',#964,#1006,#496,.T.);
#1209=EDGE_CURVE('',#966,#1007,#497,.T.);
#1210=EDGE_CURVE('',#1005,#1007,#498,.T.);
#1211=EDGE_CURVE('',#965,#1008,#499,.T.);
#1212=EDGE_CURVE('',#1007,#1008,#500,.T.);
#1213=EDGE_CURVE('',#1008,#1006,#501,.T.);
#1214=EDGE_CURVE('',#959,#1009,#502,.T.);
#1215=EDGE_CURVE('',#1010,#1009,#503,.T.);
#1216=EDGE_CURVE('',#960,#1010,#504,.T.);
#1217=EDGE_CURVE('',#962,#1011,#505,.T.);
#1218=EDGE_CURVE('',#1009,#1011,#506,.T.);
#1219=EDGE_CURVE('',#961,#1012,#507,.T.);
#1220=EDGE_CURVE('',#1011,#1012,#508,.T.);
#1221=EDGE_CURVE('',#1012,#1010,#509,.T.);
#1222=EDGE_CURVE('',#955,#1013,#510,.T.);
#1223=EDGE_CURVE('',#1014,#1013,#511,.T.);
#1224=EDGE_CURVE('',#956,#1014,#512,.T.);
#1225=EDGE_CURVE('',#958,#1015,#513,.T.);
#1226=EDGE_CURVE('',#1013,#1015,#514,.T.);
#1227=EDGE_CURVE('',#957,#1016,#515,.T.);
#1228=EDGE_CURVE('',#1015,#1016,#516,.T.);
#1229=EDGE_CURVE('',#1016,#1014,#517,.T.);
#1230=EDGE_CURVE('',#951,#1017,#518,.T.);
#1231=EDGE_CURVE('',#1018,#1017,#519,.T.);
#1232=EDGE_CURVE('',#952,#1018,#520,.T.);
#1233=EDGE_CURVE('',#954,#1019,#521,.T.);
#1234=EDGE_CURVE('',#1017,#1019,#522,.T.);
#1235=EDGE_CURVE('',#953,#1020,#523,.T.);
#1236=EDGE_CURVE('',#1019,#1020,#524,.T.);
#1237=EDGE_CURVE('',#1020,#1018,#525,.T.);
#1238=EDGE_CURVE('',#947,#1021,#526,.T.);
#1239=EDGE_CURVE('',#1022,#1021,#527,.T.);
#1240=EDGE_CURVE('',#948,#1022,#528,.T.);
#1241=EDGE_CURVE('',#950,#1023,#529,.T.);
#1242=EDGE_CURVE('',#1021,#1023,#530,.T.);
#1243=EDGE_CURVE('',#949,#1024,#531,.T.);
#1244=EDGE_CURVE('',#1023,#1024,#532,.T.);
#1245=EDGE_CURVE('',#1024,#1022,#533,.T.);
#1246=EDGE_CURVE('',#943,#1025,#534,.T.);
#1247=EDGE_CURVE('',#1026,#1025,#535,.T.);
#1248=EDGE_CURVE('',#944,#1026,#536,.T.);
#1249=EDGE_CURVE('',#946,#1027,#537,.T.);
#1250=EDGE_CURVE('',#1025,#1027,#538,.T.);
#1251=EDGE_CURVE('',#945,#1028,#539,.T.);
#1252=EDGE_CURVE('',#1027,#1028,#540,.T.);
#1253=EDGE_CURVE('',#1028,#1026,#541,.T.);
#1254=EDGE_CURVE('',#939,#1029,#542,.T.);
#1255=EDGE_CURVE('',#1030,#1029,#543,.T.);
#1256=EDGE_CURVE('',#940,#1030,#544,.T.);
#1257=EDGE_CURVE('',#942,#1031,#545,.T.);
#1258=EDGE_CURVE('',#1029,#1031,#546,.T.);
#1259=EDGE_CURVE('',#941,#1032,#547,.T.);
#1260=EDGE_CURVE('',#1031,#1032,#548,.T.);
#1261=EDGE_CURVE('',#1032,#1030,#549,.T.);
#1262=EDGE_CURVE('',#935,#1033,#550,.T.);
#1263=EDGE_CURVE('',#1034,#1033,#551,.T.);
#1264=EDGE_CURVE('',#936,#1034,#552,.T.);
#1265=EDGE_CURVE('',#938,#1035,#553,.T.);
#1266=EDGE_CURVE('',#1033,#1035,#554,.T.);
#1267=EDGE_CURVE('',#937,#1036,#555,.T.);
#1268=EDGE_CURVE('',#1035,#1036,#556,.T.);
#1269=EDGE_CURVE('',#1036,#1034,#557,.T.);
#1270=EDGE_CURVE('',#931,#1037,#558,.T.);
#1271=EDGE_CURVE('',#1038,#1037,#559,.T.);
#1272=EDGE_CURVE('',#932,#1038,#560,.T.);
#1273=EDGE_CURVE('',#934,#1039,#561,.T.);
#1274=EDGE_CURVE('',#1037,#1039,#562,.T.);
#1275=EDGE_CURVE('',#933,#1040,#563,.T.);
#1276=EDGE_CURVE('',#1039,#1040,#564,.T.);
#1277=EDGE_CURVE('',#1040,#1038,#565,.T.);
#1278=EDGE_CURVE('',#927,#1041,#566,.T.);
#1279=EDGE_CURVE('',#1042,#1041,#567,.T.);
#1280=EDGE_CURVE('',#928,#1042,#568,.T.);
#1281=EDGE_CURVE('',#930,#1043,#569,.T.);
#1282=EDGE_CURVE('',#1041,#1043,#570,.T.);
#1283=EDGE_CURVE('',#929,#1044,#571,.T.);
#1284=EDGE_CURVE('',#1043,#1044,#572,.T.);
#1285=EDGE_CURVE('',#1044,#1042,#573,.T.);
#1286=EDGE_CURVE('',#923,#1045,#574,.T.);
#1287=EDGE_CURVE('',#1046,#1045,#575,.T.);
#1288=EDGE_CURVE('',#924,#1046,#576,.T.);
#1289=EDGE_CURVE('',#926,#1047,#577,.T.);
#1290=EDGE_CURVE('',#1045,#1047,#578,.T.);
#1291=EDGE_CURVE('',#925,#1048,#579,.T.);
#1292=EDGE_CURVE('',#1047,#1048,#580,.T.);
#1293=EDGE_CURVE('',#1048,#1046,#581,.T.);
#1294=EDGE_CURVE('',#919,#1049,#582,.T.);
#1295=EDGE_CURVE('',#1050,#1049,#583,.T.);
#1296=EDGE_CURVE('',#920,#1050,#584,.T.);
#1297=EDGE_CURVE('',#922,#1051,#585,.T.);
#1298=EDGE_CURVE('',#1049,#1051,#586,.T.);
#1299=EDGE_CURVE('',#921,#1052,#587,.T.);
#1300=EDGE_CURVE('',#1051,#1052,#588,.T.);
#1301=EDGE_CURVE('',#1052,#1050,#589,.T.);
#1302=EDGE_CURVE('',#915,#1053,#590,.T.);
#1303=EDGE_CURVE('',#1054,#1053,#591,.T.);
#1304=EDGE_CURVE('',#916,#1054,#592,.T.);
#1305=EDGE_CURVE('',#918,#1055,#593,.T.);
#1306=EDGE_CURVE('',#1053,#1055,#594,.T.);
#1307=EDGE_CURVE('',#917,#1056,#595,.T.);
#1308=EDGE_CURVE('',#1055,#1056,#596,.T.);
#1309=EDGE_CURVE('',#1056,#1054,#597,.T.);
#1310=EDGE_CURVE('',#911,#1057,#598,.T.);
#1311=EDGE_CURVE('',#1058,#1057,#599,.T.);
#1312=EDGE_CURVE('',#912,#1058,#600,.T.);
#1313=EDGE_CURVE('',#914,#1059,#601,.T.);
#1314=EDGE_CURVE('',#1057,#1059,#602,.T.);
#1315=EDGE_CURVE('',#913,#1060,#603,.T.);
#1316=EDGE_CURVE('',#1059,#1060,#604,.T.);
#1317=EDGE_CURVE('',#1060,#1058,#605,.T.);
#1318=EDGE_CURVE('',#907,#1061,#606,.T.);
#1319=EDGE_CURVE('',#1062,#1061,#607,.T.);
#1320=EDGE_CURVE('',#908,#1062,#608,.T.);
#1321=EDGE_CURVE('',#910,#1063,#609,.T.);
#1322=EDGE_CURVE('',#1061,#1063,#610,.T.);
#1323=EDGE_CURVE('',#909,#1064,#611,.T.);
#1324=EDGE_CURVE('',#1063,#1064,#612,.T.);
#1325=EDGE_CURVE('',#1064,#1062,#613,.T.);
#1326=EDGE_CURVE('',#903,#1065,#614,.T.);
#1327=EDGE_CURVE('',#1066,#1065,#615,.T.);
#1328=EDGE_CURVE('',#904,#1066,#616,.T.);
#1329=EDGE_CURVE('',#906,#1067,#617,.T.);
#1330=EDGE_CURVE('',#1065,#1067,#618,.T.);
#1331=EDGE_CURVE('',#905,#1068,#619,.T.);
#1332=EDGE_CURVE('',#1067,#1068,#620,.T.);
#1333=EDGE_CURVE('',#1068,#1066,#621,.T.);
#1334=EDGE_CURVE('',#986,#987,#622,.T.);
#1335=EDGE_CURVE('',#894,#983,#623,.T.);
#1336=ORIENTED_EDGE('',*,*,#1069,.T.);
#1337=ORIENTED_EDGE('',*,*,#1070,.T.);
#1338=ORIENTED_EDGE('',*,*,#1071,.T.);
#1339=ORIENTED_EDGE('',*,*,#1072,.T.);
#1340=ORIENTED_EDGE('',*,*,#1070,.F.);
#1341=ORIENTED_EDGE('',*,*,#1073,.F.);
#1342=ORIENTED_EDGE('',*,*,#1074,.F.);
#1343=ORIENTED_EDGE('',*,*,#1075,.T.);
#1344=ORIENTED_EDGE('',*,*,#1069,.F.);
#1345=ORIENTED_EDGE('',*,*,#1076,.T.);
#1346=ORIENTED_EDGE('',*,*,#1077,.F.);
#1347=ORIENTED_EDGE('',*,*,#1078,.T.);
#1348=ORIENTED_EDGE('',*,*,#1079,.F.);
#1349=ORIENTED_EDGE('',*,*,#1080,.T.);
#1350=ORIENTED_EDGE('',*,*,#1081,.F.);
#1351=ORIENTED_EDGE('',*,*,#1073,.T.);
#1352=ORIENTED_EDGE('',*,*,#1082,.T.);
#1353=ORIENTED_EDGE('',*,*,#1083,.T.);
#1354=ORIENTED_EDGE('',*,*,#1084,.T.);
#1355=ORIENTED_EDGE('',*,*,#1085,.T.);
#1356=ORIENTED_EDGE('',*,*,#1086,.T.);
#1357=ORIENTED_EDGE('',*,*,#1087,.T.);
#1358=ORIENTED_EDGE('',*,*,#1088,.T.);
#1359=ORIENTED_EDGE('',*,*,#1089,.T.);
#1360=ORIENTED_EDGE('',*,*,#1090,.T.);
#1361=ORIENTED_EDGE('',*,*,#1091,.T.);
#1362=ORIENTED_EDGE('',*,*,#1092,.T.);
#1363=ORIENTED_EDGE('',*,*,#1093,.T.);
#1364=ORIENTED_EDGE('',*,*,#1094,.T.);
#1365=ORIENTED_EDGE('',*,*,#1095,.T.);
#1366=ORIENTED_EDGE('',*,*,#1096,.T.);
#1367=ORIENTED_EDGE('',*,*,#1097,.T.);
#1368=ORIENTED_EDGE('',*,*,#1098,.T.);
#1369=ORIENTED_EDGE('',*,*,#1099,.T.);
#1370=ORIENTED_EDGE('',*,*,#1100,.T.);
#1371=ORIENTED_EDGE('',*,*,#1101,.T.);
#1372=ORIENTED_EDGE('',*,*,#1102,.T.);
#1373=ORIENTED_EDGE('',*,*,#1103,.T.);
#1374=ORIENTED_EDGE('',*,*,#1104,.T.);
#1375=ORIENTED_EDGE('',*,*,#1105,.T.);
#1376=ORIENTED_EDGE('',*,*,#1106,.T.);
#1377=ORIENTED_EDGE('',*,*,#1107,.T.);
#1378=ORIENTED_EDGE('',*,*,#1108,.T.);
#1379=ORIENTED_EDGE('',*,*,#1109,.T.);
#1380=ORIENTED_EDGE('',*,*,#1110,.T.);
#1381=ORIENTED_EDGE('',*,*,#1111,.T.);
#1382=ORIENTED_EDGE('',*,*,#1112,.T.);
#1383=ORIENTED_EDGE('',*,*,#1113,.T.);
#1384=ORIENTED_EDGE('',*,*,#1114,.T.);
#1385=ORIENTED_EDGE('',*,*,#1115,.T.);
#1386=ORIENTED_EDGE('',*,*,#1116,.T.);
#1387=ORIENTED_EDGE('',*,*,#1117,.T.);
#1388=ORIENTED_EDGE('',*,*,#1118,.T.);
#1389=ORIENTED_EDGE('',*,*,#1119,.T.);
#1390=ORIENTED_EDGE('',*,*,#1120,.T.);
#1391=ORIENTED_EDGE('',*,*,#1121,.T.);
#1392=ORIENTED_EDGE('',*,*,#1122,.T.);
#1393=ORIENTED_EDGE('',*,*,#1123,.T.);
#1394=ORIENTED_EDGE('',*,*,#1124,.T.);
#1395=ORIENTED_EDGE('',*,*,#1125,.T.);
#1396=ORIENTED_EDGE('',*,*,#1126,.T.);
#1397=ORIENTED_EDGE('',*,*,#1127,.T.);
#1398=ORIENTED_EDGE('',*,*,#1128,.T.);
#1399=ORIENTED_EDGE('',*,*,#1129,.T.);
#1400=ORIENTED_EDGE('',*,*,#1130,.T.);
#1401=ORIENTED_EDGE('',*,*,#1131,.T.);
#1402=ORIENTED_EDGE('',*,*,#1132,.T.);
#1403=ORIENTED_EDGE('',*,*,#1133,.T.);
#1404=ORIENTED_EDGE('',*,*,#1134,.T.);
#1405=ORIENTED_EDGE('',*,*,#1135,.T.);
#1406=ORIENTED_EDGE('',*,*,#1136,.T.);
#1407=ORIENTED_EDGE('',*,*,#1137,.T.);
#1408=ORIENTED_EDGE('',*,*,#1138,.T.);
#1409=ORIENTED_EDGE('',*,*,#1139,.T.);
#1410=ORIENTED_EDGE('',*,*,#1140,.T.);
#1411=ORIENTED_EDGE('',*,*,#1141,.T.);
#1412=ORIENTED_EDGE('',*,*,#1142,.T.);
#1413=ORIENTED_EDGE('',*,*,#1143,.T.);
#1414=ORIENTED_EDGE('',*,*,#1144,.T.);
#1415=ORIENTED_EDGE('',*,*,#1145,.T.);
#1416=ORIENTED_EDGE('',*,*,#1146,.T.);
#1417=ORIENTED_EDGE('',*,*,#1147,.T.);
#1418=ORIENTED_EDGE('',*,*,#1148,.T.);
#1419=ORIENTED_EDGE('',*,*,#1149,.T.);
#1420=ORIENTED_EDGE('',*,*,#1150,.T.);
#1421=ORIENTED_EDGE('',*,*,#1151,.T.);
#1422=ORIENTED_EDGE('',*,*,#1152,.T.);
#1423=ORIENTED_EDGE('',*,*,#1153,.T.);
#1424=ORIENTED_EDGE('',*,*,#1154,.T.);
#1425=ORIENTED_EDGE('',*,*,#1155,.T.);
#1426=ORIENTED_EDGE('',*,*,#1156,.T.);
#1427=ORIENTED_EDGE('',*,*,#1157,.T.);
#1428=ORIENTED_EDGE('',*,*,#1158,.T.);
#1429=ORIENTED_EDGE('',*,*,#1159,.T.);
#1430=ORIENTED_EDGE('',*,*,#1160,.T.);
#1431=ORIENTED_EDGE('',*,*,#1161,.T.);
#1432=ORIENTED_EDGE('',*,*,#1162,.T.);
#1433=ORIENTED_EDGE('',*,*,#1077,.T.);
#1434=ORIENTED_EDGE('',*,*,#1163,.T.);
#1435=ORIENTED_EDGE('',*,*,#1164,.T.);
#1436=ORIENTED_EDGE('',*,*,#1165,.T.);
#1437=ORIENTED_EDGE('',*,*,#1165,.F.);
#1438=ORIENTED_EDGE('',*,*,#1166,.T.);
#1439=ORIENTED_EDGE('',*,*,#1167,.F.);
#1440=ORIENTED_EDGE('',*,*,#1078,.F.);
#1441=ORIENTED_EDGE('',*,*,#1079,.T.);
#1442=ORIENTED_EDGE('',*,*,#1167,.T.);
#1443=ORIENTED_EDGE('',*,*,#1168,.T.);
#1444=ORIENTED_EDGE('',*,*,#1169,.T.);
#1445=ORIENTED_EDGE('',*,*,#1081,.T.);
#1446=ORIENTED_EDGE('',*,*,#1170,.T.);
#1447=ORIENTED_EDGE('',*,*,#1171,.T.);
#1448=ORIENTED_EDGE('',*,*,#1074,.T.);
#1449=ORIENTED_EDGE('',*,*,#1162,.F.);
#1450=ORIENTED_EDGE('',*,*,#1172,.T.);
#1451=ORIENTED_EDGE('',*,*,#1173,.F.);
#1452=ORIENTED_EDGE('',*,*,#1172,.F.);
#1453=ORIENTED_EDGE('',*,*,#1161,.F.);
#1454=ORIENTED_EDGE('',*,*,#1174,.T.);
#1455=ORIENTED_EDGE('',*,*,#1175,.F.);
#1456=ORIENTED_EDGE('',*,*,#1174,.F.);
#1457=ORIENTED_EDGE('',*,*,#1160,.F.);
#1458=ORIENTED_EDGE('',*,*,#1176,.T.);
#1459=ORIENTED_EDGE('',*,*,#1177,.F.);
#1460=ORIENTED_EDGE('',*,*,#1176,.F.);
#1461=ORIENTED_EDGE('',*,*,#1159,.F.);
#1462=ORIENTED_EDGE('',*,*,#1178,.T.);
#1463=ORIENTED_EDGE('',*,*,#1179,.F.);
#1464=ORIENTED_EDGE('',*,*,#1178,.F.);
#1465=ORIENTED_EDGE('',*,*,#1158,.F.);
#1466=ORIENTED_EDGE('',*,*,#1180,.T.);
#1467=ORIENTED_EDGE('',*,*,#1181,.F.);
#1468=ORIENTED_EDGE('',*,*,#1180,.F.);
#1469=ORIENTED_EDGE('',*,*,#1157,.F.);
#1470=ORIENTED_EDGE('',*,*,#1182,.T.);
#1471=ORIENTED_EDGE('',*,*,#1183,.F.);
#1472=ORIENTED_EDGE('',*,*,#1182,.F.);
#1473=ORIENTED_EDGE('',*,*,#1156,.F.);
#1474=ORIENTED_EDGE('',*,*,#1184,.T.);
#1475=ORIENTED_EDGE('',*,*,#1185,.F.);
#1476=ORIENTED_EDGE('',*,*,#1184,.F.);
#1477=ORIENTED_EDGE('',*,*,#1155,.F.);
#1478=ORIENTED_EDGE('',*,*,#1186,.T.);
#1479=ORIENTED_EDGE('',*,*,#1187,.F.);
#1480=ORIENTED_EDGE('',*,*,#1186,.F.);
#1481=ORIENTED_EDGE('',*,*,#1154,.F.);
#1482=ORIENTED_EDGE('',*,*,#1188,.T.);
#1483=ORIENTED_EDGE('',*,*,#1189,.F.);
#1484=ORIENTED_EDGE('',*,*,#1188,.F.);
#1485=ORIENTED_EDGE('',*,*,#1153,.F.);
#1486=ORIENTED_EDGE('',*,*,#1190,.T.);
#1487=ORIENTED_EDGE('',*,*,#1191,.F.);
#1488=ORIENTED_EDGE('',*,*,#1190,.F.);
#1489=ORIENTED_EDGE('',*,*,#1152,.F.);
#1490=ORIENTED_EDGE('',*,*,#1192,.T.);
#1491=ORIENTED_EDGE('',*,*,#1193,.F.);
#1492=ORIENTED_EDGE('',*,*,#1192,.F.);
#1493=ORIENTED_EDGE('',*,*,#1151,.F.);
#1494=ORIENTED_EDGE('',*,*,#1194,.T.);
#1495=ORIENTED_EDGE('',*,*,#1195,.F.);
#1496=ORIENTED_EDGE('',*,*,#1194,.F.);
#1497=ORIENTED_EDGE('',*,*,#1150,.F.);
#1498=ORIENTED_EDGE('',*,*,#1196,.T.);
#1499=ORIENTED_EDGE('',*,*,#1197,.F.);
#1500=ORIENTED_EDGE('',*,*,#1196,.F.);
#1501=ORIENTED_EDGE('',*,*,#1149,.F.);
#1502=ORIENTED_EDGE('',*,*,#1198,.T.);
#1503=ORIENTED_EDGE('',*,*,#1199,.F.);
#1504=ORIENTED_EDGE('',*,*,#1198,.F.);
#1505=ORIENTED_EDGE('',*,*,#1148,.F.);
#1506=ORIENTED_EDGE('',*,*,#1200,.T.);
#1507=ORIENTED_EDGE('',*,*,#1201,.F.);
#1508=ORIENTED_EDGE('',*,*,#1200,.F.);
#1509=ORIENTED_EDGE('',*,*,#1147,.F.);
#1510=ORIENTED_EDGE('',*,*,#1202,.T.);
#1511=ORIENTED_EDGE('',*,*,#1203,.F.);
#1512=ORIENTED_EDGE('',*,*,#1202,.F.);
#1513=ORIENTED_EDGE('',*,*,#1082,.F.);
#1514=ORIENTED_EDGE('',*,*,#1204,.T.);
#1515=ORIENTED_EDGE('',*,*,#1205,.F.);
#1516=ORIENTED_EDGE('',*,*,#1204,.F.);
#1517=ORIENTED_EDGE('',*,*,#1143,.F.);
#1518=ORIENTED_EDGE('',*,*,#1206,.T.);
#1519=ORIENTED_EDGE('',*,*,#1207,.F.);
#1520=ORIENTED_EDGE('',*,*,#1208,.F.);
#1521=ORIENTED_EDGE('',*,*,#1146,.F.);
#1522=ORIENTED_EDGE('',*,*,#1209,.T.);
#1523=ORIENTED_EDGE('',*,*,#1210,.F.);
#1524=ORIENTED_EDGE('',*,*,#1206,.F.);
#1525=ORIENTED_EDGE('',*,*,#1145,.F.);
#1526=ORIENTED_EDGE('',*,*,#1211,.T.);
#1527=ORIENTED_EDGE('',*,*,#1212,.F.);
#1528=ORIENTED_EDGE('',*,*,#1209,.F.);
#1529=ORIENTED_EDGE('',*,*,#1144,.F.);
#1530=ORIENTED_EDGE('',*,*,#1208,.T.);
#1531=ORIENTED_EDGE('',*,*,#1213,.F.);
#1532=ORIENTED_EDGE('',*,*,#1211,.F.);
#1533=ORIENTED_EDGE('',*,*,#1139,.F.);
#1534=ORIENTED_EDGE('',*,*,#1214,.T.);
#1535=ORIENTED_EDGE('',*,*,#1215,.F.);
#1536=ORIENTED_EDGE('',*,*,#1216,.F.);
#1537=ORIENTED_EDGE('',*,*,#1142,.F.);
#1538=ORIENTED_EDGE('',*,*,#1217,.T.);
#1539=ORIENTED_EDGE('',*,*,#1218,.F.);
#1540=ORIENTED_EDGE('',*,*,#1214,.F.);
#1541=ORIENTED_EDGE('',*,*,#1141,.F.);
#1542=ORIENTED_EDGE('',*,*,#1219,.T.);
#1543=ORIENTED_EDGE('',*,*,#1220,.F.);
#1544=ORIENTED_EDGE('',*,*,#1217,.F.);
#1545=ORIENTED_EDGE('',*,*,#1140,.F.);
#1546=ORIENTED_EDGE('',*,*,#1216,.T.);
#1547=ORIENTED_EDGE('',*,*,#1221,.F.);
#1548=ORIENTED_EDGE('',*,*,#1219,.F.);
#1549=ORIENTED_EDGE('',*,*,#1135,.F.);
#1550=ORIENTED_EDGE('',*,*,#1222,.T.);
#1551=ORIENTED_EDGE('',*,*,#1223,.F.);
#1552=ORIENTED_EDGE('',*,*,#1224,.F.);
#1553=ORIENTED_EDGE('',*,*,#1138,.F.);
#1554=ORIENTED_EDGE('',*,*,#1225,.T.);
#1555=ORIENTED_EDGE('',*,*,#1226,.F.);
#1556=ORIENTED_EDGE('',*,*,#1222,.F.);
#1557=ORIENTED_EDGE('',*,*,#1137,.F.);
#1558=ORIENTED_EDGE('',*,*,#1227,.T.);
#1559=ORIENTED_EDGE('',*,*,#1228,.F.);
#1560=ORIENTED_EDGE('',*,*,#1225,.F.);
#1561=ORIENTED_EDGE('',*,*,#1136,.F.);
#1562=ORIENTED_EDGE('',*,*,#1224,.T.);
#1563=ORIENTED_EDGE('',*,*,#1229,.F.);
#1564=ORIENTED_EDGE('',*,*,#1227,.F.);
#1565=ORIENTED_EDGE('',*,*,#1131,.F.);
#1566=ORIENTED_EDGE('',*,*,#1230,.T.);
#1567=ORIENTED_EDGE('',*,*,#1231,.F.);
#1568=ORIENTED_EDGE('',*,*,#1232,.F.);
#1569=ORIENTED_EDGE('',*,*,#1134,.F.);
#1570=ORIENTED_EDGE('',*,*,#1233,.T.);
#1571=ORIENTED_EDGE('',*,*,#1234,.F.);
#1572=ORIENTED_EDGE('',*,*,#1230,.F.);
#1573=ORIENTED_EDGE('',*,*,#1133,.F.);
#1574=ORIENTED_EDGE('',*,*,#1235,.T.);
#1575=ORIENTED_EDGE('',*,*,#1236,.F.);
#1576=ORIENTED_EDGE('',*,*,#1233,.F.);
#1577=ORIENTED_EDGE('',*,*,#1132,.F.);
#1578=ORIENTED_EDGE('',*,*,#1232,.T.);
#1579=ORIENTED_EDGE('',*,*,#1237,.F.);
#1580=ORIENTED_EDGE('',*,*,#1235,.F.);
#1581=ORIENTED_EDGE('',*,*,#1127,.F.);
#1582=ORIENTED_EDGE('',*,*,#1238,.T.);
#1583=ORIENTED_EDGE('',*,*,#1239,.F.);
#1584=ORIENTED_EDGE('',*,*,#1240,.F.);
#1585=ORIENTED_EDGE('',*,*,#1130,.F.);
#1586=ORIENTED_EDGE('',*,*,#1241,.T.);
#1587=ORIENTED_EDGE('',*,*,#1242,.F.);
#1588=ORIENTED_EDGE('',*,*,#1238,.F.);
#1589=ORIENTED_EDGE('',*,*,#1129,.F.);
#1590=ORIENTED_EDGE('',*,*,#1243,.T.);
#1591=ORIENTED_EDGE('',*,*,#1244,.F.);
#1592=ORIENTED_EDGE('',*,*,#1241,.F.);
#1593=ORIENTED_EDGE('',*,*,#1128,.F.);
#1594=ORIENTED_EDGE('',*,*,#1240,.T.);
#1595=ORIENTED_EDGE('',*,*,#1245,.F.);
#1596=ORIENTED_EDGE('',*,*,#1243,.F.);
#1597=ORIENTED_EDGE('',*,*,#1123,.F.);
#1598=ORIENTED_EDGE('',*,*,#1246,.T.);
#1599=ORIENTED_EDGE('',*,*,#1247,.F.);
#1600=ORIENTED_EDGE('',*,*,#1248,.F.);
#1601=ORIENTED_EDGE('',*,*,#1126,.F.);
#1602=ORIENTED_EDGE('',*,*,#1249,.T.);
#1603=ORIENTED_EDGE('',*,*,#1250,.F.);
#1604=ORIENTED_EDGE('',*,*,#1246,.F.);
#1605=ORIENTED_EDGE('',*,*,#1125,.F.);
#1606=ORIENTED_EDGE('',*,*,#1251,.T.);
#1607=ORIENTED_EDGE('',*,*,#1252,.F.);
#1608=ORIENTED_EDGE('',*,*,#1249,.F.);
#1609=ORIENTED_EDGE('',*,*,#1124,.F.);
#1610=ORIENTED_EDGE('',*,*,#1248,.T.);
#1611=ORIENTED_EDGE('',*,*,#1253,.F.);
#1612=ORIENTED_EDGE('',*,*,#1251,.F.);
#1613=ORIENTED_EDGE('',*,*,#1119,.F.);
#1614=ORIENTED_EDGE('',*,*,#1254,.T.);
#1615=ORIENTED_EDGE('',*,*,#1255,.F.);
#1616=ORIENTED_EDGE('',*,*,#1256,.F.);
#1617=ORIENTED_EDGE('',*,*,#1122,.F.);
#1618=ORIENTED_EDGE('',*,*,#1257,.T.);
#1619=ORIENTED_EDGE('',*,*,#1258,.F.);
#1620=ORIENTED_EDGE('',*,*,#1254,.F.);
#1621=ORIENTED_EDGE('',*,*,#1121,.F.);
#1622=ORIENTED_EDGE('',*,*,#1259,.T.);
#1623=ORIENTED_EDGE('',*,*,#1260,.F.);
#1624=ORIENTED_EDGE('',*,*,#1257,.F.);
#1625=ORIENTED_EDGE('',*,*,#1120,.F.);
#1626=ORIENTED_EDGE('',*,*,#1256,.T.);
#1627=ORIENTED_EDGE('',*,*,#1261,.F.);
#1628=ORIENTED_EDGE('',*,*,#1259,.F.);
#1629=ORIENTED_EDGE('',*,*,#1115,.F.);
#1630=ORIENTED_EDGE('',*,*,#1262,.T.);
#1631=ORIENTED_EDGE('',*,*,#1263,.F.);
#1632=ORIENTED_EDGE('',*,*,#1264,.F.);
#1633=ORIENTED_EDGE('',*,*,#1118,.F.);
#1634=ORIENTED_EDGE('',*,*,#1265,.T.);
#1635=ORIENTED_EDGE('',*,*,#1266,.F.);
#1636=ORIENTED_EDGE('',*,*,#1262,.F.);
#1637=ORIENTED_EDGE('',*,*,#1117,.F.);
#1638=ORIENTED_EDGE('',*,*,#1267,.T.);
#1639=ORIENTED_EDGE('',*,*,#1268,.F.);
#1640=ORIENTED_EDGE('',*,*,#1265,.F.);
#1641=ORIENTED_EDGE('',*,*,#1116,.F.);
#1642=ORIENTED_EDGE('',*,*,#1264,.T.);
#1643=ORIENTED_EDGE('',*,*,#1269,.F.);
#1644=ORIENTED_EDGE('',*,*,#1267,.F.);
#1645=ORIENTED_EDGE('',*,*,#1111,.F.);
#1646=ORIENTED_EDGE('',*,*,#1270,.T.);
#1647=ORIENTED_EDGE('',*,*,#1271,.F.);
#1648=ORIENTED_EDGE('',*,*,#1272,.F.);
#1649=ORIENTED_EDGE('',*,*,#1114,.F.);
#1650=ORIENTED_EDGE('',*,*,#1273,.T.);
#1651=ORIENTED_EDGE('',*,*,#1274,.F.);
#1652=ORIENTED_EDGE('',*,*,#1270,.F.);
#1653=ORIENTED_EDGE('',*,*,#1113,.F.);
#1654=ORIENTED_EDGE('',*,*,#1275,.T.);
#1655=ORIENTED_EDGE('',*,*,#1276,.F.);
#1656=ORIENTED_EDGE('',*,*,#1273,.F.);
#1657=ORIENTED_EDGE('',*,*,#1112,.F.);
#1658=ORIENTED_EDGE('',*,*,#1272,.T.);
#1659=ORIENTED_EDGE('',*,*,#1277,.F.);
#1660=ORIENTED_EDGE('',*,*,#1275,.F.);
#1661=ORIENTED_EDGE('',*,*,#1107,.F.);
#1662=ORIENTED_EDGE('',*,*,#1278,.T.);
#1663=ORIENTED_EDGE('',*,*,#1279,.F.);
#1664=ORIENTED_EDGE('',*,*,#1280,.F.);
#1665=ORIENTED_EDGE('',*,*,#1110,.F.);
#1666=ORIENTED_EDGE('',*,*,#1281,.T.);
#1667=ORIENTED_EDGE('',*,*,#1282,.F.);
#1668=ORIENTED_EDGE('',*,*,#1278,.F.);
#1669=ORIENTED_EDGE('',*,*,#1109,.F.);
#1670=ORIENTED_EDGE('',*,*,#1283,.T.);
#1671=ORIENTED_EDGE('',*,*,#1284,.F.);
#1672=ORIENTED_EDGE('',*,*,#1281,.F.);
#1673=ORIENTED_EDGE('',*,*,#1108,.F.);
#1674=ORIENTED_EDGE('',*,*,#1280,.T.);
#1675=ORIENTED_EDGE('',*,*,#1285,.F.);
#1676=ORIENTED_EDGE('',*,*,#1283,.F.);
#1677=ORIENTED_EDGE('',*,*,#1103,.F.);
#1678=ORIENTED_EDGE('',*,*,#1286,.T.);
#1679=ORIENTED_EDGE('',*,*,#1287,.F.);
#1680=ORIENTED_EDGE('',*,*,#1288,.F.);
#1681=ORIENTED_EDGE('',*,*,#1106,.F.);
#1682=ORIENTED_EDGE('',*,*,#1289,.T.);
#1683=ORIENTED_EDGE('',*,*,#1290,.F.);
#1684=ORIENTED_EDGE('',*,*,#1286,.F.);
#1685=ORIENTED_EDGE('',*,*,#1105,.F.);
#1686=ORIENTED_EDGE('',*,*,#1291,.T.);
#1687=ORIENTED_EDGE('',*,*,#1292,.F.);
#1688=ORIENTED_EDGE('',*,*,#1289,.F.);
#1689=ORIENTED_EDGE('',*,*,#1104,.F.);
#1690=ORIENTED_EDGE('',*,*,#1288,.T.);
#1691=ORIENTED_EDGE('',*,*,#1293,.F.);
#1692=ORIENTED_EDGE('',*,*,#1291,.F.);
#1693=ORIENTED_EDGE('',*,*,#1099,.F.);
#1694=ORIENTED_EDGE('',*,*,#1294,.T.);
#1695=ORIENTED_EDGE('',*,*,#1295,.F.);
#1696=ORIENTED_EDGE('',*,*,#1296,.F.);
#1697=ORIENTED_EDGE('',*,*,#1102,.F.);
#1698=ORIENTED_EDGE('',*,*,#1297,.T.);
#1699=ORIENTED_EDGE('',*,*,#1298,.F.);
#1700=ORIENTED_EDGE('',*,*,#1294,.F.);
#1701=ORIENTED_EDGE('',*,*,#1101,.F.);
#1702=ORIENTED_EDGE('',*,*,#1299,.T.);
#1703=ORIENTED_EDGE('',*,*,#1300,.F.);
#1704=ORIENTED_EDGE('',*,*,#1297,.F.);
#1705=ORIENTED_EDGE('',*,*,#1100,.F.);
#1706=ORIENTED_EDGE('',*,*,#1296,.T.);
#1707=ORIENTED_EDGE('',*,*,#1301,.F.);
#1708=ORIENTED_EDGE('',*,*,#1299,.F.);
#1709=ORIENTED_EDGE('',*,*,#1095,.F.);
#1710=ORIENTED_EDGE('',*,*,#1302,.T.);
#1711=ORIENTED_EDGE('',*,*,#1303,.F.);
#1712=ORIENTED_EDGE('',*,*,#1304,.F.);
#1713=ORIENTED_EDGE('',*,*,#1098,.F.);
#1714=ORIENTED_EDGE('',*,*,#1305,.T.);
#1715=ORIENTED_EDGE('',*,*,#1306,.F.);
#1716=ORIENTED_EDGE('',*,*,#1302,.F.);
#1717=ORIENTED_EDGE('',*,*,#1097,.F.);
#1718=ORIENTED_EDGE('',*,*,#1307,.T.);
#1719=ORIENTED_EDGE('',*,*,#1308,.F.);
#1720=ORIENTED_EDGE('',*,*,#1305,.F.);
#1721=ORIENTED_EDGE('',*,*,#1096,.F.);
#1722=ORIENTED_EDGE('',*,*,#1304,.T.);
#1723=ORIENTED_EDGE('',*,*,#1309,.F.);
#1724=ORIENTED_EDGE('',*,*,#1307,.F.);
#1725=ORIENTED_EDGE('',*,*,#1091,.F.);
#1726=ORIENTED_EDGE('',*,*,#1310,.T.);
#1727=ORIENTED_EDGE('',*,*,#1311,.F.);
#1728=ORIENTED_EDGE('',*,*,#1312,.F.);
#1729=ORIENTED_EDGE('',*,*,#1094,.F.);
#1730=ORIENTED_EDGE('',*,*,#1313,.T.);
#1731=ORIENTED_EDGE('',*,*,#1314,.F.);
#1732=ORIENTED_EDGE('',*,*,#1310,.F.);
#1733=ORIENTED_EDGE('',*,*,#1093,.F.);
#1734=ORIENTED_EDGE('',*,*,#1315,.T.);
#1735=ORIENTED_EDGE('',*,*,#1316,.F.);
#1736=ORIENTED_EDGE('',*,*,#1313,.F.);
#1737=ORIENTED_EDGE('',*,*,#1092,.F.);
#1738=ORIENTED_EDGE('',*,*,#1312,.T.);
#1739=ORIENTED_EDGE('',*,*,#1317,.F.);
#1740=ORIENTED_EDGE('',*,*,#1315,.F.);
#1741=ORIENTED_EDGE('',*,*,#1087,.F.);
#1742=ORIENTED_EDGE('',*,*,#1318,.T.);
#1743=ORIENTED_EDGE('',*,*,#1319,.F.);
#1744=ORIENTED_EDGE('',*,*,#1320,.F.);
#1745=ORIENTED_EDGE('',*,*,#1090,.F.);
#1746=ORIENTED_EDGE('',*,*,#1321,.T.);
#1747=ORIENTED_EDGE('',*,*,#1322,.F.);
#1748=ORIENTED_EDGE('',*,*,#1318,.F.);
#1749=ORIENTED_EDGE('',*,*,#1089,.F.);
#1750=ORIENTED_EDGE('',*,*,#1323,.T.);
#1751=ORIENTED_EDGE('',*,*,#1324,.F.);
#1752=ORIENTED_EDGE('',*,*,#1321,.F.);
#1753=ORIENTED_EDGE('',*,*,#1088,.F.);
#1754=ORIENTED_EDGE('',*,*,#1320,.T.);
#1755=ORIENTED_EDGE('',*,*,#1325,.F.);
#1756=ORIENTED_EDGE('',*,*,#1323,.F.);
#1757=ORIENTED_EDGE('',*,*,#1083,.F.);
#1758=ORIENTED_EDGE('',*,*,#1326,.T.);
#1759=ORIENTED_EDGE('',*,*,#1327,.F.);
#1760=ORIENTED_EDGE('',*,*,#1328,.F.);
#1761=ORIENTED_EDGE('',*,*,#1086,.F.);
#1762=ORIENTED_EDGE('',*,*,#1329,.T.);
#1763=ORIENTED_EDGE('',*,*,#1330,.F.);
#1764=ORIENTED_EDGE('',*,*,#1326,.F.);
#1765=ORIENTED_EDGE('',*,*,#1085,.F.);
#1766=ORIENTED_EDGE('',*,*,#1331,.T.);
#1767=ORIENTED_EDGE('',*,*,#1332,.F.);
#1768=ORIENTED_EDGE('',*,*,#1329,.F.);
#1769=ORIENTED_EDGE('',*,*,#1084,.F.);
#1770=ORIENTED_EDGE('',*,*,#1328,.T.);
#1771=ORIENTED_EDGE('',*,*,#1333,.F.);
#1772=ORIENTED_EDGE('',*,*,#1331,.F.);
#1773=ORIENTED_EDGE('',*,*,#1169,.F.);
#1774=ORIENTED_EDGE('',*,*,#1334,.T.);
#1775=ORIENTED_EDGE('',*,*,#1170,.F.);
#1776=ORIENTED_EDGE('',*,*,#1080,.F.);
#1777=ORIENTED_EDGE('',*,*,#1072,.F.);
#1778=ORIENTED_EDGE('',*,*,#1335,.T.);
#1779=ORIENTED_EDGE('',*,*,#1163,.F.);
#1780=ORIENTED_EDGE('',*,*,#1076,.F.);
#1781=ORIENTED_EDGE('',*,*,#1071,.F.);
#1782=ORIENTED_EDGE('',*,*,#1075,.F.);
#1783=ORIENTED_EDGE('',*,*,#1171,.F.);
#1784=ORIENTED_EDGE('',*,*,#1334,.F.);
#1785=ORIENTED_EDGE('',*,*,#1168,.F.);
#1786=ORIENTED_EDGE('',*,*,#1166,.F.);
#1787=ORIENTED_EDGE('',*,*,#1164,.F.);
#1788=ORIENTED_EDGE('',*,*,#1335,.F.);
#1789=ORIENTED_EDGE('',*,*,#1205,.T.);
#1790=ORIENTED_EDGE('',*,*,#1327,.T.);
#1791=ORIENTED_EDGE('',*,*,#1330,.T.);
#1792=ORIENTED_EDGE('',*,*,#1332,.T.);
#1793=ORIENTED_EDGE('',*,*,#1333,.T.);
#1794=ORIENTED_EDGE('',*,*,#1319,.T.);
#1795=ORIENTED_EDGE('',*,*,#1322,.T.);
#1796=ORIENTED_EDGE('',*,*,#1324,.T.);
#1797=ORIENTED_EDGE('',*,*,#1325,.T.);
#1798=ORIENTED_EDGE('',*,*,#1311,.T.);
#1799=ORIENTED_EDGE('',*,*,#1314,.T.);
#1800=ORIENTED_EDGE('',*,*,#1316,.T.);
#1801=ORIENTED_EDGE('',*,*,#1317,.T.);
#1802=ORIENTED_EDGE('',*,*,#1303,.T.);
#1803=ORIENTED_EDGE('',*,*,#1306,.T.);
#1804=ORIENTED_EDGE('',*,*,#1308,.T.);
#1805=ORIENTED_EDGE('',*,*,#1309,.T.);
#1806=ORIENTED_EDGE('',*,*,#1295,.T.);
#1807=ORIENTED_EDGE('',*,*,#1298,.T.);
#1808=ORIENTED_EDGE('',*,*,#1300,.T.);
#1809=ORIENTED_EDGE('',*,*,#1301,.T.);
#1810=ORIENTED_EDGE('',*,*,#1287,.T.);
#1811=ORIENTED_EDGE('',*,*,#1290,.T.);
#1812=ORIENTED_EDGE('',*,*,#1292,.T.);
#1813=ORIENTED_EDGE('',*,*,#1293,.T.);
#1814=ORIENTED_EDGE('',*,*,#1279,.T.);
#1815=ORIENTED_EDGE('',*,*,#1282,.T.);
#1816=ORIENTED_EDGE('',*,*,#1284,.T.);
#1817=ORIENTED_EDGE('',*,*,#1285,.T.);
#1818=ORIENTED_EDGE('',*,*,#1271,.T.);
#1819=ORIENTED_EDGE('',*,*,#1274,.T.);
#1820=ORIENTED_EDGE('',*,*,#1276,.T.);
#1821=ORIENTED_EDGE('',*,*,#1277,.T.);
#1822=ORIENTED_EDGE('',*,*,#1263,.T.);
#1823=ORIENTED_EDGE('',*,*,#1266,.T.);
#1824=ORIENTED_EDGE('',*,*,#1268,.T.);
#1825=ORIENTED_EDGE('',*,*,#1269,.T.);
#1826=ORIENTED_EDGE('',*,*,#1255,.T.);
#1827=ORIENTED_EDGE('',*,*,#1258,.T.);
#1828=ORIENTED_EDGE('',*,*,#1260,.T.);
#1829=ORIENTED_EDGE('',*,*,#1261,.T.);
#1830=ORIENTED_EDGE('',*,*,#1247,.T.);
#1831=ORIENTED_EDGE('',*,*,#1250,.T.);
#1832=ORIENTED_EDGE('',*,*,#1252,.T.);
#1833=ORIENTED_EDGE('',*,*,#1253,.T.);
#1834=ORIENTED_EDGE('',*,*,#1239,.T.);
#1835=ORIENTED_EDGE('',*,*,#1242,.T.);
#1836=ORIENTED_EDGE('',*,*,#1244,.T.);
#1837=ORIENTED_EDGE('',*,*,#1245,.T.);
#1838=ORIENTED_EDGE('',*,*,#1231,.T.);
#1839=ORIENTED_EDGE('',*,*,#1234,.T.);
#1840=ORIENTED_EDGE('',*,*,#1236,.T.);
#1841=ORIENTED_EDGE('',*,*,#1237,.T.);
#1842=ORIENTED_EDGE('',*,*,#1223,.T.);
#1843=ORIENTED_EDGE('',*,*,#1226,.T.);
#1844=ORIENTED_EDGE('',*,*,#1228,.T.);
#1845=ORIENTED_EDGE('',*,*,#1229,.T.);
#1846=ORIENTED_EDGE('',*,*,#1215,.T.);
#1847=ORIENTED_EDGE('',*,*,#1218,.T.);
#1848=ORIENTED_EDGE('',*,*,#1220,.T.);
#1849=ORIENTED_EDGE('',*,*,#1221,.T.);
#1850=ORIENTED_EDGE('',*,*,#1207,.T.);
#1851=ORIENTED_EDGE('',*,*,#1210,.T.);
#1852=ORIENTED_EDGE('',*,*,#1212,.T.);
#1853=ORIENTED_EDGE('',*,*,#1213,.T.);
#1854=ORIENTED_EDGE('',*,*,#1203,.T.);
#1855=ORIENTED_EDGE('',*,*,#1201,.T.);
#1856=ORIENTED_EDGE('',*,*,#1199,.T.);
#1857=ORIENTED_EDGE('',*,*,#1197,.T.);
#1858=ORIENTED_EDGE('',*,*,#1195,.T.);
#1859=ORIENTED_EDGE('',*,*,#1193,.T.);
#1860=ORIENTED_EDGE('',*,*,#1191,.T.);
#1861=ORIENTED_EDGE('',*,*,#1189,.T.);
#1862=ORIENTED_EDGE('',*,*,#1187,.T.);
#1863=ORIENTED_EDGE('',*,*,#1185,.T.);
#1864=ORIENTED_EDGE('',*,*,#1183,.T.);
#1865=ORIENTED_EDGE('',*,*,#1181,.T.);
#1866=ORIENTED_EDGE('',*,*,#1179,.T.);
#1867=ORIENTED_EDGE('',*,*,#1177,.T.);
#1868=ORIENTED_EDGE('',*,*,#1175,.T.);
#1869=ORIENTED_EDGE('',*,*,#1173,.T.);
#1870=CYLINDRICAL_SURFACE('',#1996,2.);
#1871=CYLINDRICAL_SURFACE('',#2021,2.);
#1872=CYLINDRICAL_SURFACE('',#2024,2.);
#1873=CYLINDRICAL_SURFACE('',#2026,2.);
#1874=CYLINDRICAL_SURFACE('',#2028,2.);
#1875=CYLINDRICAL_SURFACE('',#2030,2.);
#1876=CYLINDRICAL_SURFACE('',#2032,2.);
#1877=CYLINDRICAL_SURFACE('',#2034,2.);
#1878=CYLINDRICAL_SURFACE('',#2036,2.);
#1879=CYLINDRICAL_SURFACE('',#2038,2.);
#1880=CYLINDRICAL_SURFACE('',#2040,2.);
#1881=CYLINDRICAL_SURFACE('',#2042,2.);
#1882=CYLINDRICAL_SURFACE('',#2044,2.);
#1883=CYLINDRICAL_SURFACE('',#2046,2.);
#1884=CYLINDRICAL_SURFACE('',#2048,2.);
#1885=CYLINDRICAL_SURFACE('',#2050,2.);
#1886=CYLINDRICAL_SURFACE('',#2052,2.);
#1887=CYLINDRICAL_SURFACE('',#2054,2.);
#1888=CYLINDRICAL_SURFACE('',#2056,2.);
#1889=CYLINDRICAL_SURFACE('',#2058,2.);
#1890=CYLINDRICAL_SURFACE('',#2060,3.5);
#1891=ADVANCED_FACE('',(#151),#1870,.T.);
#1892=ADVANCED_FACE('',(#152),#81,.T.);
#1893=ADVANCED_FACE('',(#153,#15,#16,#17,#18,#19,#20,#21,#22,#23,#24,#25,
#26,#27,#28,#29,#30,#31,#32,#33,#34,#35,#36,#37,#38,#39,#40,#41,#42,#43,
#44,#45,#46,#47),#82,.T.);
#1894=ADVANCED_FACE('',(#154),#1871,.T.);
#1895=ADVANCED_FACE('',(#155),#83,.T.);
#1896=ADVANCED_FACE('',(#156),#1872,.T.);
#1897=ADVANCED_FACE('',(#157),#1873,.T.);
#1898=ADVANCED_FACE('',(#158),#1874,.F.);
#1899=ADVANCED_FACE('',(#159),#1875,.F.);
#1900=ADVANCED_FACE('',(#160),#1876,.F.);
#1901=ADVANCED_FACE('',(#161),#1877,.F.);
#1902=ADVANCED_FACE('',(#162),#1878,.F.);
#1903=ADVANCED_FACE('',(#163),#1879,.F.);
#1904=ADVANCED_FACE('',(#164),#1880,.F.);
#1905=ADVANCED_FACE('',(#165),#1881,.F.);
#1906=ADVANCED_FACE('',(#166),#1882,.F.);
#1907=ADVANCED_FACE('',(#167),#1883,.F.);
#1908=ADVANCED_FACE('',(#168),#1884,.F.);
#1909=ADVANCED_FACE('',(#169),#1885,.F.);
#1910=ADVANCED_FACE('',(#170),#1886,.F.);
#1911=ADVANCED_FACE('',(#171),#1887,.F.);
#1912=ADVANCED_FACE('',(#172),#1888,.F.);
#1913=ADVANCED_FACE('',(#173),#1889,.F.);
#1914=ADVANCED_FACE('',(#174),#1890,.F.);
#1915=ADVANCED_FACE('',(#175),#84,.F.);
#1916=ADVANCED_FACE('',(#176),#85,.F.);
#1917=ADVANCED_FACE('',(#177),#86,.F.);
#1918=ADVANCED_FACE('',(#178),#87,.F.);
#1919=ADVANCED_FACE('',(#179),#88,.F.);
#1920=ADVANCED_FACE('',(#180),#89,.F.);
#1921=ADVANCED_FACE('',(#181),#90,.F.);
#1922=ADVANCED_FACE('',(#182),#91,.F.);
#1923=ADVANCED_FACE('',(#183),#92,.F.);
#1924=ADVANCED_FACE('',(#184),#93,.F.);
#1925=ADVANCED_FACE('',(#185),#94,.F.);
#1926=ADVANCED_FACE('',(#186),#95,.F.);
#1927=ADVANCED_FACE('',(#187),#96,.F.);
#1928=ADVANCED_FACE('',(#188),#97,.F.);
#1929=ADVANCED_FACE('',(#189),#98,.F.);
#1930=ADVANCED_FACE('',(#190),#99,.F.);
#1931=ADVANCED_FACE('',(#191),#100,.F.);
#1932=ADVANCED_FACE('',(#192),#101,.F.);
#1933=ADVANCED_FACE('',(#193),#102,.F.);
#1934=ADVANCED_FACE('',(#194),#103,.F.);
#1935=ADVANCED_FACE('',(#195),#104,.F.);
#1936=ADVANCED_FACE('',(#196),#105,.F.);
#1937=ADVANCED_FACE('',(#197),#106,.F.);
#1938=ADVANCED_FACE('',(#198),#107,.F.);
#1939=ADVANCED_FACE('',(#199),#108,.F.);
#1940=ADVANCED_FACE('',(#200),#109,.F.);
#1941=ADVANCED_FACE('',(#201),#110,.F.);
#1942=ADVANCED_FACE('',(#202),#111,.F.);
#1943=ADVANCED_FACE('',(#203),#112,.F.);
#1944=ADVANCED_FACE('',(#204),#113,.F.);
#1945=ADVANCED_FACE('',(#205),#114,.F.);
#1946=ADVANCED_FACE('',(#206),#115,.F.);
#1947=ADVANCED_FACE('',(#207),#116,.F.);
#1948=ADVANCED_FACE('',(#208),#117,.F.);
#1949=ADVANCED_FACE('',(#209),#118,.F.);
#1950=ADVANCED_FACE('',(#210),#119,.F.);
#1951=ADVANCED_FACE('',(#211),#120,.F.);
#1952=ADVANCED_FACE('',(#212),#121,.F.);
#1953=ADVANCED_FACE('',(#213),#122,.F.);
#1954=ADVANCED_FACE('',(#214),#123,.F.);
#1955=ADVANCED_FACE('',(#215),#124,.F.);
#1956=ADVANCED_FACE('',(#216),#125,.F.);
#1957=ADVANCED_FACE('',(#217),#126,.F.);
#1958=ADVANCED_FACE('',(#218),#127,.F.);
#1959=ADVANCED_FACE('',(#219),#128,.F.);
#1960=ADVANCED_FACE('',(#220),#129,.F.);
#1961=ADVANCED_FACE('',(#221),#130,.F.);
#1962=ADVANCED_FACE('',(#222),#131,.F.);
#1963=ADVANCED_FACE('',(#223),#132,.F.);
#1964=ADVANCED_FACE('',(#224),#133,.F.);
#1965=ADVANCED_FACE('',(#225),#134,.F.);
#1966=ADVANCED_FACE('',(#226),#135,.F.);
#1967=ADVANCED_FACE('',(#227),#136,.F.);
#1968=ADVANCED_FACE('',(#228),#137,.F.);
#1969=ADVANCED_FACE('',(#229),#138,.F.);
#1970=ADVANCED_FACE('',(#230),#139,.F.);
#1971=ADVANCED_FACE('',(#231),#140,.F.);
#1972=ADVANCED_FACE('',(#232),#141,.F.);
#1973=ADVANCED_FACE('',(#233),#142,.F.);
#1974=ADVANCED_FACE('',(#234),#143,.F.);
#1975=ADVANCED_FACE('',(#235),#144,.F.);
#1976=ADVANCED_FACE('',(#236),#145,.F.);
#1977=ADVANCED_FACE('',(#237),#146,.F.);
#1978=ADVANCED_FACE('',(#238),#147,.F.);
#1979=ADVANCED_FACE('',(#239),#148,.T.);
#1980=ADVANCED_FACE('',(#240),#149,.T.);
#1981=ADVANCED_FACE('',(#241,#48,#49,#50,#51,#52,#53,#54,#55,#56,#57,#58,
#59,#60,#61,#62,#63,#64,#65,#66,#67,#68,#69,#70,#71,#72,#73,#74,#75,#76,
#77,#78,#79,#80),#150,.F.);
#1982=CLOSED_SHELL('',(#1891,#1892,#1893,#1894,#1895,#1896,#1897,#1898,
#1899,#1900,#1901,#1902,#1903,#1904,#1905,#1906,#1907,#1908,#1909,#1910,
#1911,#1912,#1913,#1914,#1915,#1916,#1917,#1918,#1919,#1920,#1921,#1922,
#1923,#1924,#1925,#1926,#1927,#1928,#1929,#1930,#1931,#1932,#1933,#1934,
#1935,#1936,#1937,#1938,#1939,#1940,#1941,#1942,#1943,#1944,#1945,#1946,
#1947,#1948,#1949,#1950,#1951,#1952,#1953,#1954,#1955,#1956,#1957,#1958,
#1959,#1960,#1961,#1962,#1963,#1964,#1965,#1966,#1967,#1968,#1969,#1970,
#1971,#1972,#1973,#1974,#1975,#1976,#1977,#1978,#1979,#1980,#1981));
#1983=DERIVED_UNIT_ELEMENT(#1985,1.);
#1984=DERIVED_UNIT_ELEMENT(#3164,-3.);
#1985=(
MASS_UNIT()
NAMED_UNIT(*)
SI_UNIT(.KILO.,.GRAM.)
);
#1986=DERIVED_UNIT((#1983,#1984));
#1987=MEASURE_REPRESENTATION_ITEM('density measure',
POSITIVE_RATIO_MEASURE(7850.),#1986);
#1988=PROPERTY_DEFINITION_REPRESENTATION(#1993,#1990);
#1989=PROPERTY_DEFINITION_REPRESENTATION(#1994,#1991);
#1990=REPRESENTATION('material name',(#1992),#3161);
#1991=REPRESENTATION('density',(#1987),#3161);
#1992=DESCRIPTIVE_REPRESENTATION_ITEM('Steel','Steel');
#1993=PROPERTY_DEFINITION('material property','material name',#3171);
#1994=PROPERTY_DEFINITION('material property','density of part',#3171);
#1995=AXIS2_PLACEMENT_3D('',#2622,#2129,#2130);
#1996=AXIS2_PLACEMENT_3D('',#2623,#2131,#2132);
#1997=AXIS2_PLACEMENT_3D('',#2626,#2133,#2134);
#1998=AXIS2_PLACEMENT_3D('',#2630,#2136,#2137);
#1999=AXIS2_PLACEMENT_3D('',#2632,#2139,#2140);
#2000=AXIS2_PLACEMENT_3D('',#2638,#2144,#2145);
#2001=AXIS2_PLACEMENT_3D('',#2642,#2147,#2148);
#2002=AXIS2_PLACEMENT_3D('',#2646,#2150,#2151);
#2003=AXIS2_PLACEMENT_3D('',#2649,#2153,#2154);
#2004=AXIS2_PLACEMENT_3D('',#2651,#2155,#2156);
#2005=AXIS2_PLACEMENT_3D('',#2781,#2221,#2222);
#2006=AXIS2_PLACEMENT_3D('',#2783,#2223,#2224);
#2007=AXIS2_PLACEMENT_3D('',#2785,#2225,#2226);
#2008=AXIS2_PLACEMENT_3D('',#2787,#2227,#2228);
#2009=AXIS2_PLACEMENT_3D('',#2789,#2229,#2230);
#2010=AXIS2_PLACEMENT_3D('',#2791,#2231,#2232);
#2011=AXIS2_PLACEMENT_3D('',#2793,#2233,#2234);
#2012=AXIS2_PLACEMENT_3D('',#2795,#2235,#2236);
#2013=AXIS2_PLACEMENT_3D('',#2797,#2237,#2238);
#2014=AXIS2_PLACEMENT_3D('',#2799,#2239,#2240);
#2015=AXIS2_PLACEMENT_3D('',#2801,#2241,#2242);
#2016=AXIS2_PLACEMENT_3D('',#2803,#2243,#2244);
#2017=AXIS2_PLACEMENT_3D('',#2805,#2245,#2246);
#2018=AXIS2_PLACEMENT_3D('',#2807,#2247,#2248);
#2019=AXIS2_PLACEMENT_3D('',#2809,#2249,#2250);
#2020=AXIS2_PLACEMENT_3D('',#2811,#2251,#2252);
#2021=AXIS2_PLACEMENT_3D('',#2812,#2253,#2254);
#2022=AXIS2_PLACEMENT_3D('',#2816,#2256,#2257);
#2023=AXIS2_PLACEMENT_3D('',#2818,#2259,#2260);
#2024=AXIS2_PLACEMENT_3D('',#2822,#2263,#2264);
#2025=AXIS2_PLACEMENT_3D('',#2824,#2265,#2266);
#2026=AXIS2_PLACEMENT_3D('',#2826,#2268,#2269);
#2027=AXIS2_PLACEMENT_3D('',#2829,#2271,#2272);
#2028=AXIS2_PLACEMENT_3D('',#2830,#2273,#2274);
#2029=AXIS2_PLACEMENT_3D('',#2833,#2276,#2277);
#2030=AXIS2_PLACEMENT_3D('',#2834,#2278,#2279);
#2031=AXIS2_PLACEMENT_3D('',#2837,#2281,#2282);
#2032=AXIS2_PLACEMENT_3D('',#2838,#2283,#2284);
#2033=AXIS2_PLACEMENT_3D('',#2841,#2286,#2287);
#2034=AXIS2_PLACEMENT_3D('',#2842,#2288,#2289);
#2035=AXIS2_PLACEMENT_3D('',#2845,#2291,#2292);
#2036=AXIS2_PLACEMENT_3D('',#2846,#2293,#2294);
#2037=AXIS2_PLACEMENT_3D('',#2849,#2296,#2297);
#2038=AXIS2_PLACEMENT_3D('',#2850,#2298,#2299);
#2039=AXIS2_PLACEMENT_3D('',#2853,#2301,#2302);
#2040=AXIS2_PLACEMENT_3D('',#2854,#2303,#2304);
#2041=AXIS2_PLACEMENT_3D('',#2857,#2306,#2307);
#2042=AXIS2_PLACEMENT_3D('',#2858,#2308,#2309);
#2043=AXIS2_PLACEMENT_3D('',#2861,#2311,#2312);
#2044=AXIS2_PLACEMENT_3D('',#2862,#2313,#2314);
#2045=AXIS2_PLACEMENT_3D('',#2865,#2316,#2317);
#2046=AXIS2_PLACEMENT_3D('',#2866,#2318,#2319);
#2047=AXIS2_PLACEMENT_3D('',#2869,#2321,#2322);
#2048=AXIS2_PLACEMENT_3D('',#2870,#2323,#2324);
#2049=AXIS2_PLACEMENT_3D('',#2873,#2326,#2327);
#2050=AXIS2_PLACEMENT_3D('',#2874,#2328,#2329);
#2051=AXIS2_PLACEMENT_3D('',#2877,#2331,#2332);
#2052=AXIS2_PLACEMENT_3D('',#2878,#2333,#2334);
#2053=AXIS2_PLACEMENT_3D('',#2881,#2336,#2337);
#2054=AXIS2_PLACEMENT_3D('',#2882,#2338,#2339);
#2055=AXIS2_PLACEMENT_3D('',#2885,#2341,#2342);
#2056=AXIS2_PLACEMENT_3D('',#2886,#2343,#2344);
#2057=AXIS2_PLACEMENT_3D('',#2889,#2346,#2347);
#2058=AXIS2_PLACEMENT_3D('',#2890,#2348,#2349);
#2059=AXIS2_PLACEMENT_3D('',#2893,#2351,#2352);
#2060=AXIS2_PLACEMENT_3D('',#2894,#2353,#2354);
#2061=AXIS2_PLACEMENT_3D('',#2897,#2356,#2357);
#2062=AXIS2_PLACEMENT_3D('',#2898,#2358,#2359);
#2063=AXIS2_PLACEMENT_3D('',#2904,#2363,#2364);
#2064=AXIS2_PLACEMENT_3D('',#2908,#2367,#2368);
#2065=AXIS2_PLACEMENT_3D('',#2912,#2371,#2372);
#2066=AXIS2_PLACEMENT_3D('',#2914,#2374,#2375);
#2067=AXIS2_PLACEMENT_3D('',#2920,#2379,#2380);
#2068=AXIS2_PLACEMENT_3D('',#2924,#2383,#2384);
#2069=AXIS2_PLACEMENT_3D('',#2928,#2387,#2388);
#2070=AXIS2_PLACEMENT_3D('',#2930,#2390,#2391);
#2071=AXIS2_PLACEMENT_3D('',#2936,#2395,#2396);
#2072=AXIS2_PLACEMENT_3D('',#2940,#2399,#2400);
#2073=AXIS2_PLACEMENT_3D('',#2944,#2403,#2404);
#2074=AXIS2_PLACEMENT_3D('',#2946,#2406,#2407);
#2075=AXIS2_PLACEMENT_3D('',#2952,#2411,#2412);
#2076=AXIS2_PLACEMENT_3D('',#2956,#2415,#2416);
#2077=AXIS2_PLACEMENT_3D('',#2960,#2419,#2420);
#2078=AXIS2_PLACEMENT_3D('',#2962,#2422,#2423);
#2079=AXIS2_PLACEMENT_3D('',#2968,#2427,#2428);
#2080=AXIS2_PLACEMENT_3D('',#2972,#2431,#2432);
#2081=AXIS2_PLACEMENT_3D('',#2976,#2435,#2436);
#2082=AXIS2_PLACEMENT_3D('',#2978,#2438,#2439);
#2083=AXIS2_PLACEMENT_3D('',#2984,#2443,#2444);
#2084=AXIS2_PLACEMENT_3D('',#2988,#2447,#2448);
#2085=AXIS2_PLACEMENT_3D('',#2992,#2451,#2452);
#2086=AXIS2_PLACEMENT_3D('',#2994,#2454,#2455);
#2087=AXIS2_PLACEMENT_3D('',#3000,#2459,#2460);
#2088=AXIS2_PLACEMENT_3D('',#3004,#2463,#2464);
#2089=AXIS2_PLACEMENT_3D('',#3008,#2467,#2468);
#2090=AXIS2_PLACEMENT_3D('',#3010,#2470,#2471);
#2091=AXIS2_PLACEMENT_3D('',#3016,#2475,#2476);
#2092=AXIS2_PLACEMENT_3D('',#3020,#2479,#2480);
#2093=AXIS2_PLACEMENT_3D('',#3024,#2483,#2484);
#2094=AXIS2_PLACEMENT_3D('',#3026,#2486,#2487);
#2095=AXIS2_PLACEMENT_3D('',#3032,#2491,#2492);
#2096=AXIS2_PLACEMENT_3D('',#3036,#2495,#2496);
#2097=AXIS2_PLACEMENT_3D('',#3040,#2499,#2500);
#2098=AXIS2_PLACEMENT_3D('',#3042,#2502,#2503);
#2099=AXIS2_PLACEMENT_3D('',#3048,#2507,#2508);
#2100=AXIS2_PLACEMENT_3D('',#3052,#2511,#2512);
#2101=AXIS2_PLACEMENT_3D('',#3056,#2515,#2516);
#2102=AXIS2_PLACEMENT_3D('',#3058,#2518,#2519);
#2103=AXIS2_PLACEMENT_3D('',#3064,#2523,#2524);
#2104=AXIS2_PLACEMENT_3D('',#3068,#2527,#2528);
#2105=AXIS2_PLACEMENT_3D('',#3072,#2531,#2532);
#2106=AXIS2_PLACEMENT_3D('',#3074,#2534,#2535);
#2107=AXIS2_PLACEMENT_3D('',#3080,#2539,#2540);
#2108=AXIS2_PLACEMENT_3D('',#3084,#2543,#2544);
#2109=AXIS2_PLACEMENT_3D('',#3088,#2547,#2548);
#2110=AXIS2_PLACEMENT_3D('',#3090,#2550,#2551);
#2111=AXIS2_PLACEMENT_3D('',#3096,#2555,#2556);
#2112=AXIS2_PLACEMENT_3D('',#3100,#2559,#2560);
#2113=AXIS2_PLACEMENT_3D('',#3104,#2563,#2564);
#2114=AXIS2_PLACEMENT_3D('',#3106,#2566,#2567);
#2115=AXIS2_PLACEMENT_3D('',#3112,#2571,#2572);
#2116=AXIS2_PLACEMENT_3D('',#3116,#2575,#2576);
#2117=AXIS2_PLACEMENT_3D('',#3120,#2579,#2580);
#2118=AXIS2_PLACEMENT_3D('',#3122,#2582,#2583);
#2119=AXIS2_PLACEMENT_3D('',#3128,#2587,#2588);
#2120=AXIS2_PLACEMENT_3D('',#3132,#2591,#2592);
#2121=AXIS2_PLACEMENT_3D('',#3136,#2595,#2596);
#2122=AXIS2_PLACEMENT_3D('',#3138,#2598,#2599);
#2123=AXIS2_PLACEMENT_3D('',#3144,#2603,#2604);
#2124=AXIS2_PLACEMENT_3D('',#3148,#2607,#2608);
#2125=AXIS2_PLACEMENT_3D('',#3152,#2611,#2612);
#2126=AXIS2_PLACEMENT_3D('',#3154,#2614,#2615);
#2127=AXIS2_PLACEMENT_3D('',#3156,#2617,#2618);
#2128=AXIS2_PLACEMENT_3D('',#3158,#2620,#2621);
#2129=DIRECTION('axis',(0.,0.,1.));
#2130=DIRECTION('refdir',(1.,0.,0.));
#2131=DIRECTION('center_axis',(0.,0.,1.));
#2132=DIRECTION('ref_axis',(-0.707106781186547,-0.707106781186548,0.));
#2133=DIRECTION('center_axis',(0.,0.,-1.));
#2134=DIRECTION('ref_axis',(-0.707106781186547,-0.707106781186548,0.));
#2135=DIRECTION('',(0.,0.,-1.));
#2136=DIRECTION('center_axis',(0.,0.,1.));
#2137=DIRECTION('ref_axis',(-0.707106781186547,-0.707106781186548,0.));
#2138=DIRECTION('',(0.,0.,1.));
#2139=DIRECTION('center_axis',(-1.,0.,0.));
#2140=DIRECTION('ref_axis',(0.,-1.,0.));
#2141=DIRECTION('',(0.,-1.,0.));
#2142=DIRECTION('',(0.,0.,1.));
#2143=DIRECTION('',(0.,-1.,0.));
#2144=DIRECTION('center_axis',(0.,0.,1.));
#2145=DIRECTION('ref_axis',(1.,0.,0.));
#2146=DIRECTION('',(1.,0.,0.));
#2147=DIRECTION('center_axis',(0.,0.,-1.));
#2148=DIRECTION('ref_axis',(0.707106781186546,-0.707106781186549,0.));
#2149=DIRECTION('',(0.,1.,0.));
#2150=DIRECTION('center_axis',(0.,0.,-1.));
#2151=DIRECTION('ref_axis',(0.707106781186548,0.707106781186548,0.));
#2152=DIRECTION('',(-1.,0.,0.));
#2153=DIRECTION('center_axis',(0.,0.,-1.));
#2154=DIRECTION('ref_axis',(-0.707106781186549,0.707106781186546,0.));
#2155=DIRECTION('center_axis',(0.,0.,-1.));
#2156=DIRECTION('ref_axis',(1.,0.,0.));
#2157=DIRECTION('',(-1.,0.,0.));
#2158=DIRECTION('',(0.,1.,0.));
#2159=DIRECTION('',(1.,0.,0.));
#2160=DIRECTION('',(0.,-1.,0.));
#2161=DIRECTION('',(-1.,0.,0.));
#2162=DIRECTION('',(0.,1.,0.));
#2163=DIRECTION('',(1.,0.,0.));
#2164=DIRECTION('',(0.,-1.,0.));
#2165=DIRECTION('',(-1.,0.,0.));
#2166=DIRECTION('',(0.,1.,0.));
#2167=DIRECTION('',(1.,0.,0.));
#2168=DIRECTION('',(0.,-1.,0.));
#2169=DIRECTION('',(-1.,0.,0.));
#2170=DIRECTION('',(0.,1.,0.));
#2171=DIRECTION('',(1.,0.,0.));
#2172=DIRECTION('',(0.,-1.,0.));
#2173=DIRECTION('',(-1.,0.,0.));
#2174=DIRECTION('',(0.,1.,0.));
#2175=DIRECTION('',(1.,0.,0.));
#2176=DIRECTION('',(0.,-1.,0.));
#2177=DIRECTION('',(-1.,0.,0.));
#2178=DIRECTION('',(0.,1.,0.));
#2179=DIRECTION('',(1.,0.,0.));
#2180=DIRECTION('',(0.,-1.,0.));
#2181=DIRECTION('',(-1.,0.,0.));
#2182=DIRECTION('',(0.,1.,0.));
#2183=DIRECTION('',(1.,0.,0.));
#2184=DIRECTION('',(0.,-1.,0.));
#2185=DIRECTION('',(-1.,0.,0.));
#2186=DIRECTION('',(0.,1.,0.));
#2187=DIRECTION('',(1.,0.,0.));
#2188=DIRECTION('',(0.,-1.,0.));
#2189=DIRECTION('',(-1.,0.,0.));
#2190=DIRECTION('',(0.,1.,0.));
#2191=DIRECTION('',(1.,0.,0.));
#2192=DIRECTION('',(0.,-1.,0.));
#2193=DIRECTION('',(-1.,0.,0.));
#2194=DIRECTION('',(0.,1.,0.));
#2195=DIRECTION('',(1.,0.,0.));
#2196=DIRECTION('',(0.,-1.,0.));
#2197=DIRECTION('',(-1.,0.,0.));
#2198=DIRECTION('',(0.,1.,0.));
#2199=DIRECTION('',(1.,0.,0.));
#2200=DIRECTION('',(0.,-1.,0.));
#2201=DIRECTION('',(-1.,0.,0.));
#2202=DIRECTION('',(0.,1.,0.));
#2203=DIRECTION('',(1.,0.,0.));
#2204=DIRECTION('',(0.,-1.,0.));
#2205=DIRECTION('',(-1.,0.,0.));
#2206=DIRECTION('',(0.,1.,0.));
#2207=DIRECTION('',(1.,0.,0.));
#2208=DIRECTION('',(0.,-1.,0.));
#2209=DIRECTION('',(-1.,0.,0.));
#2210=DIRECTION('',(0.,1.,0.));
#2211=DIRECTION('',(1.,0.,0.));
#2212=DIRECTION('',(0.,-1.,0.));
#2213=DIRECTION('',(-1.,0.,0.));
#2214=DIRECTION('',(0.,1.,0.));
#2215=DIRECTION('',(1.,0.,0.));
#2216=DIRECTION('',(0.,-1.,0.));
#2217=DIRECTION('',(-1.,0.,0.));
#2218=DIRECTION('',(0.,1.,0.));
#2219=DIRECTION('',(1.,0.,0.));
#2220=DIRECTION('',(0.,-1.,0.));
#2221=DIRECTION('center_axis',(0.,0.,-1.));
#2222=DIRECTION('ref_axis',(1.,0.,0.));
#2223=DIRECTION('center_axis',(0.,0.,-1.));
#2224=DIRECTION('ref_axis',(1.,0.,0.));
#2225=DIRECTION('center_axis',(0.,0.,-1.));
#2226=DIRECTION('ref_axis',(1.,0.,0.));
#2227=DIRECTION('center_axis',(0.,0.,-1.));
#2228=DIRECTION('ref_axis',(1.,0.,0.));
#2229=DIRECTION('center_axis',(0.,0.,-1.));
#2230=DIRECTION('ref_axis',(1.,0.,0.));
#2231=DIRECTION('center_axis',(0.,0.,-1.));
#2232=DIRECTION('ref_axis',(1.,0.,0.));
#2233=DIRECTION('center_axis',(0.,0.,-1.));
#2234=DIRECTION('ref_axis',(1.,0.,0.));
#2235=DIRECTION('center_axis',(0.,0.,-1.));
#2236=DIRECTION('ref_axis',(1.,0.,0.));
#2237=DIRECTION('center_axis',(0.,0.,-1.));
#2238=DIRECTION('ref_axis',(1.,0.,0.));
#2239=DIRECTION('center_axis',(0.,0.,-1.));
#2240=DIRECTION('ref_axis',(1.,0.,0.));
#2241=DIRECTION('center_axis',(0.,0.,-1.));
#2242=DIRECTION('ref_axis',(1.,0.,0.));
#2243=DIRECTION('center_axis',(0.,0.,-1.));
#2244=DIRECTION('ref_axis',(1.,0.,0.));
#2245=DIRECTION('center_axis',(0.,0.,-1.));
#2246=DIRECTION('ref_axis',(1.,0.,0.));
#2247=DIRECTION('center_axis',(0.,0.,-1.));
#2248=DIRECTION('ref_axis',(1.,0.,0.));
#2249=DIRECTION('center_axis',(0.,0.,-1.));
#2250=DIRECTION('ref_axis',(1.,0.,0.));
#2251=DIRECTION('center_axis',(0.,0.,-1.));
#2252=DIRECTION('ref_axis',(1.,0.,0.));
#2253=DIRECTION('center_axis',(0.,0.,1.));
#2254=DIRECTION('ref_axis',(0.707106781186546,-0.707106781186549,0.));
#2255=DIRECTION('',(0.,0.,-1.));
#2256=DIRECTION('center_axis',(0.,0.,1.));
#2257=DIRECTION('ref_axis',(0.707106781186546,-0.707106781186549,0.));
#2258=DIRECTION('',(0.,0.,1.));
#2259=DIRECTION('center_axis',(1.,0.,0.));
#2260=DIRECTION('ref_axis',(0.,1.,0.));
#2261=DIRECTION('',(0.,1.,0.));
#2262=DIRECTION('',(0.,0.,-1.));
#2263=DIRECTION('center_axis',(0.,0.,1.));
#2264=DIRECTION('ref_axis',(0.707106781186548,0.707106781186548,0.));
#2265=DIRECTION('center_axis',(0.,0.,1.));
#2266=DIRECTION('ref_axis',(0.707106781186548,0.707106781186548,0.));
#2267=DIRECTION('',(0.,0.,1.));
#2268=DIRECTION('center_axis',(0.,0.,1.));
#2269=DIRECTION('ref_axis',(-0.707106781186549,0.707106781186546,0.));
#2270=DIRECTION('',(0.,0.,-1.));
#2271=DIRECTION('center_axis',(0.,0.,1.));
#2272=DIRECTION('ref_axis',(-0.707106781186549,0.707106781186546,0.));
#2273=DIRECTION('center_axis',(0.,0.,-1.));
#2274=DIRECTION('ref_axis',(1.,0.,0.));
#2275=DIRECTION('',(0.,0.,-1.));
#2276=DIRECTION('center_axis',(0.,0.,1.));
#2277=DIRECTION('ref_axis',(1.,0.,0.));
#2278=DIRECTION('center_axis',(0.,0.,-1.));
#2279=DIRECTION('ref_axis',(1.,0.,0.));
#2280=DIRECTION('',(0.,0.,-1.));
#2281=DIRECTION('center_axis',(0.,0.,1.));
#2282=DIRECTION('ref_axis',(1.,0.,0.));
#2283=DIRECTION('center_axis',(0.,0.,-1.));
#2284=DIRECTION('ref_axis',(1.,0.,0.));
#2285=DIRECTION('',(0.,0.,-1.));
#2286=DIRECTION('center_axis',(0.,0.,1.));
#2287=DIRECTION('ref_axis',(1.,0.,0.));
#2288=DIRECTION('center_axis',(0.,0.,-1.));
#2289=DIRECTION('ref_axis',(1.,0.,0.));
#2290=DIRECTION('',(0.,0.,-1.));
#2291=DIRECTION('center_axis',(0.,0.,1.));
#2292=DIRECTION('ref_axis',(1.,0.,0.));
#2293=DIRECTION('center_axis',(0.,0.,-1.));
#2294=DIRECTION('ref_axis',(1.,0.,0.));
#2295=DIRECTION('',(0.,0.,-1.));
#2296=DIRECTION('center_axis',(0.,0.,1.));
#2297=DIRECTION('ref_axis',(1.,0.,0.));
#2298=DIRECTION('center_axis',(0.,0.,-1.));
#2299=DIRECTION('ref_axis',(1.,0.,0.));
#2300=DIRECTION('',(0.,0.,-1.));
#2301=DIRECTION('center_axis',(0.,0.,1.));
#2302=DIRECTION('ref_axis',(1.,0.,0.));
#2303=DIRECTION('center_axis',(0.,0.,-1.));
#2304=DIRECTION('ref_axis',(1.,0.,0.));
#2305=DIRECTION('',(0.,0.,-1.));
#2306=DIRECTION('center_axis',(0.,0.,1.));
#2307=DIRECTION('ref_axis',(1.,0.,0.));
#2308=DIRECTION('center_axis',(0.,0.,-1.));
#2309=DIRECTION('ref_axis',(1.,0.,0.));
#2310=DIRECTION('',(0.,0.,-1.));
#2311=DIRECTION('center_axis',(0.,0.,1.));
#2312=DIRECTION('ref_axis',(1.,0.,0.));
#2313=DIRECTION('center_axis',(0.,0.,-1.));
#2314=DIRECTION('ref_axis',(1.,0.,0.));
#2315=DIRECTION('',(0.,0.,-1.));
#2316=DIRECTION('center_axis',(0.,0.,1.));
#2317=DIRECTION('ref_axis',(1.,0.,0.));
#2318=DIRECTION('center_axis',(0.,0.,-1.));
#2319=DIRECTION('ref_axis',(1.,0.,0.));
#2320=DIRECTION('',(0.,0.,-1.));
#2321=DIRECTION('center_axis',(0.,0.,1.));
#2322=DIRECTION('ref_axis',(1.,0.,0.));
#2323=DIRECTION('center_axis',(0.,0.,-1.));
#2324=DIRECTION('ref_axis',(1.,0.,0.));
#2325=DIRECTION('',(0.,0.,-1.));
#2326=DIRECTION('center_axis',(0.,0.,1.));
#2327=DIRECTION('ref_axis',(1.,0.,0.));
#2328=DIRECTION('center_axis',(0.,0.,-1.));
#2329=DIRECTION('ref_axis',(1.,0.,0.));
#2330=DIRECTION('',(0.,0.,-1.));
#2331=DIRECTION('center_axis',(0.,0.,1.));
#2332=DIRECTION('ref_axis',(1.,0.,0.));
#2333=DIRECTION('center_axis',(0.,0.,-1.));
#2334=DIRECTION('ref_axis',(1.,0.,0.));
#2335=DIRECTION('',(0.,0.,-1.));
#2336=DIRECTION('center_axis',(0.,0.,1.));
#2337=DIRECTION('ref_axis',(1.,0.,0.));
#2338=DIRECTION('center_axis',(0.,0.,-1.));
#2339=DIRECTION('ref_axis',(1.,0.,0.));
#2340=DIRECTION('',(0.,0.,-1.));
#2341=DIRECTION('center_axis',(0.,0.,1.));
#2342=DIRECTION('ref_axis',(1.,0.,0.));
#2343=DIRECTION('center_axis',(0.,0.,-1.));
#2344=DIRECTION('ref_axis',(1.,0.,0.));
#2345=DIRECTION('',(0.,0.,-1.));
#2346=DIRECTION('center_axis',(0.,0.,1.));
#2347=DIRECTION('ref_axis',(1.,0.,0.));
#2348=DIRECTION('center_axis',(0.,0.,-1.));
#2349=DIRECTION('ref_axis',(1.,0.,0.));
#2350=DIRECTION('',(0.,0.,-1.));
#2351=DIRECTION('center_axis',(0.,0.,1.));
#2352=DIRECTION('ref_axis',(1.,0.,0.));
#2353=DIRECTION('center_axis',(0.,0.,-1.));
#2354=DIRECTION('ref_axis',(1.,0.,0.));
#2355=DIRECTION('',(0.,0.,-1.));
#2356=DIRECTION('center_axis',(0.,0.,1.));
#2357=DIRECTION('ref_axis',(1.,0.,0.));
#2358=DIRECTION('center_axis',(0.,-1.,0.));
#2359=DIRECTION('ref_axis',(-1.,0.,0.));
#2360=DIRECTION('',(0.,0.,-1.));
#2361=DIRECTION('',(1.,0.,0.));
#2362=DIRECTION('',(0.,0.,-1.));
#2363=DIRECTION('center_axis',(1.,0.,0.));
#2364=DIRECTION('ref_axis',(0.,-1.,0.));
#2365=DIRECTION('',(0.,0.,-1.));
#2366=DIRECTION('',(0.,1.,0.));
#2367=DIRECTION('center_axis',(0.,1.,0.));
#2368=DIRECTION('ref_axis',(1.,0.,0.));
#2369=DIRECTION('',(0.,0.,-1.));
#2370=DIRECTION('',(-1.,0.,0.));
#2371=DIRECTION('center_axis',(-1.,0.,0.));
#2372=DIRECTION('ref_axis',(0.,1.,0.));
#2373=DIRECTION('',(0.,-1.,0.));
#2374=DIRECTION('center_axis',(0.,-1.,0.));
#2375=DIRECTION('ref_axis',(-1.,0.,0.));
#2376=DIRECTION('',(0.,0.,-1.));
#2377=DIRECTION('',(1.,0.,0.));
#2378=DIRECTION('',(0.,0.,-1.));
#2379=DIRECTION('center_axis',(1.,0.,0.));
#2380=DIRECTION('ref_axis',(0.,-1.,0.));
#2381=DIRECTION('',(0.,0.,-1.));
#2382=DIRECTION('',(0.,1.,0.));
#2383=DIRECTION('center_axis',(0.,1.,0.));
#2384=DIRECTION('ref_axis',(1.,0.,0.));
#2385=DIRECTION('',(0.,0.,-1.));
#2386=DIRECTION('',(-1.,0.,0.));
#2387=DIRECTION('center_axis',(-1.,0.,0.));
#2388=DIRECTION('ref_axis',(0.,1.,0.));
#2389=DIRECTION('',(0.,-1.,0.));
#2390=DIRECTION('center_axis',(0.,-1.,0.));
#2391=DIRECTION('ref_axis',(-1.,0.,0.));
#2392=DIRECTION('',(0.,0.,-1.));
#2393=DIRECTION('',(1.,0.,0.));
#2394=DIRECTION('',(0.,0.,-1.));
#2395=DIRECTION('center_axis',(1.,0.,0.));
#2396=DIRECTION('ref_axis',(0.,-1.,0.));
#2397=DIRECTION('',(0.,0.,-1.));
#2398=DIRECTION('',(0.,1.,0.));
#2399=DIRECTION('center_axis',(0.,1.,0.));
#2400=DIRECTION('ref_axis',(1.,0.,0.));
#2401=DIRECTION('',(0.,0.,-1.));
#2402=DIRECTION('',(-1.,0.,0.));
#2403=DIRECTION('center_axis',(-1.,0.,0.));
#2404=DIRECTION('ref_axis',(0.,1.,0.));
#2405=DIRECTION('',(0.,-1.,0.));
#2406=DIRECTION('center_axis',(0.,-1.,0.));
#2407=DIRECTION('ref_axis',(-1.,0.,0.));
#2408=DIRECTION('',(0.,0.,-1.));
#2409=DIRECTION('',(1.,0.,0.));
#2410=DIRECTION('',(0.,0.,-1.));
#2411=DIRECTION('center_axis',(1.,0.,0.));
#2412=DIRECTION('ref_axis',(0.,-1.,0.));
#2413=DIRECTION('',(0.,0.,-1.));
#2414=DIRECTION('',(0.,1.,0.));
#2415=DIRECTION('center_axis',(0.,1.,0.));
#2416=DIRECTION('ref_axis',(1.,0.,0.));
#2417=DIRECTION('',(0.,0.,-1.));
#2418=DIRECTION('',(-1.,0.,0.));
#2419=DIRECTION('center_axis',(-1.,0.,0.));
#2420=DIRECTION('ref_axis',(0.,1.,0.));
#2421=DIRECTION('',(0.,-1.,0.));
#2422=DIRECTION('center_axis',(0.,-1.,0.));
#2423=DIRECTION('ref_axis',(-1.,0.,0.));
#2424=DIRECTION('',(0.,0.,-1.));
#2425=DIRECTION('',(1.,0.,0.));
#2426=DIRECTION('',(0.,0.,-1.));
#2427=DIRECTION('center_axis',(1.,0.,0.));
#2428=DIRECTION('ref_axis',(0.,-1.,0.));
#2429=DIRECTION('',(0.,0.,-1.));
#2430=DIRECTION('',(0.,1.,0.));
#2431=DIRECTION('center_axis',(0.,1.,0.));
#2432=DIRECTION('ref_axis',(1.,0.,0.));
#2433=DIRECTION('',(0.,0.,-1.));
#2434=DIRECTION('',(-1.,0.,0.));
#2435=DIRECTION('center_axis',(-1.,0.,0.));
#2436=DIRECTION('ref_axis',(0.,1.,0.));
#2437=DIRECTION('',(0.,-1.,0.));
#2438=DIRECTION('center_axis',(0.,-1.,0.));
#2439=DIRECTION('ref_axis',(-1.,0.,0.));
#2440=DIRECTION('',(0.,0.,-1.));
#2441=DIRECTION('',(1.,0.,0.));
#2442=DIRECTION('',(0.,0.,-1.));
#2443=DIRECTION('center_axis',(1.,0.,0.));
#2444=DIRECTION('ref_axis',(0.,-1.,0.));
#2445=DIRECTION('',(0.,0.,-1.));
#2446=DIRECTION('',(0.,1.,0.));
#2447=DIRECTION('center_axis',(0.,1.,0.));
#2448=DIRECTION('ref_axis',(1.,0.,0.));
#2449=DIRECTION('',(0.,0.,-1.));
#2450=DIRECTION('',(-1.,0.,0.));
#2451=DIRECTION('center_axis',(-1.,0.,0.));
#2452=DIRECTION('ref_axis',(0.,1.,0.));
#2453=DIRECTION('',(0.,-1.,0.));
#2454=DIRECTION('center_axis',(0.,-1.,0.));
#2455=DIRECTION('ref_axis',(-1.,0.,0.));
#2456=DIRECTION('',(0.,0.,-1.));
#2457=DIRECTION('',(1.,0.,0.));
#2458=DIRECTION('',(0.,0.,-1.));
#2459=DIRECTION('center_axis',(1.,0.,0.));
#2460=DIRECTION('ref_axis',(0.,-1.,0.));
#2461=DIRECTION('',(0.,0.,-1.));
#2462=DIRECTION('',(0.,1.,0.));
#2463=DIRECTION('center_axis',(0.,1.,0.));
#2464=DIRECTION('ref_axis',(1.,0.,0.));
#2465=DIRECTION('',(0.,0.,-1.));
#2466=DIRECTION('',(-1.,0.,0.));
#2467=DIRECTION('center_axis',(-1.,0.,0.));
#2468=DIRECTION('ref_axis',(0.,1.,0.));
#2469=DIRECTION('',(0.,-1.,0.));
#2470=DIRECTION('center_axis',(0.,-1.,0.));
#2471=DIRECTION('ref_axis',(-1.,0.,0.));
#2472=DIRECTION('',(0.,0.,-1.));
#2473=DIRECTION('',(1.,0.,0.));
#2474=DIRECTION('',(0.,0.,-1.));
#2475=DIRECTION('center_axis',(1.,0.,0.));
#2476=DIRECTION('ref_axis',(0.,-1.,0.));
#2477=DIRECTION('',(0.,0.,-1.));
#2478=DIRECTION('',(0.,1.,0.));
#2479=DIRECTION('center_axis',(0.,1.,0.));
#2480=DIRECTION('ref_axis',(1.,0.,0.));
#2481=DIRECTION('',(0.,0.,-1.));
#2482=DIRECTION('',(-1.,0.,0.));
#2483=DIRECTION('center_axis',(-1.,0.,0.));
#2484=DIRECTION('ref_axis',(0.,1.,0.));
#2485=DIRECTION('',(0.,-1.,0.));
#2486=DIRECTION('center_axis',(0.,-1.,0.));
#2487=DIRECTION('ref_axis',(-1.,0.,0.));
#2488=DIRECTION('',(0.,0.,-1.));
#2489=DIRECTION('',(1.,0.,0.));
#2490=DIRECTION('',(0.,0.,-1.));
#2491=DIRECTION('center_axis',(1.,0.,0.));
#2492=DIRECTION('ref_axis',(0.,-1.,0.));
#2493=DIRECTION('',(0.,0.,-1.));
#2494=DIRECTION('',(0.,1.,0.));
#2495=DIRECTION('center_axis',(0.,1.,0.));
#2496=DIRECTION('ref_axis',(1.,0.,0.));
#2497=DIRECTION('',(0.,0.,-1.));
#2498=DIRECTION('',(-1.,0.,0.));
#2499=DIRECTION('center_axis',(-1.,0.,0.));
#2500=DIRECTION('ref_axis',(0.,1.,0.));
#2501=DIRECTION('',(0.,-1.,0.));
#2502=DIRECTION('center_axis',(0.,-1.,0.));
#2503=DIRECTION('ref_axis',(-1.,0.,0.));
#2504=DIRECTION('',(0.,0.,-1.));
#2505=DIRECTION('',(1.,0.,0.));
#2506=DIRECTION('',(0.,0.,-1.));
#2507=DIRECTION('center_axis',(1.,0.,0.));
#2508=DIRECTION('ref_axis',(0.,-1.,0.));
#2509=DIRECTION('',(0.,0.,-1.));
#2510=DIRECTION('',(0.,1.,0.));
#2511=DIRECTION('center_axis',(0.,1.,0.));
#2512=DIRECTION('ref_axis',(1.,0.,0.));
#2513=DIRECTION('',(0.,0.,-1.));
#2514=DIRECTION('',(-1.,0.,0.));
#2515=DIRECTION('center_axis',(-1.,0.,0.));
#2516=DIRECTION('ref_axis',(0.,1.,0.));
#2517=DIRECTION('',(0.,-1.,0.));
#2518=DIRECTION('center_axis',(0.,-1.,0.));
#2519=DIRECTION('ref_axis',(-1.,0.,0.));
#2520=DIRECTION('',(0.,0.,-1.));
#2521=DIRECTION('',(1.,0.,0.));
#2522=DIRECTION('',(0.,0.,-1.));
#2523=DIRECTION('center_axis',(1.,0.,0.));
#2524=DIRECTION('ref_axis',(0.,-1.,0.));
#2525=DIRECTION('',(0.,0.,-1.));
#2526=DIRECTION('',(0.,1.,0.));
#2527=DIRECTION('center_axis',(0.,1.,0.));
#2528=DIRECTION('ref_axis',(1.,0.,0.));
#2529=DIRECTION('',(0.,0.,-1.));
#2530=DIRECTION('',(-1.,0.,0.));
#2531=DIRECTION('center_axis',(-1.,0.,0.));
#2532=DIRECTION('ref_axis',(0.,1.,0.));
#2533=DIRECTION('',(0.,-1.,0.));
#2534=DIRECTION('center_axis',(0.,-1.,0.));
#2535=DIRECTION('ref_axis',(-1.,0.,0.));
#2536=DIRECTION('',(0.,0.,-1.));
#2537=DIRECTION('',(1.,0.,0.));
#2538=DIRECTION('',(0.,0.,-1.));
#2539=DIRECTION('center_axis',(1.,0.,0.));
#2540=DIRECTION('ref_axis',(0.,-1.,0.));
#2541=DIRECTION('',(0.,0.,-1.));
#2542=DIRECTION('',(0.,1.,0.));
#2543=DIRECTION('center_axis',(0.,1.,0.));
#2544=DIRECTION('ref_axis',(1.,0.,0.));
#2545=DIRECTION('',(0.,0.,-1.));
#2546=DIRECTION('',(-1.,0.,0.));
#2547=DIRECTION('center_axis',(-1.,0.,0.));
#2548=DIRECTION('ref_axis',(0.,1.,0.));
#2549=DIRECTION('',(0.,-1.,0.));
#2550=DIRECTION('center_axis',(0.,-1.,0.));
#2551=DIRECTION('ref_axis',(-1.,0.,0.));
#2552=DIRECTION('',(0.,0.,-1.));
#2553=DIRECTION('',(1.,0.,0.));
#2554=DIRECTION('',(0.,0.,-1.));
#2555=DIRECTION('center_axis',(1.,0.,0.));
#2556=DIRECTION('ref_axis',(0.,-1.,0.));
#2557=DIRECTION('',(0.,0.,-1.));
#2558=DIRECTION('',(0.,1.,0.));
#2559=DIRECTION('center_axis',(0.,1.,0.));
#2560=DIRECTION('ref_axis',(1.,0.,0.));
#2561=DIRECTION('',(0.,0.,-1.));
#2562=DIRECTION('',(-1.,0.,0.));
#2563=DIRECTION('center_axis',(-1.,0.,0.));
#2564=DIRECTION('ref_axis',(0.,1.,0.));
#2565=DIRECTION('',(0.,-1.,0.));
#2566=DIRECTION('center_axis',(0.,-1.,0.));
#2567=DIRECTION('ref_axis',(-1.,0.,0.));
#2568=DIRECTION('',(0.,0.,-1.));
#2569=DIRECTION('',(1.,0.,0.));
#2570=DIRECTION('',(0.,0.,-1.));
#2571=DIRECTION('center_axis',(1.,0.,0.));
#2572=DIRECTION('ref_axis',(0.,-1.,0.));
#2573=DIRECTION('',(0.,0.,-1.));
#2574=DIRECTION('',(0.,1.,0.));
#2575=DIRECTION('center_axis',(0.,1.,0.));
#2576=DIRECTION('ref_axis',(1.,0.,0.));
#2577=DIRECTION('',(0.,0.,-1.));
#2578=DIRECTION('',(-1.,0.,0.));
#2579=DIRECTION('center_axis',(-1.,0.,0.));
#2580=DIRECTION('ref_axis',(0.,1.,0.));
#2581=DIRECTION('',(0.,-1.,0.));
#2582=DIRECTION('center_axis',(0.,-1.,0.));
#2583=DIRECTION('ref_axis',(-1.,0.,0.));
#2584=DIRECTION('',(0.,0.,-1.));
#2585=DIRECTION('',(1.,0.,0.));
#2586=DIRECTION('',(0.,0.,-1.));
#2587=DIRECTION('center_axis',(1.,0.,0.));
#2588=DIRECTION('ref_axis',(0.,-1.,0.));
#2589=DIRECTION('',(0.,0.,-1.));
#2590=DIRECTION('',(0.,1.,0.));
#2591=DIRECTION('center_axis',(0.,1.,0.));
#2592=DIRECTION('ref_axis',(1.,0.,0.));
#2593=DIRECTION('',(0.,0.,-1.));
#2594=DIRECTION('',(-1.,0.,0.));
#2595=DIRECTION('center_axis',(-1.,0.,0.));
#2596=DIRECTION('ref_axis',(0.,1.,0.));
#2597=DIRECTION('',(0.,-1.,0.));
#2598=DIRECTION('center_axis',(0.,-1.,0.));
#2599=DIRECTION('ref_axis',(-1.,0.,0.));
#2600=DIRECTION('',(0.,0.,-1.));
#2601=DIRECTION('',(1.,0.,0.));
#2602=DIRECTION('',(0.,0.,-1.));
#2603=DIRECTION('center_axis',(1.,0.,0.));
#2604=DIRECTION('ref_axis',(0.,-1.,0.));
#2605=DIRECTION('',(0.,0.,-1.));
#2606=DIRECTION('',(0.,1.,0.));
#2607=DIRECTION('center_axis',(0.,1.,0.));
#2608=DIRECTION('ref_axis',(1.,0.,0.));
#2609=DIRECTION('',(0.,0.,-1.));
#2610=DIRECTION('',(-1.,0.,0.));
#2611=DIRECTION('center_axis',(-1.,0.,0.));
#2612=DIRECTION('ref_axis',(0.,1.,0.));
#2613=DIRECTION('',(0.,-1.,0.));
#2614=DIRECTION('center_axis',(0.,1.,0.));
#2615=DIRECTION('ref_axis',(-1.,0.,0.));
#2616=DIRECTION('',(-1.,0.,0.));
#2617=DIRECTION('center_axis',(0.,-1.,0.));
#2618=DIRECTION('ref_axis',(1.,0.,0.));
#2619=DIRECTION('',(1.,0.,0.));
#2620=DIRECTION('center_axis',(0.,0.,1.));
#2621=DIRECTION('ref_axis',(1.,0.,0.));
#2622=CARTESIAN_POINT('',(0.,0.,0.));
#2623=CARTESIAN_POINT('Origin',(2.,2.,18.6));
#2624=CARTESIAN_POINT('',(2.,0.,20.1));
#2625=CARTESIAN_POINT('',(0.,1.99999999999999,20.1));
#2626=CARTESIAN_POINT('Origin',(2.,2.,20.1));
#2627=CARTESIAN_POINT('',(0.,1.99999999999999,18.6));
#2628=CARTESIAN_POINT('',(0.,2.,18.6));
#2629=CARTESIAN_POINT('',(2.,0.,18.6));
#2630=CARTESIAN_POINT('Origin',(2.,2.,18.6));
#2631=CARTESIAN_POINT('',(2.,0.,18.6));
#2632=CARTESIAN_POINT('Origin',(0.,105.5,18.6));
#2633=CARTESIAN_POINT('',(0.,103.5,20.1));
#2634=CARTESIAN_POINT('',(0.,105.5,20.1));
#2635=CARTESIAN_POINT('',(0.,103.5,18.6));
#2636=CARTESIAN_POINT('',(0.,103.5,18.6));
#2637=CARTESIAN_POINT('',(0.,105.5,18.6));
#2638=CARTESIAN_POINT('Origin',(52.75,52.75,20.1));
#2639=CARTESIAN_POINT('',(103.5,0.,20.1));
#2640=CARTESIAN_POINT('',(0.,0.,20.1));
#2641=CARTESIAN_POINT('',(105.5,2.,20.1));
#2642=CARTESIAN_POINT('Origin',(103.5,2.,20.1));
#2643=CARTESIAN_POINT('',(105.5,103.5,20.1));
#2644=CARTESIAN_POINT('',(105.5,0.,20.1));
#2645=CARTESIAN_POINT('',(103.5,105.5,20.1));
#2646=CARTESIAN_POINT('Origin',(103.5,103.5,20.1));
#2647=CARTESIAN_POINT('',(1.99999999999999,105.5,20.1));
#2648=CARTESIAN_POINT('',(105.5,105.5,20.1));
#2649=CARTESIAN_POINT('Origin',(2.,103.5,20.1));
#2650=CARTESIAN_POINT('',(89.89,56.04,20.1));
#2651=CARTESIAN_POINT('Origin',(93.39,56.04,20.1));
#2652=CARTESIAN_POINT('',(80.95,10.16,20.1));
#2653=CARTESIAN_POINT('',(66.95,10.16,20.1));
#2654=CARTESIAN_POINT('',(66.85,10.16,20.1));
#2655=CARTESIAN_POINT('',(66.95,24.16,20.1));
#2656=CARTESIAN_POINT('',(66.95,31.455,20.1));
#2657=CARTESIAN_POINT('',(80.95,24.16,20.1));
#2658=CARTESIAN_POINT('',(59.85,24.16,20.1));
#2659=CARTESIAN_POINT('',(80.95,38.455,20.1));
#2660=CARTESIAN_POINT('',(40.95,10.16,20.1));
#2661=CARTESIAN_POINT('',(26.95,10.16,20.1));
#2662=CARTESIAN_POINT('',(46.85,10.16,20.1));
#2663=CARTESIAN_POINT('',(26.95,24.16,20.1));
#2664=CARTESIAN_POINT('',(26.95,31.455,20.1));
#2665=CARTESIAN_POINT('',(40.95,24.16,20.1));
#2666=CARTESIAN_POINT('',(39.85,24.16,20.1));
#2667=CARTESIAN_POINT('',(40.95,38.455,20.1));
#2668=CARTESIAN_POINT('',(80.95,35.16,20.1));
#2669=CARTESIAN_POINT('',(66.95,35.16,20.1));
#2670=CARTESIAN_POINT('',(66.85,35.16,20.1));
#2671=CARTESIAN_POINT('',(66.95,49.16,20.1));
#2672=CARTESIAN_POINT('',(66.95,43.955,20.1));
#2673=CARTESIAN_POINT('',(80.95,49.16,20.1));
#2674=CARTESIAN_POINT('',(59.85,49.16,20.1));
#2675=CARTESIAN_POINT('',(80.95,50.955,20.1));
#2676=CARTESIAN_POINT('',(40.95,35.16,20.1));
#2677=CARTESIAN_POINT('',(26.95,35.16,20.1));
#2678=CARTESIAN_POINT('',(46.85,35.16,20.1));
#2679=CARTESIAN_POINT('',(26.95,49.16,20.1));
#2680=CARTESIAN_POINT('',(26.95,43.955,20.1));
#2681=CARTESIAN_POINT('',(40.95,49.16,20.1));
#2682=CARTESIAN_POINT('',(39.85,49.16,20.1));
#2683=CARTESIAN_POINT('',(40.95,50.955,20.1));
#2684=CARTESIAN_POINT('',(20.79,84.49,20.1));
#2685=CARTESIAN_POINT('',(6.79,84.49,20.1));
#2686=CARTESIAN_POINT('',(36.77,84.49,20.1));
#2687=CARTESIAN_POINT('',(6.79,98.49,20.1));
#2688=CARTESIAN_POINT('',(6.79,68.62,20.1));
#2689=CARTESIAN_POINT('',(20.79,98.49,20.1));
#2690=CARTESIAN_POINT('',(29.77,98.49,20.1));
#2691=CARTESIAN_POINT('',(20.79,75.62,20.1));
#2692=CARTESIAN_POINT('',(60.95,60.16,20.1));
#2693=CARTESIAN_POINT('',(46.95,60.16,20.1));
#2694=CARTESIAN_POINT('',(56.85,60.16,20.1));
#2695=CARTESIAN_POINT('',(46.95,74.16,20.1));
#2696=CARTESIAN_POINT('',(46.95,56.455,20.1));
#2697=CARTESIAN_POINT('',(60.95,74.16,20.1));
#2698=CARTESIAN_POINT('',(49.85,74.16,20.1));
#2699=CARTESIAN_POINT('',(60.95,63.455,20.1));
#2700=CARTESIAN_POINT('',(20.91,60.16,20.1));
#2701=CARTESIAN_POINT('',(6.91,60.16,20.1));
#2702=CARTESIAN_POINT('',(36.83,60.16,20.1));
#2703=CARTESIAN_POINT('',(6.91,74.16,20.1));
#2704=CARTESIAN_POINT('',(6.91,56.455,20.1));
#2705=CARTESIAN_POINT('',(20.91,74.16,20.1));
#2706=CARTESIAN_POINT('',(29.83,74.16,20.1));
#2707=CARTESIAN_POINT('',(20.91,63.455,20.1));
#2708=CARTESIAN_POINT('',(60.95,84.49,20.1));
#2709=CARTESIAN_POINT('',(46.95,84.49,20.1));
#2710=CARTESIAN_POINT('',(56.85,84.49,20.1));
#2711=CARTESIAN_POINT('',(46.95,98.49,20.1));
#2712=CARTESIAN_POINT('',(46.95,68.62,20.1));
#2713=CARTESIAN_POINT('',(60.95,98.49,20.1));
#2714=CARTESIAN_POINT('',(49.85,98.49,20.1));
#2715=CARTESIAN_POINT('',(60.95,75.62,20.1));
#2716=CARTESIAN_POINT('',(40.95,84.49,20.1));
#2717=CARTESIAN_POINT('',(26.95,84.49,20.1));
#2718=CARTESIAN_POINT('',(46.85,84.49,20.1));
#2719=CARTESIAN_POINT('',(26.95,98.49,20.1));
#2720=CARTESIAN_POINT('',(26.95,68.62,20.1));
#2721=CARTESIAN_POINT('',(40.95,98.49,20.1));
#2722=CARTESIAN_POINT('',(39.85,98.49,20.1));
#2723=CARTESIAN_POINT('',(40.95,75.62,20.1));
#2724=CARTESIAN_POINT('',(80.95,84.49,20.1));
#2725=CARTESIAN_POINT('',(66.95,84.49,20.1));
#2726=CARTESIAN_POINT('',(66.85,84.49,20.1));
#2727=CARTESIAN_POINT('',(66.95,98.49,20.1));
#2728=CARTESIAN_POINT('',(66.95,68.62,20.1));
#2729=CARTESIAN_POINT('',(80.95,98.49,20.1));
#2730=CARTESIAN_POINT('',(59.85,98.49,20.1));
#2731=CARTESIAN_POINT('',(80.95,75.62,20.1));
#2732=CARTESIAN_POINT('',(40.95,60.16,20.1));
#2733=CARTESIAN_POINT('',(26.95,60.16,20.1));
#2734=CARTESIAN_POINT('',(46.85,60.16,20.1));
#2735=CARTESIAN_POINT('',(26.95,74.16,20.1));
#2736=CARTESIAN_POINT('',(26.95,56.455,20.1));
#2737=CARTESIAN_POINT('',(40.95,74.16,20.1));
#2738=CARTESIAN_POINT('',(39.85,74.16,20.1));
#2739=CARTESIAN_POINT('',(40.95,63.455,20.1));
#2740=CARTESIAN_POINT('',(80.95,60.16,20.1));
#2741=CARTESIAN_POINT('',(66.95,60.16,20.1));
#2742=CARTESIAN_POINT('',(66.85,60.16,20.1));
#2743=CARTESIAN_POINT('',(66.95,74.16,20.1));
#2744=CARTESIAN_POINT('',(66.95,56.455,20.1));
#2745=CARTESIAN_POINT('',(80.95,74.16,20.1));
#2746=CARTESIAN_POINT('',(59.85,74.16,20.1));
#2747=CARTESIAN_POINT('',(80.95,63.455,20.1));
#2748=CARTESIAN_POINT('',(20.79,35.16,20.1));
#2749=CARTESIAN_POINT('',(6.79,35.16,20.1));
#2750=CARTESIAN_POINT('',(36.77,35.16,20.1));
#2751=CARTESIAN_POINT('',(6.79,49.16,20.1));
#2752=CARTESIAN_POINT('',(6.79,43.955,20.1));
#2753=CARTESIAN_POINT('',(20.79,49.16,20.1));
#2754=CARTESIAN_POINT('',(29.77,49.16,20.1));
#2755=CARTESIAN_POINT('',(20.79,50.955,20.1));
#2756=CARTESIAN_POINT('',(60.95,35.16,20.1));
#2757=CARTESIAN_POINT('',(46.95,35.16,20.1));
#2758=CARTESIAN_POINT('',(56.85,35.16,20.1));
#2759=CARTESIAN_POINT('',(46.95,49.16,20.1));
#2760=CARTESIAN_POINT('',(46.95,43.955,20.1));
#2761=CARTESIAN_POINT('',(60.95,49.16,20.1));
#2762=CARTESIAN_POINT('',(49.85,49.16,20.1));
#2763=CARTESIAN_POINT('',(60.95,50.955,20.1));
#2764=CARTESIAN_POINT('',(20.79,10.16,20.1));
#2765=CARTESIAN_POINT('',(6.79,10.16,20.1));
#2766=CARTESIAN_POINT('',(36.77,10.16,20.1));
#2767=CARTESIAN_POINT('',(6.79,24.16,20.1));
#2768=CARTESIAN_POINT('',(6.79,31.455,20.1));
#2769=CARTESIAN_POINT('',(20.79,24.16,20.1));
#2770=CARTESIAN_POINT('',(29.77,24.16,20.1));
#2771=CARTESIAN_POINT('',(20.79,38.455,20.1));
#2772=CARTESIAN_POINT('',(60.95,10.16,20.1));
#2773=CARTESIAN_POINT('',(46.95,10.16,20.1));
#2774=CARTESIAN_POINT('',(56.85,10.16,20.1));
#2775=CARTESIAN_POINT('',(46.95,24.16,20.1));
#2776=CARTESIAN_POINT('',(46.95,31.455,20.1));
#2777=CARTESIAN_POINT('',(60.95,24.16,20.1));
#2778=CARTESIAN_POINT('',(49.85,24.16,20.1));
#2779=CARTESIAN_POINT('',(60.95,38.455,20.1));
#2780=CARTESIAN_POINT('',(69.25,7.16,20.1));
#2781=CARTESIAN_POINT('Origin',(71.25,7.16,20.1));
#2782=CARTESIAN_POINT('',(29.25,7.16,20.1));
#2783=CARTESIAN_POINT('Origin',(31.25,7.16,20.1));
#2784=CARTESIAN_POINT('',(69.45,32.36,20.1));
#2785=CARTESIAN_POINT('Origin',(71.45,32.36,20.1));
#2786=CARTESIAN_POINT('',(29.45,32.16,20.1));
#2787=CARTESIAN_POINT('Origin',(31.45,32.16,20.1));
#2788=CARTESIAN_POINT('',(9.29000000000001,81.49,20.1));
#2789=CARTESIAN_POINT('Origin',(11.29,81.49,20.1));
#2790=CARTESIAN_POINT('',(49.45,57.16,20.1));
#2791=CARTESIAN_POINT('Origin',(51.45,57.16,20.1));
#2792=CARTESIAN_POINT('',(9.39,57.0072,20.1));
#2793=CARTESIAN_POINT('Origin',(11.39,57.0072,20.1));
#2794=CARTESIAN_POINT('',(49.45,81.36,20.1));
#2795=CARTESIAN_POINT('Origin',(51.45,81.36,20.1));
#2796=CARTESIAN_POINT('',(29.25,81.36,20.1));
#2797=CARTESIAN_POINT('Origin',(31.25,81.36,20.1));
#2798=CARTESIAN_POINT('',(69.45,81.36,20.1));
#2799=CARTESIAN_POINT('Origin',(71.45,81.36,20.1));
#2800=CARTESIAN_POINT('',(29.45,57.1072,20.1));
#2801=CARTESIAN_POINT('Origin',(31.45,57.1072,20.1));
#2802=CARTESIAN_POINT('',(69.45,56.96,20.1));
#2803=CARTESIAN_POINT('Origin',(71.45,56.96,20.1));
#2804=CARTESIAN_POINT('',(9.25,32.16,20.1));
#2805=CARTESIAN_POINT('Origin',(11.25,32.16,20.1));
#2806=CARTESIAN_POINT('',(49.45,32.16,20.1));
#2807=CARTESIAN_POINT('Origin',(51.45,32.16,20.1));
#2808=CARTESIAN_POINT('',(9.19,7.2072,20.1));
#2809=CARTESIAN_POINT('Origin',(11.19,7.2072,20.1));
#2810=CARTESIAN_POINT('',(49.45,6.95999999999998,20.1));
#2811=CARTESIAN_POINT('Origin',(51.45,6.95999999999998,20.1));
#2812=CARTESIAN_POINT('Origin',(103.5,2.,18.6));
#2813=CARTESIAN_POINT('',(103.5,0.,18.6));
#2814=CARTESIAN_POINT('',(103.5,0.,18.6));
#2815=CARTESIAN_POINT('',(105.5,2.,18.6));
#2816=CARTESIAN_POINT('Origin',(103.5,2.,18.6));
#2817=CARTESIAN_POINT('',(105.5,2.,18.6));
#2818=CARTESIAN_POINT('Origin',(105.5,0.,18.6));
#2819=CARTESIAN_POINT('',(105.5,103.5,18.6));
#2820=CARTESIAN_POINT('',(105.5,0.,18.6));
#2821=CARTESIAN_POINT('',(105.5,103.5,18.6));
#2822=CARTESIAN_POINT('Origin',(103.5,103.5,18.6));
#2823=CARTESIAN_POINT('',(103.5,105.5,18.6));
#2824=CARTESIAN_POINT('Origin',(103.5,103.5,18.6));
#2825=CARTESIAN_POINT('',(103.5,105.5,18.6));
#2826=CARTESIAN_POINT('Origin',(2.,103.5,18.6));
#2827=CARTESIAN_POINT('',(1.99999999999999,105.5,18.6));
#2828=CARTESIAN_POINT('',(2.,105.5,18.6));
#2829=CARTESIAN_POINT('Origin',(2.,103.5,18.6));
#2830=CARTESIAN_POINT('Origin',(51.45,6.95999999999998,20.1));
#2831=CARTESIAN_POINT('',(49.45,6.95999999999998,18.6));
#2832=CARTESIAN_POINT('',(49.45,6.95999999999998,20.1));
#2833=CARTESIAN_POINT('Origin',(51.45,6.95999999999998,18.6));
#2834=CARTESIAN_POINT('Origin',(11.19,7.2072,20.1));
#2835=CARTESIAN_POINT('',(9.19,7.2072,18.6));
#2836=CARTESIAN_POINT('',(9.19,7.2072,20.1));
#2837=CARTESIAN_POINT('Origin',(11.19,7.2072,18.6));
#2838=CARTESIAN_POINT('Origin',(51.45,32.16,20.1));
#2839=CARTESIAN_POINT('',(49.45,32.16,18.6));
#2840=CARTESIAN_POINT('',(49.45,32.16,20.1));
#2841=CARTESIAN_POINT('Origin',(51.45,32.16,18.6));
#2842=CARTESIAN_POINT('Origin',(11.25,32.16,20.1));
#2843=CARTESIAN_POINT('',(9.25,32.16,18.6));
#2844=CARTESIAN_POINT('',(9.25,32.16,20.1));
#2845=CARTESIAN_POINT('Origin',(11.25,32.16,18.6));
#2846=CARTESIAN_POINT('Origin',(71.45,56.96,20.1));
#2847=CARTESIAN_POINT('',(69.45,56.96,18.6));
#2848=CARTESIAN_POINT('',(69.45,56.96,20.1));
#2849=CARTESIAN_POINT('Origin',(71.45,56.96,18.6));
#2850=CARTESIAN_POINT('Origin',(31.45,57.1072,20.1));
#2851=CARTESIAN_POINT('',(29.45,57.1072,18.6));
#2852=CARTESIAN_POINT('',(29.45,57.1072,20.1));
#2853=CARTESIAN_POINT('Origin',(31.45,57.1072,18.6));
#2854=CARTESIAN_POINT('Origin',(71.45,81.36,20.1));
#2855=CARTESIAN_POINT('',(69.45,81.36,18.6));
#2856=CARTESIAN_POINT('',(69.45,81.36,20.1));
#2857=CARTESIAN_POINT('Origin',(71.45,81.36,18.6));
#2858=CARTESIAN_POINT('Origin',(31.25,81.36,20.1));
#2859=CARTESIAN_POINT('',(29.25,81.36,18.6));
#2860=CARTESIAN_POINT('',(29.25,81.36,20.1));
#2861=CARTESIAN_POINT('Origin',(31.25,81.36,18.6));
#2862=CARTESIAN_POINT('Origin',(51.45,81.36,20.1));
#2863=CARTESIAN_POINT('',(49.45,81.36,18.6));
#2864=CARTESIAN_POINT('',(49.45,81.36,20.1));
#2865=CARTESIAN_POINT('Origin',(51.45,81.36,18.6));
#2866=CARTESIAN_POINT('Origin',(11.39,57.0072,20.1));
#2867=CARTESIAN_POINT('',(9.39,57.0072,18.6));
#2868=CARTESIAN_POINT('',(9.39,57.0072,20.1));
#2869=CARTESIAN_POINT('Origin',(11.39,57.0072,18.6));
#2870=CARTESIAN_POINT('Origin',(51.45,57.16,20.1));
#2871=CARTESIAN_POINT('',(49.45,57.16,18.6));
#2872=CARTESIAN_POINT('',(49.45,57.16,20.1));
#2873=CARTESIAN_POINT('Origin',(51.45,57.16,18.6));
#2874=CARTESIAN_POINT('Origin',(11.29,81.49,20.1));
#2875=CARTESIAN_POINT('',(9.29000000000001,81.49,18.6));
#2876=CARTESIAN_POINT('',(9.29000000000001,81.49,20.1));
#2877=CARTESIAN_POINT('Origin',(11.29,81.49,18.6));
#2878=CARTESIAN_POINT('Origin',(31.45,32.16,20.1));
#2879=CARTESIAN_POINT('',(29.45,32.16,18.6));
#2880=CARTESIAN_POINT('',(29.45,32.16,20.1));
#2881=CARTESIAN_POINT('Origin',(31.45,32.16,18.6));
#2882=CARTESIAN_POINT('Origin',(71.45,32.36,20.1));
#2883=CARTESIAN_POINT('',(69.45,32.36,18.6));
#2884=CARTESIAN_POINT('',(69.45,32.36,20.1));
#2885=CARTESIAN_POINT('Origin',(71.45,32.36,18.6));
#2886=CARTESIAN_POINT('Origin',(31.25,7.16,20.1));
#2887=CARTESIAN_POINT('',(29.25,7.16,18.6));
#2888=CARTESIAN_POINT('',(29.25,7.16,20.1));
#2889=CARTESIAN_POINT('Origin',(31.25,7.16,18.6));
#2890=CARTESIAN_POINT('Origin',(71.25,7.16,20.1));
#2891=CARTESIAN_POINT('',(69.25,7.16,18.6));
#2892=CARTESIAN_POINT('',(69.25,7.16,20.1));
#2893=CARTESIAN_POINT('Origin',(71.25,7.16,18.6));
#2894=CARTESIAN_POINT('Origin',(93.39,56.04,20.1));
#2895=CARTESIAN_POINT('',(89.89,56.04,18.6));
#2896=CARTESIAN_POINT('',(89.89,56.04,20.1));
#2897=CARTESIAN_POINT('Origin',(93.39,56.04,18.6));
#2898=CARTESIAN_POINT('Origin',(60.95,10.16,20.1));
#2899=CARTESIAN_POINT('',(60.95,10.16,18.6));
#2900=CARTESIAN_POINT('',(60.95,10.16,20.1));
#2901=CARTESIAN_POINT('',(46.95,10.16,18.6));
#2902=CARTESIAN_POINT('',(56.85,10.16,18.6));
#2903=CARTESIAN_POINT('',(46.95,10.16,20.1));
#2904=CARTESIAN_POINT('Origin',(60.95,24.16,20.1));
#2905=CARTESIAN_POINT('',(60.95,24.16,18.6));
#2906=CARTESIAN_POINT('',(60.95,24.16,20.1));
#2907=CARTESIAN_POINT('',(60.95,38.455,18.6));
#2908=CARTESIAN_POINT('Origin',(46.95,24.16,20.1));
#2909=CARTESIAN_POINT('',(46.95,24.16,18.6));
#2910=CARTESIAN_POINT('',(46.95,24.16,20.1));
#2911=CARTESIAN_POINT('',(49.85,24.16,18.6));
#2912=CARTESIAN_POINT('Origin',(46.95,10.16,20.1));
#2913=CARTESIAN_POINT('',(46.95,31.455,18.6));
#2914=CARTESIAN_POINT('Origin',(20.79,10.16,20.1));
#2915=CARTESIAN_POINT('',(20.79,10.16,18.6));
#2916=CARTESIAN_POINT('',(20.79,10.16,20.1));
#2917=CARTESIAN_POINT('',(6.79,10.16,18.6));
#2918=CARTESIAN_POINT('',(36.77,10.16,18.6));
#2919=CARTESIAN_POINT('',(6.79,10.16,20.1));
#2920=CARTESIAN_POINT('Origin',(20.79,24.16,20.1));
#2921=CARTESIAN_POINT('',(20.79,24.16,18.6));
#2922=CARTESIAN_POINT('',(20.79,24.16,20.1));
#2923=CARTESIAN_POINT('',(20.79,38.455,18.6));
#2924=CARTESIAN_POINT('Origin',(6.79,24.16,20.1));
#2925=CARTESIAN_POINT('',(6.79,24.16,18.6));
#2926=CARTESIAN_POINT('',(6.79,24.16,20.1));
#2927=CARTESIAN_POINT('',(29.77,24.16,18.6));
#2928=CARTESIAN_POINT('Origin',(6.79,10.16,20.1));
#2929=CARTESIAN_POINT('',(6.79,31.455,18.6));
#2930=CARTESIAN_POINT('Origin',(60.95,35.16,20.1));
#2931=CARTESIAN_POINT('',(60.95,35.16,18.6));
#2932=CARTESIAN_POINT('',(60.95,35.16,20.1));
#2933=CARTESIAN_POINT('',(46.95,35.16,18.6));
#2934=CARTESIAN_POINT('',(56.85,35.16,18.6));
#2935=CARTESIAN_POINT('',(46.95,35.16,20.1));
#2936=CARTESIAN_POINT('Origin',(60.95,49.16,20.1));
#2937=CARTESIAN_POINT('',(60.95,49.16,18.6));
#2938=CARTESIAN_POINT('',(60.95,49.16,20.1));
#2939=CARTESIAN_POINT('',(60.95,50.955,18.6));
#2940=CARTESIAN_POINT('Origin',(46.95,49.16,20.1));
#2941=CARTESIAN_POINT('',(46.95,49.16,18.6));
#2942=CARTESIAN_POINT('',(46.95,49.16,20.1));
#2943=CARTESIAN_POINT('',(49.85,49.16,18.6));
#2944=CARTESIAN_POINT('Origin',(46.95,35.16,20.1));
#2945=CARTESIAN_POINT('',(46.95,43.955,18.6));
#2946=CARTESIAN_POINT('Origin',(20.79,35.16,20.1));
#2947=CARTESIAN_POINT('',(20.79,35.16,18.6));
#2948=CARTESIAN_POINT('',(20.79,35.16,20.1));
#2949=CARTESIAN_POINT('',(6.79,35.16,18.6));
#2950=CARTESIAN_POINT('',(36.77,35.16,18.6));
#2951=CARTESIAN_POINT('',(6.79,35.16,20.1));
#2952=CARTESIAN_POINT('Origin',(20.79,49.16,20.1));
#2953=CARTESIAN_POINT('',(20.79,49.16,18.6));
#2954=CARTESIAN_POINT('',(20.79,49.16,20.1));
#2955=CARTESIAN_POINT('',(20.79,50.955,18.6));
#2956=CARTESIAN_POINT('Origin',(6.79,49.16,20.1));
#2957=CARTESIAN_POINT('',(6.79,49.16,18.6));
#2958=CARTESIAN_POINT('',(6.79,49.16,20.1));
#2959=CARTESIAN_POINT('',(29.77,49.16,18.6));
#2960=CARTESIAN_POINT('Origin',(6.79,35.16,20.1));
#2961=CARTESIAN_POINT('',(6.79,43.955,18.6));
#2962=CARTESIAN_POINT('Origin',(80.95,60.16,20.1));
#2963=CARTESIAN_POINT('',(80.95,60.16,18.6));
#2964=CARTESIAN_POINT('',(80.95,60.16,20.1));
#2965=CARTESIAN_POINT('',(66.95,60.16,18.6));
#2966=CARTESIAN_POINT('',(66.85,60.16,18.6));
#2967=CARTESIAN_POINT('',(66.95,60.16,20.1));
#2968=CARTESIAN_POINT('Origin',(80.95,74.16,20.1));
#2969=CARTESIAN_POINT('',(80.95,74.16,18.6));
#2970=CARTESIAN_POINT('',(80.95,74.16,20.1));
#2971=CARTESIAN_POINT('',(80.95,63.455,18.6));
#2972=CARTESIAN_POINT('Origin',(66.95,74.16,20.1));
#2973=CARTESIAN_POINT('',(66.95,74.16,18.6));
#2974=CARTESIAN_POINT('',(66.95,74.16,20.1));
#2975=CARTESIAN_POINT('',(59.85,74.16,18.6));
#2976=CARTESIAN_POINT('Origin',(66.95,60.16,20.1));
#2977=CARTESIAN_POINT('',(66.95,56.455,18.6));
#2978=CARTESIAN_POINT('Origin',(40.95,60.16,20.1));
#2979=CARTESIAN_POINT('',(40.95,60.16,18.6));
#2980=CARTESIAN_POINT('',(40.95,60.16,20.1));
#2981=CARTESIAN_POINT('',(26.95,60.16,18.6));
#2982=CARTESIAN_POINT('',(46.85,60.16,18.6));
#2983=CARTESIAN_POINT('',(26.95,60.16,20.1));
#2984=CARTESIAN_POINT('Origin',(40.95,74.16,20.1));
#2985=CARTESIAN_POINT('',(40.95,74.16,18.6));
#2986=CARTESIAN_POINT('',(40.95,74.16,20.1));
#2987=CARTESIAN_POINT('',(40.95,63.455,18.6));
#2988=CARTESIAN_POINT('Origin',(26.95,74.16,20.1));
#2989=CARTESIAN_POINT('',(26.95,74.16,18.6));
#2990=CARTESIAN_POINT('',(26.95,74.16,20.1));
#2991=CARTESIAN_POINT('',(39.85,74.16,18.6));
#2992=CARTESIAN_POINT('Origin',(26.95,60.16,20.1));
#2993=CARTESIAN_POINT('',(26.95,56.455,18.6));
#2994=CARTESIAN_POINT('Origin',(80.95,84.49,20.1));
#2995=CARTESIAN_POINT('',(80.95,84.49,18.6));
#2996=CARTESIAN_POINT('',(80.95,84.49,20.1));
#2997=CARTESIAN_POINT('',(66.95,84.49,18.6));
#2998=CARTESIAN_POINT('',(66.85,84.49,18.6));
#2999=CARTESIAN_POINT('',(66.95,84.49,20.1));
#3000=CARTESIAN_POINT('Origin',(80.95,98.49,20.1));
#3001=CARTESIAN_POINT('',(80.95,98.49,18.6));
#3002=CARTESIAN_POINT('',(80.95,98.49,20.1));
#3003=CARTESIAN_POINT('',(80.95,75.62,18.6));
#3004=CARTESIAN_POINT('Origin',(66.95,98.49,20.1));
#3005=CARTESIAN_POINT('',(66.95,98.49,18.6));
#3006=CARTESIAN_POINT('',(66.95,98.49,20.1));
#3007=CARTESIAN_POINT('',(59.85,98.49,18.6));
#3008=CARTESIAN_POINT('Origin',(66.95,84.49,20.1));
#3009=CARTESIAN_POINT('',(66.95,68.62,18.6));
#3010=CARTESIAN_POINT('Origin',(40.95,84.49,20.1));
#3011=CARTESIAN_POINT('',(40.95,84.49,18.6));
#3012=CARTESIAN_POINT('',(40.95,84.49,20.1));
#3013=CARTESIAN_POINT('',(26.95,84.49,18.6));
#3014=CARTESIAN_POINT('',(46.85,84.49,18.6));
#3015=CARTESIAN_POINT('',(26.95,84.49,20.1));
#3016=CARTESIAN_POINT('Origin',(40.95,98.49,20.1));
#3017=CARTESIAN_POINT('',(40.95,98.49,18.6));
#3018=CARTESIAN_POINT('',(40.95,98.49,20.1));
#3019=CARTESIAN_POINT('',(40.95,75.62,18.6));
#3020=CARTESIAN_POINT('Origin',(26.95,98.49,20.1));
#3021=CARTESIAN_POINT('',(26.95,98.49,18.6));
#3022=CARTESIAN_POINT('',(26.95,98.49,20.1));
#3023=CARTESIAN_POINT('',(39.85,98.49,18.6));
#3024=CARTESIAN_POINT('Origin',(26.95,84.49,20.1));
#3025=CARTESIAN_POINT('',(26.95,68.62,18.6));
#3026=CARTESIAN_POINT('Origin',(60.95,84.49,20.1));
#3027=CARTESIAN_POINT('',(60.95,84.49,18.6));
#3028=CARTESIAN_POINT('',(60.95,84.49,20.1));
#3029=CARTESIAN_POINT('',(46.95,84.49,18.6));
#3030=CARTESIAN_POINT('',(56.85,84.49,18.6));
#3031=CARTESIAN_POINT('',(46.95,84.49,20.1));
#3032=CARTESIAN_POINT('Origin',(60.95,98.49,20.1));
#3033=CARTESIAN_POINT('',(60.95,98.49,18.6));
#3034=CARTESIAN_POINT('',(60.95,98.49,20.1));
#3035=CARTESIAN_POINT('',(60.95,75.62,18.6));
#3036=CARTESIAN_POINT('Origin',(46.95,98.49,20.1));
#3037=CARTESIAN_POINT('',(46.95,98.49,18.6));
#3038=CARTESIAN_POINT('',(46.95,98.49,20.1));
#3039=CARTESIAN_POINT('',(49.85,98.49,18.6));
#3040=CARTESIAN_POINT('Origin',(46.95,84.49,20.1));
#3041=CARTESIAN_POINT('',(46.95,68.62,18.6));
#3042=CARTESIAN_POINT('Origin',(20.91,60.16,20.1));
#3043=CARTESIAN_POINT('',(20.91,60.16,18.6));
#3044=CARTESIAN_POINT('',(20.91,60.16,20.1));
#3045=CARTESIAN_POINT('',(6.91,60.16,18.6));
#3046=CARTESIAN_POINT('',(36.83,60.16,18.6));
#3047=CARTESIAN_POINT('',(6.91,60.16,20.1));
#3048=CARTESIAN_POINT('Origin',(20.91,74.16,20.1));
#3049=CARTESIAN_POINT('',(20.91,74.16,18.6));
#3050=CARTESIAN_POINT('',(20.91,74.16,20.1));
#3051=CARTESIAN_POINT('',(20.91,63.455,18.6));
#3052=CARTESIAN_POINT('Origin',(6.91,74.16,20.1));
#3053=CARTESIAN_POINT('',(6.91,74.16,18.6));
#3054=CARTESIAN_POINT('',(6.91,74.16,20.1));
#3055=CARTESIAN_POINT('',(29.83,74.16,18.6));
#3056=CARTESIAN_POINT('Origin',(6.91,60.16,20.1));
#3057=CARTESIAN_POINT('',(6.91,56.455,18.6));
#3058=CARTESIAN_POINT('Origin',(60.95,60.16,20.1));
#3059=CARTESIAN_POINT('',(60.95,60.16,18.6));
#3060=CARTESIAN_POINT('',(60.95,60.16,20.1));
#3061=CARTESIAN_POINT('',(46.95,60.16,18.6));
#3062=CARTESIAN_POINT('',(56.85,60.16,18.6));
#3063=CARTESIAN_POINT('',(46.95,60.16,20.1));
#3064=CARTESIAN_POINT('Origin',(60.95,74.16,20.1));
#3065=CARTESIAN_POINT('',(60.95,74.16,18.6));
#3066=CARTESIAN_POINT('',(60.95,74.16,20.1));
#3067=CARTESIAN_POINT('',(60.95,63.455,18.6));
#3068=CARTESIAN_POINT('Origin',(46.95,74.16,20.1));
#3069=CARTESIAN_POINT('',(46.95,74.16,18.6));
#3070=CARTESIAN_POINT('',(46.95,74.16,20.1));
#3071=CARTESIAN_POINT('',(49.85,74.16,18.6));
#3072=CARTESIAN_POINT('Origin',(46.95,60.16,20.1));
#3073=CARTESIAN_POINT('',(46.95,56.455,18.6));
#3074=CARTESIAN_POINT('Origin',(20.79,84.49,20.1));
#3075=CARTESIAN_POINT('',(20.79,84.49,18.6));
#3076=CARTESIAN_POINT('',(20.79,84.49,20.1));
#3077=CARTESIAN_POINT('',(6.79,84.49,18.6));
#3078=CARTESIAN_POINT('',(36.77,84.49,18.6));
#3079=CARTESIAN_POINT('',(6.79,84.49,20.1));
#3080=CARTESIAN_POINT('Origin',(20.79,98.49,20.1));
#3081=CARTESIAN_POINT('',(20.79,98.49,18.6));
#3082=CARTESIAN_POINT('',(20.79,98.49,20.1));
#3083=CARTESIAN_POINT('',(20.79,75.62,18.6));
#3084=CARTESIAN_POINT('Origin',(6.79,98.49,20.1));
#3085=CARTESIAN_POINT('',(6.79,98.49,18.6));
#3086=CARTESIAN_POINT('',(6.79,98.49,20.1));
#3087=CARTESIAN_POINT('',(29.77,98.49,18.6));
#3088=CARTESIAN_POINT('Origin',(6.79,84.49,20.1));
#3089=CARTESIAN_POINT('',(6.79,68.62,18.6));
#3090=CARTESIAN_POINT('Origin',(40.95,35.16,20.1));
#3091=CARTESIAN_POINT('',(40.95,35.16,18.6));
#3092=CARTESIAN_POINT('',(40.95,35.16,20.1));
#3093=CARTESIAN_POINT('',(26.95,35.16,18.6));
#3094=CARTESIAN_POINT('',(46.85,35.16,18.6));
#3095=CARTESIAN_POINT('',(26.95,35.16,20.1));
#3096=CARTESIAN_POINT('Origin',(40.95,49.16,20.1));
#3097=CARTESIAN_POINT('',(40.95,49.16,18.6));
#3098=CARTESIAN_POINT('',(40.95,49.16,20.1));
#3099=CARTESIAN_POINT('',(40.95,50.955,18.6));
#3100=CARTESIAN_POINT('Origin',(26.95,49.16,20.1));
#3101=CARTESIAN_POINT('',(26.95,49.16,18.6));
#3102=CARTESIAN_POINT('',(26.95,49.16,20.1));
#3103=CARTESIAN_POINT('',(39.85,49.16,18.6));
#3104=CARTESIAN_POINT('Origin',(26.95,35.16,20.1));
#3105=CARTESIAN_POINT('',(26.95,43.955,18.6));
#3106=CARTESIAN_POINT('Origin',(80.95,35.16,20.1));
#3107=CARTESIAN_POINT('',(80.95,35.16,18.6));
#3108=CARTESIAN_POINT('',(80.95,35.16,20.1));
#3109=CARTESIAN_POINT('',(66.95,35.16,18.6));
#3110=CARTESIAN_POINT('',(66.85,35.16,18.6));
#3111=CARTESIAN_POINT('',(66.95,35.16,20.1));
#3112=CARTESIAN_POINT('Origin',(80.95,49.16,20.1));
#3113=CARTESIAN_POINT('',(80.95,49.16,18.6));
#3114=CARTESIAN_POINT('',(80.95,49.16,20.1));
#3115=CARTESIAN_POINT('',(80.95,50.955,18.6));
#3116=CARTESIAN_POINT('Origin',(66.95,49.16,20.1));
#3117=CARTESIAN_POINT('',(66.95,49.16,18.6));
#3118=CARTESIAN_POINT('',(66.95,49.16,20.1));
#3119=CARTESIAN_POINT('',(59.85,49.16,18.6));
#3120=CARTESIAN_POINT('Origin',(66.95,35.16,20.1));
#3121=CARTESIAN_POINT('',(66.95,43.955,18.6));
#3122=CARTESIAN_POINT('Origin',(40.95,10.16,20.1));
#3123=CARTESIAN_POINT('',(40.95,10.16,18.6));
#3124=CARTESIAN_POINT('',(40.95,10.16,20.1));
#3125=CARTESIAN_POINT('',(26.95,10.16,18.6));
#3126=CARTESIAN_POINT('',(46.85,10.16,18.6));
#3127=CARTESIAN_POINT('',(26.95,10.16,20.1));
#3128=CARTESIAN_POINT('Origin',(40.95,24.16,20.1));
#3129=CARTESIAN_POINT('',(40.95,24.16,18.6));
#3130=CARTESIAN_POINT('',(40.95,24.16,20.1));
#3131=CARTESIAN_POINT('',(40.95,38.455,18.6));
#3132=CARTESIAN_POINT('Origin',(26.95,24.16,20.1));
#3133=CARTESIAN_POINT('',(26.95,24.16,18.6));
#3134=CARTESIAN_POINT('',(26.95,24.16,20.1));
#3135=CARTESIAN_POINT('',(39.85,24.16,18.6));
#3136=CARTESIAN_POINT('Origin',(26.95,10.16,20.1));
#3137=CARTESIAN_POINT('',(26.95,31.455,18.6));
#3138=CARTESIAN_POINT('Origin',(80.95,10.16,20.1));
#3139=CARTESIAN_POINT('',(80.95,10.16,18.6));
#3140=CARTESIAN_POINT('',(80.95,10.16,20.1));
#3141=CARTESIAN_POINT('',(66.95,10.16,18.6));
#3142=CARTESIAN_POINT('',(66.85,10.16,18.6));
#3143=CARTESIAN_POINT('',(66.95,10.16,20.1));
#3144=CARTESIAN_POINT('Origin',(80.95,24.16,20.1));
#3145=CARTESIAN_POINT('',(80.95,24.16,18.6));
#3146=CARTESIAN_POINT('',(80.95,24.16,20.1));
#3147=CARTESIAN_POINT('',(80.95,38.455,18.6));
#3148=CARTESIAN_POINT('Origin',(66.95,24.16,20.1));
#3149=CARTESIAN_POINT('',(66.95,24.16,18.6));
#3150=CARTESIAN_POINT('',(66.95,24.16,20.1));
#3151=CARTESIAN_POINT('',(59.85,24.16,18.6));
#3152=CARTESIAN_POINT('Origin',(66.95,10.16,20.1));
#3153=CARTESIAN_POINT('',(66.95,31.455,18.6));
#3154=CARTESIAN_POINT('Origin',(105.5,105.5,18.6));
#3155=CARTESIAN_POINT('',(105.5,105.5,18.6));
#3156=CARTESIAN_POINT('Origin',(0.,0.,18.6));
#3157=CARTESIAN_POINT('',(0.,0.,18.6));
#3158=CARTESIAN_POINT('Origin',(52.75,52.75,18.6));
#3159=UNCERTAINTY_MEASURE_WITH_UNIT(LENGTH_MEASURE(0.01),#3163,
'DISTANCE_ACCURACY_VALUE',
'Maximum model space distance between geometric entities at asserted c
onnectivities');
#3160=UNCERTAINTY_MEASURE_WITH_UNIT(LENGTH_MEASURE(0.01),#3163,
'DISTANCE_ACCURACY_VALUE',
'Maximum model space distance between geometric entities at asserted c
onnectivities');
#3161=(
GEOMETRIC_REPRESENTATION_CONTEXT(3)
GLOBAL_UNCERTAINTY_ASSIGNED_CONTEXT((#3159))
GLOBAL_UNIT_ASSIGNED_CONTEXT((#3163,#3165,#3166))
REPRESENTATION_CONTEXT('','3D')
);
#3162=(
GEOMETRIC_REPRESENTATION_CONTEXT(3)
GLOBAL_UNCERTAINTY_ASSIGNED_CONTEXT((#3160))
GLOBAL_UNIT_ASSIGNED_CONTEXT((#3163,#3165,#3166))
REPRESENTATION_CONTEXT('','3D')
);
#3163=(
LENGTH_UNIT()
NAMED_UNIT(*)
SI_UNIT(.MILLI.,.METRE.)
);
#3164=(
LENGTH_UNIT()
NAMED_UNIT(*)
SI_UNIT($,.METRE.)
);
#3165=(
NAMED_UNIT(*)
PLANE_ANGLE_UNIT()
SI_UNIT($,.RADIAN.)
);
#3166=(
NAMED_UNIT(*)
SI_UNIT($,.STERADIAN.)
SOLID_ANGLE_UNIT()
);
#3167=SHAPE_DEFINITION_REPRESENTATION(#3168,#3169);
#3168=PRODUCT_DEFINITION_SHAPE('',$,#3171);
#3169=SHAPE_REPRESENTATION('',(#1995),#3161);
#3170=PRODUCT_DEFINITION_CONTEXT('part definition',#3175,'design');
#3171=PRODUCT_DEFINITION('2026-09-28-19-29-13-773',
'TEMP STEP EXPORT Removable switch plate - fit check',#3172,#3170);
#3172=PRODUCT_DEFINITION_FORMATION('',$,#3177);
#3173=PRODUCT_RELATED_PRODUCT_CATEGORY(
'TEMP STEP EXPORT Removable switch plate - fit check',
'TEMP STEP EXPORT Removable switch plate - fit check',(#3177));
#3174=APPLICATION_PROTOCOL_DEFINITION('international standard',
'automotive_design',2009,#3175);
#3175=APPLICATION_CONTEXT(
'Core Data for Automotive Mechanical Design Process');
#3176=PRODUCT_CONTEXT('part definition',#3175,'mechanical');
#3177=PRODUCT('2026-09-28-19-29-13-773',
'TEMP STEP EXPORT Removable switch plate - fit check',$,(#3176));
#3178=PRESENTATION_STYLE_ASSIGNMENT((#3179));
#3179=SURFACE_STYLE_USAGE(.BOTH.,#3180);
#3180=SURFACE_SIDE_STYLE('',(#3181));
#3181=SURFACE_STYLE_FILL_AREA(#3182);
#3182=FILL_AREA_STYLE('Steel - Satin',(#3183));
#3183=FILL_AREA_STYLE_COLOUR('Steel - Satin',#3184);
#3184=COLOUR_RGB('Steel - Satin',0.627450980392157,0.627450980392157,0.627450980392157);
ENDSEC;
END-ISO-10303-21;
